n,form,grid,setup_sec,per_candidate_ms,scan_sec,scan_measured
600,primal-D8,481,0.033,0.987,0.14,True
600,primal-D16,481,0.5255,3.133,2.03,True
600,dual-m256,481,0.0253,7.443,3.95,True
600,dual-full,481,0.0242,20.842,10.78,True
1200,primal-D8,1081,0.0801,0.227,0.32,True
1200,primal-D16,1081,1.0632,3.12,4.43,True
1200,dual-m256,1081,0.0816,10.77,10.44,True
1200,dual-full,1081,0.0811,215.64,233.19,False
2400,primal-D8,2281,0.1962,0.222,0.7,True
2400,primal-D16,2281,2.1184,3.048,9.06,True
2400,dual-m256,2281,0.197,10.888,23.85,True
2400,dual-full,2281,0.1961,1669.937,3809.32,False
4800,primal-D8,4681,0.4231,0.224,1.46,True
4800,primal-D16,4681,4.0365,3.048,18.24,True
4800,dual-m256,4681,0.4279,10.766,49.46,True
4800,dual-full,4681,0.4303,16772.054,78510.42,False
9600,primal-D8,9481,0.8485,0.224,2.95,True
9600,primal-D16,9481,8.3981,3.082,37.48,True
9600,dual-m256,9481,0.854,10.876,103.97,False
19200,primal-D8,19081,1.6767,0.223,5.91,True
19200,primal-D16,19081,16.5888,3.128,75.98,True
19200,dual-m256,19081,1.685,10.989,211.36,False
