stn,station,pair,date,p_block,passed,window_hours,clipped,n_blocks,logvar_harm_amp,var_season_ratio,mean_lb_p_min,logvar_lb_p_min,rho_left,rho_right,rho_shift
105,Gangneung,ta-ws,20180716,0.2,False,13464,True,13,0.6983,3.965,0.253,0.0264,0.1864,0.0748,0.1117
105,Gangneung,hm-ws,20190603,0.52,False,17520,False,17,0.2896,1.828,0.002,0.1292,-0.4813,-0.4291,0.0521
108,Seoul,ta-hm,20200420,0.1,False,17520,False,17,0.713,3.808,0.4198,0.0444,-0.0265,0.0369,0.0634
108,Seoul,ta-ws,20190909,0.2,False,17520,False,17,0.5684,2.783,0.0008,0.2452,-0.0979,-0.1474,0.0495
108,Seoul,hm-ws,20200406,0.48,False,17520,False,17,0.3397,1.678,0.0018,0.3536,-0.0368,-0.0535,0.0167
112,Incheon,ta-hm,20230515,0.36,False,17520,False,17,0.946,5.19,0.1186,0.029,0.037,0.025,0.012
112,Incheon,ta-ws,20221115,0.03,True,17520,False,17,0.8214,4.208,0.02,0.0462,-0.1605,-0.0926,0.0678
112,Incheon,hm-ws,20220613,0.67,False,17520,False,17,0.337,2.36,0.0668,0.1546,-0.134,-0.0536,0.0805
119,Suwon,hm-ws,20190826,0.02,True,17520,False,17,0.2877,1.821,0.001,0.3656,-0.2674,-0.1483,0.1191
119,Suwon,hm-ws,20200921,0.28,False,17520,False,17,0.3893,2.235,0.3692,0.3354,-0.1567,-0.2355,0.0788
133,Daejeon,ta-ws,20211213,0.47,False,17520,False,17,0.6431,3.296,0.0056,0.1392,-0.0248,-0.0289,0.0041
133,Daejeon,hm-ws,20211227,0.93,False,17520,False,17,0.4471,2.233,0.0016,0.1656,-0.1773,-0.1239,0.0534
143,Daegu,ta-hm,20190715,0.23,False,17520,False,17,0.4154,2.296,0.007,0.3794,-0.2164,-0.0488,0.1676
143,Daegu,hm-ws,20190603,0.46,False,17520,False,17,0.4033,2.118,0.0128,0.0618,-0.1794,-0.2547,0.0753
146,Jeonju,ta-hm,20191021,0.01,True,17520,False,17,0.5437,2.279,0.5584,0.0776,-0.0725,-0.0638,0.0087
146,Jeonju,ta-ws,20250609,0.97,False,13704,True,13,0.6657,3.768,0.023,0.2006,-0.0702,-0.0159,0.0543
146,Jeonju,hm-ws,20191021,0.11,False,17520,False,17,0.5437,2.278,0.3624,0.0776,-0.0241,-0.0474,0.0233
156,Gwangju,ta-ws,20210111,0.12,False,17520,False,17,0.6525,3.053,0.0534,0.0372,-0.0516,-0.0121,0.0395
156,Gwangju,hm-ws,20230515,0.91,False,17520,False,17,0.65,3.023,0.0056,0.054,-0.0377,0.0246,0.0623
156,Gwangju,hm-ws,20240514,0.37,False,17520,False,17,0.5418,2.497,0.0082,0.1008,0.0246,-0.0477,0.0723
165,Mokpo,ta-hm,20180522,0.07,False,12144,True,12,0.7253,3.879,0.0458,0.2288,-0.0178,-0.0203,0.0025
165,Mokpo,ta-hm,20231017,0.5,False,17520,False,17,1.0844,6.261,0.1758,0.0102,-0.0778,0.0099,0.0877
165,Mokpo,hm-ws,20180521,0.93,False,12120,True,12,0.647,3.547,0.0458,0.1058,-0.0621,-0.109,0.0469
165,Mokpo,hm-ws,20230404,0.62,False,17520,False,17,0.6568,2.679,0.0626,0.0282,-0.0387,-0.048,0.0093
184,Jeju,ta-hm,20230612,0.03,True,17520,False,17,0.7435,3.735,0.1082,0.0106,0.0011,0.0543,0.0532
184,Jeju,ta-ws,20210111,0.02,True,17520,False,17,0.5815,2.605,0.2764,0.0896,-0.1242,-0.091,0.0332
184,Jeju,hm-ws,20230612,0.65,False,17520,False,17,0.5411,2.349,0.1082,0.0202,-0.0382,-0.0809,0.0427
