scen,level,method,bandwidth_key,mode,null_level,power,detect_rate
D4,0.85,HSIC-fullgram,0.25,g,0.85,0.0,0.314
D4,0.85,HSIC-fullgram,0.25,gs,0.85,0.636,0.97
D4,0.85,HSIC-fullgram,0.5,g,0.85,0.0,0.3
D4,0.85,HSIC-fullgram,0.5,gs,0.85,0.542,0.956
D4,0.85,HSIC-fullgram,1.0,g,0.85,0.0,0.106
D4,0.85,HSIC-fullgram,1.0,gs,0.85,0.256,0.672
D4,0.85,HSIC-fullgram,2.0,g,0.85,0.0,0.03
D4,0.85,HSIC-fullgram,2.0,gs,0.85,0.004,0.034
D4,0.85,HSIC-fullgram,4.0,g,0.85,0.0,0.026
D4,0.85,HSIC-fullgram,4.0,gs,0.85,0.002,0.028
