ai,stn,station,pair,n_cand_obs,T_max_obs,perm_fire_rate,p_analysis,holm,by
0,105,Gangneung,ta-hm,0,,0.0,1.0,1.0,1.0
1,105,Gangneung,ta-ws,1,2.819688,0.035175879396984924,0.01,0.28,0.12523677590383916
2,105,Gangneung,hm-ws,1,1.768863,0.005025125628140704,0.01,0.28,0.12523677590383916
3,108,Seoul,ta-hm,1,3.088212,0.0,0.005,0.18,0.09392758192787937
4,108,Seoul,ta-ws,1,3.524927,0.10050251256281408,0.01,0.28,0.12523677590383916
5,108,Seoul,hm-ws,1,3.088393,0.07537688442211055,0.025,0.5,0.20872795983973194
6,112,Incheon,ta-hm,1,2.304208,0.0,0.005,0.18,0.09392758192787937
7,112,Incheon,ta-ws,1,3.63845,0.005025125628140704,0.005,0.18,0.09392758192787937
8,112,Incheon,hm-ws,1,1.453308,0.020100502512562814,0.02,0.42,0.18785516385575873
9,119,Suwon,ta-hm,0,,0.0,1.0,1.0,1.0
10,119,Suwon,ta-ws,0,,0.005025125628140704,1.0,1.0,1.0
11,119,Suwon,hm-ws,2,5.387776,0.02512562814070352,0.005,0.18,0.09392758192787937
12,129,Seosan,ta-hm,0,,0.0,1.0,1.0,1.0
13,129,Seosan,ta-ws,0,,0.0,1.0,1.0,1.0
14,129,Seosan,hm-ws,0,,0.005025125628140704,1.0,1.0,1.0
15,133,Daejeon,ta-hm,0,,0.0,1.0,1.0,1.0
16,133,Daejeon,ta-ws,1,2.456391,0.01507537688442211,0.005,0.18,0.09392758192787937
17,133,Daejeon,hm-ws,1,0.699061,0.05025125628140704,0.05,0.8,0.35781935972525475
18,143,Daegu,ta-hm,1,3.303285,0.135678391959799,0.035,0.5950000000000001,0.2629972293980623
19,143,Daegu,ta-ws,0,,0.010050251256281407,1.0,1.0,1.0
20,143,Daegu,hm-ws,1,1.556232,0.010050251256281407,0.015,0.36,0.150284131084607
21,146,Jeonju,ta-hm,1,4.980998,0.02512562814070352,0.01,0.28,0.12523677590383916
22,146,Jeonju,ta-ws,1,0.340619,0.07035175879396985,0.075,1.0,0.4900569491889358
23,146,Jeonju,hm-ws,1,4.101327,0.06030150753768844,0.015,0.36,0.150284131084607
24,156,Gwangju,ta-hm,0,,0.005025125628140704,1.0,1.0,1.0
25,156,Gwangju,ta-ws,1,3.643108,0.06030150753768844,0.025,0.5,0.20872795983973194
26,156,Gwangju,hm-ws,2,1.812473,0.04522613065326633,0.03,0.54,0.23729073329148476
27,159,Busan,ta-hm,0,,0.0,1.0,1.0,1.0
28,159,Busan,ta-ws,0,,0.005025125628140704,1.0,1.0,1.0
29,159,Busan,hm-ws,0,,0.010050251256281407,1.0,1.0,1.0
30,165,Mokpo,ta-hm,2,2.879598,0.01507537688442211,0.005,0.18,0.09392758192787937
31,165,Mokpo,ta-ws,0,,0.005025125628140704,1.0,1.0,1.0
32,165,Mokpo,hm-ws,2,1.29293,0.07537688442211055,0.055,0.825,0.37571032771151747
33,184,Jeju,ta-hm,1,3.985256,0.010050251256281407,0.005,0.18,0.09392758192787937
34,184,Jeju,ta-ws,1,2.765739,0.005025125628140704,0.005,0.18,0.09392758192787937
35,184,Jeju,hm-ws,1,1.865698,0.02512562814070352,0.015,0.36,0.150284131084607
