stn,pair,interval,date,T
105,ta-ws,14,20180716,2.424549 3.284040 0.982451 1.932580 0.926668 3.194045 2.159670 2.740841 2.308760 1.985340 0.433045 0.064757 1.932580 2.011324 0.182998 1.075556 0.497996 1.075556 3.031512 -0.205427 2.719751 1.875297 2.651937 0.931794 0.542703 3.208382 2.337440 1.967416 1.133213 0.227219 3.898142 1.135072 2.361217 1.122358 0.346480 1.918697 1.208715 1.592350 1.123964 1.297785 1.432426 1.323220 0.921414 2.083002 1.592350 1.075556 1.175453 3.766192 2.334754 0.585907 1.933552 1.906942 1.252322 2.310347 1.153994 1.834959 1.548943 2.159670 0.760521 1.209740 0.286549 1.906942 4.123504 0.931794 2.100820 4.131664 3.177020 0.814228 0.768896 2.534994 1.229952 0.568503 1.548943 1.932580 2.460212 0.490970 2.136626 2.335649 2.842366 2.350702 1.548943 2.159670 1.035483 1.958563 2.083002 0.931794 1.370690 2.454407 2.054117 3.760163 0.176745 0.221295 2.055749 1.947978 1.595538 0.857977 2.903040 1.560234 2.095817 2.712759
105,hm-ws,37,20190603,1.848971 2.613216 2.426458 2.201190 2.649955 2.558674 1.640562 0.556620 1.475348 1.196793 2.714247 1.414026 2.508366 2.058196 1.136859 2.649955 2.920419 2.091339 1.523646 2.759125 1.845658 0.994856 1.695778 1.641696 0.936271 3.128124 1.235208 0.530590 1.760358 0.878125 1.161915 0.789875 1.871723 1.920750 1.900131 3.516475 1.490902 0.684461 1.848971 1.541323 0.732213 1.826140 2.730719 1.541323 2.736987 1.030224 2.700911 2.439320 3.158509 1.288068 1.700744 2.729797 1.303197 2.565217 2.301741 3.360058 1.494404 2.578115 1.668757 0.569384 2.827882 2.226022 1.575328 2.272270 2.283088 0.347677 1.182018 1.438835 2.346246 1.792240 1.012293 2.407717 2.550364 1.024372 2.649955 2.128222 0.792750 1.848971 1.826140 1.900131 1.848971 0.850470 1.848971 2.097755 1.848971 0.842680 1.138205 1.231970 0.608419 2.105560 2.691525 2.381893 1.153826 2.478647 3.296983 2.781810 3.368374 1.631742 1.479163 2.587605
108,ta-hm,60,20200420,3.624644 4.303810 0.304684 1.811286 3.801250 1.155444 1.073010 2.143926 0.715587 1.903364 2.157452 3.987425 1.242857 0.115225 2.039323 3.365475 1.845474 2.039323 3.275965 2.108873 3.240260 3.395709 2.849109 2.590316 4.828490 1.060569 0.824383 0.944995 1.669996 -0.060272 2.294692 0.844227 1.732985 0.882562 1.704542 4.785966 1.111827 1.420512 0.596385 3.177965 0.078346 1.123770 2.773142 1.719786 1.156285 1.670192 0.869987 2.480967 2.049174 3.822779 1.111827 1.891937 1.366006 0.330553 2.818704 4.570112 2.841427 1.710507 0.869987 1.762949 1.774557 2.446000 1.115246 2.946487 2.681434 0.007001 1.500606 2.157452 0.842707 5.480925 2.563609 1.546659 2.298149 2.404453 1.242113 1.506379 0.956761 1.617537 1.114928 0.918994 1.536153 2.852369 0.944995 4.074312 3.387145 0.573376 2.867178 0.442695 2.480967 2.419359 2.207106 0.895989 3.244721 0.617540 0.895989 0.346443 0.024173 0.869987 0.686442 2.480967
108,ta-ws,44,20190909,2.759623 1.870191 1.903894 2.167097 3.491696 2.626795 1.195460 1.625337 1.258618 2.198530 2.090283 3.338956 1.625337 1.892230 1.608392 2.687080 3.725788 1.834350 1.453050 1.615798 1.803347 1.728425 2.742275 3.808513 3.185320 0.514598 0.664722 2.535625 0.564485 0.697194 1.253902 0.135496 2.343933 3.800072 3.378449 0.287192 2.513574 2.090283 2.418243 4.011593 1.731112 1.570595 3.177803 3.006038 3.139723 2.818104 0.844064 0.985287 1.153145 0.976123 1.927783 1.625337 0.842985 0.821983 2.112451 2.765854 0.027372 1.253902 1.929861 1.878579 0.837699 3.688858 2.500865 2.994384 1.516223 3.745899 1.802278 1.236274 0.494900 1.934247 1.660417 2.468963 1.692881 1.234142 2.583747 1.234142 2.922208 0.536940 1.354172 0.920831 2.693307 1.192669 1.453050 2.246717 2.535625 1.408681 1.625337 2.466647 1.625337 0.927904 2.684817 2.122526 1.197493 4.648812 1.930713 2.090283 0.575058 2.882613 1.454338 1.253902
108,hm-ws,59,20200406,1.904576 0.622861 0.702428 3.289545 1.371844 0.428529 1.083210 1.795872 2.017017 0.870998 0.949504 1.910083 0.953810 0.933162 2.837443 1.788308 3.292801 3.019541 1.999790 1.477561 3.041348 1.724206 1.438582 3.578914 2.626722 1.898535 1.242865 0.702428 1.678457 2.382943 1.747417 2.202806 1.714640 3.500506 3.772434 1.914041 1.411628 2.927117 2.718979 2.095269 1.167026 0.699756 0.778588 2.767713 3.495857 0.907761 0.337440 0.883884 1.054134 1.972392 1.495185 1.187018 0.711776 2.625162 1.137398 0.594613 1.466588 2.905717 3.772434 3.055030 3.176189 0.567152 0.565482 3.772434 0.628007 1.111722 2.099351 2.927117 0.680022 1.849255 1.405284 1.096955 2.202806 0.369600 2.435659 2.730667 2.309032 1.844480 1.909114 2.017323 1.907305 2.723764 3.480531 3.456038 2.376426 0.487740 3.453609 1.136268 1.905926 1.004015 1.438582 3.772434 3.759121 1.004249 0.948293 2.826229 2.309909 0.933162 1.014201 3.997986
112,ta-hm,140,20230515,2.261316 0.741165 2.656085 1.486226 1.056986 2.819855 4.212774 1.243455 2.152051 3.420593 1.564344 2.731588 1.748616 1.539004 -0.047920 2.383800 0.599955 1.317248 0.576631 3.599636 1.611664 3.420593 0.909691 2.406784 1.380830 1.562907 1.380830 3.420593 1.299697 2.970049 1.759976 2.566355 0.766525 3.160935 1.987254 2.015483 2.277240 2.335044 2.022746 2.150054 1.025784 3.160935 1.706068 2.510917 2.765005 1.668138 1.353560 1.136181 2.258976 0.601388 5.377736 0.766525 2.277240 2.837067 3.388127 1.918046 1.571139 0.351158 2.356754 3.710538 1.971381 1.819385 1.764524 1.723524 0.289235 1.267877 2.270916 1.709725 1.923267 2.639361 2.247850 1.267432 1.380830 3.568023 1.980362 1.577875 4.189554 2.489516 1.539004 0.973232 0.480474 1.713326 1.563947 0.698998 1.536067 3.106512 0.441898 1.255210 3.161668 2.165051 0.732295 2.266889 1.713326 0.509250 3.244865 2.874700 1.667529 0.461508 5.636997 1.731676
112,ta-ws,127,20221115,3.866019 1.319812 3.156910 0.865332 2.840966 2.070782 2.588199 2.493957 0.441797 2.673017 3.252784 0.606835 0.926677 1.564815 0.365111 2.545849 2.598075 0.001309 1.025051 2.988335 1.485082 1.173006 1.306157 1.778408 1.422313 3.176892 1.599812 0.716847 2.509169 2.545302 0.243865 2.109421 1.730214 3.062964 0.961659 1.328820 1.088367 3.886608 2.744640 1.037363 1.456999 0.838403 2.007839 2.710345 -0.128176 0.473101 1.842673 1.909237 0.454479 2.673017 1.778408 2.739621 2.099240 1.017585 3.411596 2.823925 1.578872 2.879229 1.995417 2.413174 0.681255 0.465871 0.813532 1.778408 4.192619 3.798759 1.395223 2.903834 1.461108 1.485082 2.810436 1.485082 0.390140 3.276223 2.493957 1.074078 2.493957 2.518864 0.728821 0.797420 1.485082 1.006442 0.728117 1.058818 0.867422 -0.152868 1.410772 1.290206 1.518501 1.422313 3.002305 1.851301 3.067209 1.809856 0.715366 1.933583 2.499755 0.622227 0.711708 1.098331
112,hm-ws,116,20220613,1.337083 0.832727 0.349361 3.090782 0.714949 3.012377 1.953288 2.188088 2.103045 1.704614 2.286002 1.223541 2.127325 1.296916 0.852972 1.383438 1.717792 1.155001 2.586799 1.365663 1.229345 1.027961 0.539132 2.952384 3.144166 2.170395 2.188088 1.674194 0.483448 1.877734 1.787413 2.658941 1.304965 5.021773 1.991075 3.231092 1.547695 0.535938 1.107909 1.877734 1.770856 1.686990 2.810709 1.265030 1.736540 2.586799 3.275176 2.439512 1.877734 0.611230 1.027961 3.064552 1.265578 0.767223 1.436344 0.820171 1.891243 1.553052 0.237638 1.229345 1.155001 0.840207 3.005160 3.417607 3.489372 2.309757 1.252047 2.259739 3.723780 3.158915 2.197085 3.185996 1.391172 0.568644 1.476766 1.944064 0.451467 3.076584 2.188088 1.550336 1.997060 0.942181 0.653670 1.919867 1.972893 2.564142 3.787485 2.946024 2.433496 0.878461 2.586799 1.314413 1.858840 2.972720 3.526132 0.607481 2.264111 1.338150 2.936717 1.240710
119,hm-ws,43,20190826,4.601244 3.475761 3.121979 2.788116 1.692035 1.360272 3.497389 -0.105836 2.142686 1.360272 0.903875 2.620003 1.029981 1.226231 1.360272 2.997408 0.916906 1.590214 0.211993 1.648627 1.349040 1.997300 1.178237 1.485192 2.243168 0.690319 0.379340 0.022848 2.027356 0.995717 1.440697 2.861380 3.241878 2.384131 1.497869 1.360272 1.244505 0.481362 0.911803 2.231926 1.574756 0.903875 0.923889 2.926128 2.231926 2.763073 2.075140 1.409539 5.187658 1.349040 3.086257 2.998980 2.844589 0.915533 0.038373 1.263862 1.360272 1.519157 3.163715 0.424999 1.360272 0.903875 1.665881 0.909863 2.157900 1.349040 0.663209 2.231926 1.228017 2.107187 2.680387 1.360272 0.410561 2.231926 1.861937 2.840676 1.798827 1.499555 2.038898 0.596515 2.375574 0.434197 2.848197 1.175170 3.698107 1.062975 2.355077 1.589147 2.703896 2.231926 2.303280 2.008774 1.889291 3.008277 2.408003 1.648627 2.081466 2.027356 2.509436 2.117261
119,hm-ws,71,20200921,2.278899 1.792439 1.298067 2.110031 2.593817 2.223055 0.734940 1.935214 1.418578 0.560997 1.528118 2.887342 3.329048 0.286605 0.909121 0.845188 1.918547 0.833960 2.595522 3.169470 0.867725 2.320676 2.110031 0.984630 1.007303 3.481994 3.220810 2.320431 1.095253 3.441347 1.503130 2.112069 1.563947 1.783422 2.112069 4.070278 3.361352 1.583048 2.175792 0.269025 1.843287 0.847875 3.009901 1.779868 1.319989 1.182643 2.002540 1.135464 2.219243 1.955831 0.902261 1.600306 0.928822 1.992032 1.563947 2.520383 1.385941 2.126070 1.652488 1.726416 2.053955 2.610195 1.298067 3.287008 2.593817 1.279246 1.935214 1.298067 2.775106 0.743308 3.805941 1.431003 1.397982 1.237199 2.100862 0.930417 2.110031 1.141912 1.734993 1.298067 1.527293 1.780171 1.655499 2.150202 2.368371 0.522188 1.761963 3.183412 2.208603 0.728882 1.429870 2.411305 2.716062 1.298067 3.148548 1.234535 3.334031 1.935214 3.158356 2.390730
133,ta-ws,103,20211213,2.157667 0.572174 2.031681 3.459048 0.456266 2.405497 2.904246 0.947244 2.156242 3.998319 2.311530 0.724099 2.859918 1.455202 1.000228 3.261570 1.483724 0.896566 2.929931 2.353024 2.406212 3.817786 2.506812 1.298697 2.589771 2.873904 1.117254 3.135251 1.653526 3.128653 1.038307 1.135172 1.832562 0.555391 2.616667 2.624046 2.754829 2.236539 2.207667 2.666395 2.616667 2.506812 2.929931 0.871082 3.654898 2.076664 2.070299 1.749193 0.707253 1.700915 2.224325 0.658591 1.407200 0.485490 1.651980 2.506812 1.358043 3.493289 4.224389 1.241278 1.483724 1.382021 2.311530 1.051405 2.929931 0.155474 1.494863 1.952650 1.309692 2.621397 1.832813 3.243399 0.572689 1.985638 1.773206 2.006249 1.309692 3.696391 1.160946 2.929931 2.204888 2.506812 1.298697 2.297848 3.084074 0.805785 1.172177 1.013517 1.756950 1.388773 2.177450 3.971868 2.408457 2.589771 2.803378 0.572174 2.013287 1.298697 2.329441 1.259716
133,hm-ws,104,20211227,0.743861 0.807415 2.643434 4.151782 3.458821 1.048229 0.927775 1.092987 1.958831 1.788803 2.958356 0.695392 0.691700 0.873155 2.671843 2.240601 1.333588 1.218561 1.073322 1.477404 0.956829 1.456304 0.873155 0.843582 1.415454 3.534984 1.222906 1.918914 3.104584 2.515149 1.372718 1.222103 0.889243 1.932740 2.057318 1.929581 1.141476 1.795599 2.360308 0.773169 3.442507 1.655197 0.820821 3.017571 1.815847 1.063155 2.290422 0.486019 1.903941 0.873102 2.241735 2.069162 1.640022 2.981142 0.701389 0.691700 1.795599 1.363189 2.224116 3.483943 2.234783 2.350762 3.289288 2.515149 1.932740 1.215128 2.138605 1.957073 0.274120 1.223044 0.933514 1.801085 1.795599 0.805215 1.697961 0.796216 2.817172 0.933803 2.711364 1.082295 0.873155 3.564030 2.515149 0.787665 0.486019 1.749854 1.038105 1.283702 1.595161 3.253259 1.415454 2.956973 2.803070 2.023791 4.402494 3.959443 1.795599 2.638638 0.999929 2.001968
143,ta-hm,40,20190715,2.993996 5.188844 3.121455 3.125869 0.390576 1.264919 2.534739 1.506667 4.370381 1.238304 0.178135 3.469892 2.422959 0.102427 2.561709 1.896209 1.239401 1.852987 1.999061 3.677510 1.627193 1.318505 3.897457 2.330686 2.646863 1.201541 2.057297 1.748879 4.207714 0.971734 2.409451 1.128866 1.496780 0.061575 3.224865 3.236870 1.267956 0.931485 1.215520 0.304323 2.304409 1.698073 0.978986 0.502751 1.835995 1.303176 0.727144 3.236870 2.646863 0.250988 2.084220 2.240280 3.231390 1.852987 2.106223 1.525395 1.330797 0.340775 0.526161 4.785988 2.189012 0.895319 3.389664 3.612527 1.387924 2.054723 1.469668 4.597333 1.413820 1.934954 5.366232 4.047190 1.264919 2.103171 1.992864 1.565140 2.120234 0.976348 2.013062 1.759591 0.024496 1.778114 0.989498 2.775672 0.405132 4.503062 2.942518 2.295532 0.796433 1.591064 0.680389 2.318623 2.218867 0.484856 4.083369 3.338518 1.852987 3.734563 1.582984 1.591064
143,hm-ws,37,20190603,1.601295 3.746670 2.700553 2.383090 2.090674 1.016016 1.713662 1.253376 2.092173 1.550127 0.645921 3.686301 0.729923 3.904429 1.368434 3.035534 3.295517 2.144160 2.265797 0.919753 1.269637 1.935473 1.519804 1.353788 0.581215 3.017659 1.156318 1.425948 3.410327 0.679447 1.103765 1.158428 2.291923 0.749712 2.108472 1.025925 3.295517 2.956340 2.709998 3.161484 1.293523 1.768010 1.643241 2.164118 3.295517 2.903324 2.433661 0.724845 0.060516 0.327058 3.295517 -0.097188 0.757589 1.750301 0.827780 0.241670 1.060920 3.048513 1.380627 0.914819 1.884808 3.295517 3.295517 0.812627 3.017659 1.154904 0.914819 1.301784 1.052976 2.330907 1.260038 4.274133 1.595318 3.017659 4.146694 1.028216 1.015266 1.367166 1.438071 4.496693 0.806910 2.696676 2.375206 1.236711 1.176993 4.495192 1.329674 1.368434 0.643479 4.104180 0.799308 1.459909 1.086050 1.003299 2.292151 2.155846 1.003299 1.484230 0.914819 1.267843
146,ta-hm,47,20191021,5.320365 -0.029890 3.877648 1.118480 2.405137 1.520995 1.513813 1.748006 1.807547 2.769839 1.854398 1.093331 3.877648 0.843710 0.827455 2.322815 1.683286 4.726646 2.607870 2.660909 1.231831 1.223048 4.600569 0.887026 4.405873 0.743781 1.966672 1.860786 2.258410 1.854398 1.592151 0.620285 1.845995 1.851795 3.941029 3.493118 2.455328 1.292058 3.493118 0.843710 1.920064 3.596893 2.398297 0.308508 0.559491 2.550254 5.239226 2.373961 1.514719 0.723289 3.829427 1.854398 0.452972 1.533025 3.142816 0.023981 4.537779 0.632559 1.334132 2.824510 2.931235 2.104522 0.405500 0.733027 2.414037 0.482395 2.397126 0.959501 2.122816 1.902989 3.828830 3.493118 0.520135 4.065988 0.650286 3.857919 3.044285 3.505576 1.854398 2.125346 1.178682 3.063721 1.104395 2.284586 1.985446 2.791378 0.804539 1.444302 0.390592 2.768038 1.066446 2.075568 0.630077 0.763321 0.207695 0.768490 1.801340 2.060140 1.365228 1.890027
146,ta-ws,194,20250609,0.403346 1.913537 0.996503 0.686939 1.919948 1.490687 1.284546 1.242043 1.113821 1.867190 0.896202 3.415477 0.476476 0.735667 1.473519 3.198386 1.337686 2.063189 3.680558 3.415477 1.257481 1.700467 0.896202 0.549789 3.830013 1.012239 0.413763 2.346838 2.788275 1.686557 1.297252 3.341857 3.541740 1.548502 2.532225 0.686095 1.077297 1.088883 1.181166 3.173027 3.133789 0.849310 2.128917 1.408667 4.285298 1.043717 0.177064 0.827982 0.750051 3.415477 1.518497 0.163379 4.066472 1.467099 1.562949 1.033161 0.943241 1.342984 0.485461 1.874194 2.183437 2.447963 0.825114 3.830013 1.182184 2.447963 0.786674 3.117553 1.686557 1.916776 1.696256 -0.009958 0.481756 0.526193 0.791334 1.548502 2.402038 2.594129 2.128917 1.035255 2.977306 1.600968 1.548502 2.486870 3.106446 4.122237 1.864957 2.416725 3.389929 1.883702 3.194451 1.686557 1.530034 0.735241 3.415477 0.494809 2.181074 1.299019 3.068397 3.120699
146,hm-ws,47,20191021,3.654835 1.339133 2.548872 1.125933 0.621533 1.772644 1.695643 1.578562 1.407865 4.581871 4.554053 0.445187 2.962503 0.817735 0.746523 0.858056 2.379124 2.634082 0.633027 0.977939 3.815535 4.582007 2.548872 2.233935 2.548872 1.424191 3.372897 3.332941 1.125933 2.447922 1.295402 1.642080 0.633027 3.891046 2.826793 4.126292 2.170776 0.485688 2.878877 1.310191 1.405325 3.150228 2.179770 0.426969 1.194009 2.298506 2.971998 2.432198 1.107067 3.270122 2.505542 1.559905 1.610136 0.857981 1.676214 0.877458 1.322358 1.715952 2.536197 2.400090 0.881923 2.666577 1.610136 1.011021 2.798104 0.287000 0.529229 1.610136 1.838961 3.457395 1.607794 2.634082 0.648585 2.233935 0.518333 5.360498 0.560093 2.165567 1.172697 0.194606 1.703419 1.407233 1.948508 0.624261 4.060156 3.680995 2.233935 1.727069 4.223493 1.656230 2.233935 2.233935 0.952166 1.349605 2.384293 0.686089 2.997088 0.832217 1.580022 2.129609
156,ta-ws,79,20210111,3.606423 3.498083 0.236321 3.606423 0.009217 3.704310 1.434189 0.498464 3.042356 1.009108 2.836749 0.518536 1.951866 1.722397 1.685114 1.928803 0.732938 2.192022 2.712105 1.297956 3.908899 4.512175 4.587444 0.750361 0.690656 1.647232 0.425816 0.867734 0.127607 3.945819 1.482485 0.832257 2.287351 2.265456 1.771130 0.726892 1.404096 2.277963 0.109866 0.517934 3.379775 -0.282909 3.088629 0.646507 2.421493 0.694591 1.750347 1.571394 1.320361 0.780247 1.177682 2.028203 1.188835 2.691860 0.673634 0.488487 2.833200 3.133706 1.887943 3.004729 3.606423 3.037992 2.978198 3.577613 1.583253 0.173084 3.143214 4.475205 1.750347 3.085217 2.552436 3.873594 2.518440 -0.176614 1.750347 3.068383 1.750347 2.220867 0.206678 1.905079 2.512977 2.610007 3.581525 1.168693 0.807423 0.739512 1.221142 0.271721 1.811203 2.193554 3.606423 1.261802 1.905916 2.833200 0.658015 2.743724 0.714397 3.252056 5.276657 1.237290
156,hm-ws,140,20230515,0.765363 2.282048 0.681455 2.139452 2.514309 2.435736 3.528581 0.676850 2.487367 4.216207 2.290064 2.187038 1.132370 1.250978 1.747086 2.655089 2.718458 0.730701 1.615544 2.059197 1.739559 2.199808 2.514309 1.057531 3.488315 0.467800 0.775206 4.691103 1.747086 2.270656 0.825274 1.543020 2.562592 1.553589 1.240856 1.740913 2.487229 0.585507 2.442321 0.801982 0.949024 2.128992 2.116327 1.866139 2.531312 1.242330 4.143210 2.899362 3.722820 3.153205 3.797559 2.562592 2.295447 2.612985 0.900759 1.532088 3.878737 1.890966 1.837724 0.737813 -0.054710 3.306903 1.012508 1.905184 1.472297 3.408761 0.702528 2.960925 1.525752 2.608277 3.632646 1.280684 0.970774 0.901060 2.612985 1.773989 3.359210 2.612985 1.672800 2.834167 1.472297 0.656532 3.089468 1.472297 2.514309 1.973582 2.820946 1.472297 1.837724 2.712000 1.908857 3.050003 1.614767 1.693915 1.202713 1.553589 1.472297 1.853365 1.553589 1.088736
156,hm-ws,166,20240514,2.272425 1.402281 2.924494 0.978460 4.184901 1.318664 3.560070 1.061615 1.928910 2.333823 3.895577 1.385388 2.376816 1.260453 1.284480 1.106919 4.008819 1.061615 2.483967 3.275755 2.783423 0.364140 1.442531 4.411852 2.683673 1.286291 1.061615 0.794017 3.545243 1.928910 1.626542 0.639008 0.798566 1.114126 4.019580 1.768848 1.178141 1.321737 1.338408 0.972783 2.378654 0.998998 0.639008 3.945618 0.528329 1.061615 2.129272 1.707323 2.114868 2.483967 0.029319 2.754132 1.928910 2.802476 2.192946 0.602510 2.829975 1.846439 1.615021 1.513072 2.752640 1.592958 2.830003 1.806277 0.541045 2.306872 0.955237 3.114713 1.948506 2.483967 4.771097 2.937419 3.477191 0.136717 2.958151 1.412820 1.151499 1.989923 2.590770 1.225997 0.666972 0.923346 1.131143 3.807550 0.476595 2.839002 2.483967 0.658467 0.641701 3.016404 0.877557 1.726575 0.551229 1.290183 0.711814 1.061615 5.177149 1.728714 1.248480 3.105308
165,ta-hm,10,20180522,3.868226 0.169267 2.793662 1.903576 2.167009 1.335851 1.997588 0.840925 1.576135 0.702989 3.003127 1.694857 0.486346 1.451041 2.671832 1.870827 0.220207 2.312200 2.057698 1.903576 0.080312 -0.186242 1.736234 4.056291 1.159816 0.462242 1.480129 2.793662 0.375475 2.518686 -0.134068 1.903576 0.476044 2.057698 4.056960 0.308451 3.608607 5.289221 1.335851 2.884501 2.793662 0.872241 2.306280 1.931931 1.480129 0.961702 1.371746 2.315584 4.276042 0.228202 2.294357 1.064431 2.022277 2.687581 3.196180 0.465099 2.793662 4.771886 0.679771 1.903576 1.903576 2.850930 2.634065 3.668370 3.301210 4.071784 1.995252 2.065159 3.001403 0.550882 3.188750 3.026378 3.464660 0.163156 1.303859 0.152962 1.866345 0.666344 0.527369 2.480199 0.339964 1.903576 0.433515 1.736234 0.287212 2.205229 2.057698 2.618925 0.040162 1.088512 0.129178 0.961702 2.966304 2.057698 -0.035490 1.763757 1.051081 0.873219 1.437684 0.329693
165,ta-hm,151,20231017,1.743614 0.011649 5.003280 2.730573 1.147970 4.120249 0.834197 2.778745 2.124808 2.058256 1.364415 0.507470 1.112415 1.085078 3.439119 0.758274 3.982993 2.058256 4.148787 2.911895 1.009288 0.614262 0.763091 0.762689 2.788508 2.911895 0.562682 1.595430 2.026191 0.899267 1.805916 1.205207 1.111138 0.623588 2.294592 2.775997 1.026396 1.838504 1.250764 -0.061072 0.996211 1.990943 0.521315 0.459950 3.017411 1.034039 1.470863 1.704303 2.712581 1.263135 -0.092157 3.170505 1.865502 1.237417 3.893277 1.388342 1.576471 3.086079 3.045391 0.285778 3.884046 0.722595 3.289375 -0.309806 1.337702 3.278861 2.163884 0.367880 0.581348 1.576471 1.653590 0.887422 2.730573 2.583016 2.778745 3.330020 1.092667 1.703100 1.191526 1.219388 1.625992 1.304572 2.028250 3.201562 2.019080 2.573120 2.778745 2.041997 2.911895 2.730573 2.415395 2.911895 1.096766 2.523315 1.317372 3.463184 2.755675 1.643036 3.945089 2.193112
165,hm-ws,10,20180521,0.441174 3.204752 1.735803 2.460590 4.442350 1.880608 2.275554 1.597045 0.624576 2.026671 2.077725 0.244870 1.291724 1.701431 1.529211 0.663900 2.320954 1.847026 0.190706 1.441507 3.189420 3.922522 0.869627 2.460590 1.109336 1.321797 1.115123 3.885898 2.585729 0.448261 1.789475 0.739599 0.234722 2.077725 2.086932 3.189420 1.735803 2.134932 2.508982 2.643912 0.867834 1.033522 2.460590 0.283895 1.583492 1.828647 2.077725 0.775738 3.800808 2.320954 1.669583 2.026671 2.817724 4.918217 1.618666 0.217012 2.337399 1.498898 2.236106 1.493078 1.033522 2.565635 0.721510 1.329901 2.399168 3.003343 2.585729 2.481252 3.242840 1.961630 1.799869 0.868771 1.063719 2.943662 0.798300 3.189420 0.216400 2.320954 2.918350 3.183508 1.556732 -0.102451 2.460590 1.279440 2.002133 2.489501 2.948936 3.112630 2.005199 1.428346 1.988429 1.071420 2.712809 0.887948 2.460623 1.105627 3.885898 2.486553 2.320954 0.743524
165,hm-ws,137,20230404,1.548004 3.234308 1.290455 4.258589 1.265441 0.873684 0.875989 2.617463 2.076145 1.393908 1.023199 1.107669 1.064975 0.262035 1.580081 3.455727 0.761703 3.286417 1.745778 0.997318 1.316699 1.276195 2.113771 3.913944 2.891477 1.050431 2.577861 1.748396 1.759219 1.071616 0.514767 1.060672 1.514306 2.005163 1.871678 2.325504 0.967255 2.133349 1.333953 4.044914 3.234308 0.742178 3.151441 0.768144 3.385391 2.688761 0.852698 2.600311 2.165748 3.746065 3.086407 2.296889 1.511841 2.086222 2.106433 2.530883 0.970858 3.320722 2.087117 1.821711 0.836385 0.925159 1.675869 2.281436 1.787564 3.234308 0.925675 3.883397 1.234716 2.116131 0.712557 1.650317 1.683330 1.991859 3.878437 0.413884 0.705838 5.932713 3.851653 2.404572 1.138254 0.766171 2.265578 1.778290 2.774629 2.649029 2.063073 1.483562 1.720951 1.777333 3.234308 3.086407 2.485791 1.699405 2.051135 1.904557 1.150773 0.782511 2.113771 1.288320
184,ta-hm,142,20230612,4.194008 2.563354 2.799446 0.735692 1.101377 2.759801 0.668457 0.673168 0.838180 1.633076 1.635955 1.902163 2.682840 2.190277 -0.146610 1.199702 0.791872 1.559553 1.091483 0.201036 2.272392 1.813062 3.815465 4.500979 1.966013 2.892719 1.698306 1.835422 0.764371 1.469610 1.101377 3.179559 3.408856 2.973765 0.833364 2.894114 1.571400 1.553704 0.833573 1.163540 2.892719 0.537952 3.985757 1.421877 1.510700 1.002628 0.341255 2.235228 1.156388 1.501313 2.868830 0.040017 2.375457 0.929428 2.088736 2.732394 0.858533 1.654980 1.234881 1.421877 3.048927 1.257861 3.408856 2.892719 6.113102 1.060113 2.892719 1.492011 1.605343 2.552353 1.712461 0.526520 2.681669 2.172990 2.235228 0.879211 4.065953 1.066450 2.235228 2.522551 1.773247 2.388223 2.304380 0.836928 2.968823 4.083004 1.051923 0.324269 0.929428 0.200525 1.492011 2.235228 1.958917 1.962415 1.415229 1.611737 0.685921 1.256977 1.531181 0.984982
184,ta-ws,79,20210111,4.210094 3.888638 0.090070 2.290191 1.290838 1.171540 2.692597 1.683451 1.133300 0.782027 1.940964 1.414936 2.377671 0.802547 1.290838 3.210121 1.292227 3.127305 1.124725 3.051388 4.224768 2.960830 3.323676 0.691085 0.221171 1.637649 2.170184 1.290838 0.719690 3.011517 1.669727 2.105450 2.047417 2.296670 1.629159 0.463994 1.900208 2.591637 0.312413 1.637649 1.960907 1.238653 1.967840 0.745172 1.972894 2.028892 2.713625 2.354863 2.725960 2.455578 1.290838 1.207943 2.231032 2.383768 0.734960 0.980583 3.576658 2.941929 2.306011 2.941929 2.290191 1.960907 1.972894 1.043972 1.725553 0.575046 2.604290 2.455761 2.494032 2.551673 2.880242 1.922481 2.445657 1.600785 1.842332 2.891675 1.842332 2.392954 1.199719 0.316492 3.041021 3.115552 2.461797 2.473312 3.163681 0.972890 1.684839 1.441628 1.711676 1.710411 2.290191 1.449803 2.534706 2.941929 0.882995 2.203419 0.051303 1.553560 3.696070 2.269301
184,hm-ws,142,20230612,1.381466 3.342430 2.918567 2.191782 1.673150 2.045784 1.554161 0.214648 0.159609 2.260199 1.359453 0.729318 0.660907 2.281582 1.149209 2.422846 0.504852 0.655131 1.551654 0.682994 1.476748 -0.140439 3.016421 4.046259 1.941541 3.162544 0.986904 1.928438 1.428931 2.059089 1.011323 1.666309 3.945121 2.885507 3.239647 1.565961 0.612007 0.516404 1.219131 2.528945 3.162544 -0.051996 1.971685 0.704913 0.455570 1.830070 2.575081 3.342430 0.045258 0.470377 1.675059 0.766085 2.780463 1.891580 0.443948 2.295853 1.869659 0.908838 1.310258 1.405303 2.278035 1.515171 3.755209 5.441499 2.698650 3.191686 4.390073 0.651535 4.702127 1.156668 4.583251 1.744118 1.735571 2.548559 5.281581 1.001997 1.701576 0.457223 3.342430 3.342430 3.889524 1.532066 1.741685 1.002489 2.252674 2.073157 2.012810 1.457206 1.266307 1.702270 0.726583 3.342430 1.266307 1.165143 2.831511 1.411881 0.623758 1.658337 0.850715 1.381675
