scen,level,method,K,fpr_perm,power_perm
D1,0.35,DOMI-diff,99,0.06,0.41
D1,0.35,HSIC-diff,99,0.07,0.24
D1,0.35,CopulaCvM,99,0.09,0.03
D2,0.7,DOMI-diff,99,0.03,0.2
D2,0.7,HSIC-diff,99,0.02,0.02
D2,0.7,CopulaCvM,99,0.03,0.0
D2,0.9,DOMI-diff,99,0.03,0.67
D2,0.9,HSIC-diff,99,0.03,0.33
D2,0.9,CopulaCvM,99,0.05,0.02
D4,0.7,DOMI-diff,99,0.06,0.53
D4,0.7,HSIC-diff,99,0.06,0.2
D4,0.7,CopulaCvM,99,0.07,0.0
D4,0.85,DOMI-diff,99,0.05,0.66
D4,0.85,HSIC-diff,99,0.06,0.56
D4,0.85,CopulaCvM,99,0.02,0.0
M1,1.6,DOMI-diff,99,0.03,0.0
M1,1.6,HSIC-diff,99,0.03,0.0
M1,1.6,CopulaCvM,99,0.04,0.12
