scen,level,method,mult,mode,key,power,detect_rate,best
D1,0.2,HSIC-fullgram,0.25,g,HSIC-fullgram|x0.25|g,0.0,0.078,0
D1,0.2,HSIC-fullgram,0.25,gs,HSIC-fullgram|x0.25|gs,0.164,0.268,0
D1,0.2,HSIC-fullgram,0.5,g,HSIC-fullgram|x0.5|g,0.0,0.12,0
D1,0.2,HSIC-fullgram,0.5,gs,HSIC-fullgram|x0.5|gs,0.21,0.45,0
D1,0.2,HSIC-fullgram,1.0,g,HSIC-fullgram|x1.0|g,0.0,0.226,0
D1,0.2,HSIC-fullgram,1.0,gs,HSIC-fullgram|x1.0|gs,0.206,0.608,0
D1,0.2,HSIC-fullgram,2.0,g,HSIC-fullgram|x2.0|g,0.0,0.264,0
D1,0.2,HSIC-fullgram,2.0,gs,HSIC-fullgram|x2.0|gs,0.228,0.692,0
D1,0.2,HSIC-fullgram,4.0,g,HSIC-fullgram|x4.0|g,0.002,0.294,0
D1,0.2,HSIC-fullgram,4.0,gs,HSIC-fullgram|x4.0|gs,0.262,0.708,1
D1,0.35,HSIC-fullgram,0.25,g,HSIC-fullgram|x0.25|g,0.0,0.152,0
D1,0.35,HSIC-fullgram,0.25,gs,HSIC-fullgram|x0.25|gs,0.74,0.862,1
D1,0.35,HSIC-fullgram,0.5,g,HSIC-fullgram|x0.5|g,0.0,0.366,0
D1,0.35,HSIC-fullgram,0.5,gs,HSIC-fullgram|x0.5|gs,0.7,0.974,0
D1,0.35,HSIC-fullgram,1.0,g,HSIC-fullgram|x1.0|g,0.034,0.698,0
D1,0.35,HSIC-fullgram,1.0,gs,HSIC-fullgram|x1.0|gs,0.472,0.994,0
D1,0.35,HSIC-fullgram,2.0,g,HSIC-fullgram|x2.0|g,0.09,0.812,0
D1,0.35,HSIC-fullgram,2.0,gs,HSIC-fullgram|x2.0|gs,0.458,0.998,0
D1,0.35,HSIC-fullgram,4.0,g,HSIC-fullgram|x4.0|g,0.12,0.868,0
D1,0.35,HSIC-fullgram,4.0,gs,HSIC-fullgram|x4.0|gs,0.474,0.998,0
D1,0.5,HSIC-fullgram,0.25,g,HSIC-fullgram|x0.25|g,0.0,0.418,0
D1,0.5,HSIC-fullgram,0.25,gs,HSIC-fullgram|x0.25|gs,0.99,0.998,1
D1,0.5,HSIC-fullgram,0.5,g,HSIC-fullgram|x0.5|g,0.02,0.798,0
D1,0.5,HSIC-fullgram,0.5,gs,HSIC-fullgram|x0.5|gs,0.902,1.0,0
D1,0.5,HSIC-fullgram,1.0,g,HSIC-fullgram|x1.0|g,0.14,0.992,0
D1,0.5,HSIC-fullgram,1.0,gs,HSIC-fullgram|x1.0|gs,0.604,1.0,0
D1,0.5,HSIC-fullgram,2.0,g,HSIC-fullgram|x2.0|g,0.186,1.0,0
D1,0.5,HSIC-fullgram,2.0,gs,HSIC-fullgram|x2.0|gs,0.49,1.0,0
D1,0.5,HSIC-fullgram,4.0,g,HSIC-fullgram|x4.0|g,0.19,1.0,0
D1,0.5,HSIC-fullgram,4.0,gs,HSIC-fullgram|x4.0|gs,0.538,1.0,0
D2,0.5,HSIC-fullgram,0.25,g,HSIC-fullgram|x0.25|g,0.0,0.082,0
D2,0.5,HSIC-fullgram,0.25,gs,HSIC-fullgram|x0.25|gs,0.03,0.13,1
D2,0.5,HSIC-fullgram,0.5,g,HSIC-fullgram|x0.5|g,0.0,0.106,0
D2,0.5,HSIC-fullgram,0.5,gs,HSIC-fullgram|x0.5|gs,0.024,0.126,0
D2,0.5,HSIC-fullgram,1.0,g,HSIC-fullgram|x1.0|g,0.0,0.1,0
D2,0.5,HSIC-fullgram,1.0,gs,HSIC-fullgram|x1.0|gs,0.01,0.124,0
D2,0.5,HSIC-fullgram,2.0,g,HSIC-fullgram|x2.0|g,0.0,0.116,0
D2,0.5,HSIC-fullgram,2.0,gs,HSIC-fullgram|x2.0|gs,0.008,0.108,0
D2,0.5,HSIC-fullgram,4.0,g,HSIC-fullgram|x4.0|g,0.0,0.116,0
D2,0.5,HSIC-fullgram,4.0,gs,HSIC-fullgram|x4.0|gs,0.006,0.118,0
D2,0.7,HSIC-fullgram,0.25,g,HSIC-fullgram|x0.25|g,0.0,0.112,0
D2,0.7,HSIC-fullgram,0.25,gs,HSIC-fullgram|x0.25|gs,0.25,0.382,1
D2,0.7,HSIC-fullgram,0.5,g,HSIC-fullgram|x0.5|g,0.0,0.15,0
D2,0.7,HSIC-fullgram,0.5,gs,HSIC-fullgram|x0.5|gs,0.226,0.396,0
D2,0.7,HSIC-fullgram,1.0,g,HSIC-fullgram|x1.0|g,0.0,0.092,0
D2,0.7,HSIC-fullgram,1.0,gs,HSIC-fullgram|x1.0|gs,0.028,0.162,0
D2,0.7,HSIC-fullgram,2.0,g,HSIC-fullgram|x2.0|g,0.0,0.106,0
D2,0.7,HSIC-fullgram,2.0,gs,HSIC-fullgram|x2.0|gs,0.006,0.14,0
D2,0.7,HSIC-fullgram,4.0,g,HSIC-fullgram|x4.0|g,0.0,0.108,0
D2,0.7,HSIC-fullgram,4.0,gs,HSIC-fullgram|x4.0|gs,0.002,0.136,0
D2,0.9,HSIC-fullgram,0.25,g,HSIC-fullgram|x0.25|g,0.0,0.346,0
D2,0.9,HSIC-fullgram,0.25,gs,HSIC-fullgram|x0.25|gs,0.956,0.994,1
D2,0.9,HSIC-fullgram,0.5,g,HSIC-fullgram|x0.5|g,0.0,0.414,0
D2,0.9,HSIC-fullgram,0.5,gs,HSIC-fullgram|x0.5|gs,0.888,1.0,0
D2,0.9,HSIC-fullgram,1.0,g,HSIC-fullgram|x1.0|g,0.0,0.118,0
D2,0.9,HSIC-fullgram,1.0,gs,HSIC-fullgram|x1.0|gs,0.512,0.686,0
D2,0.9,HSIC-fullgram,2.0,g,HSIC-fullgram|x2.0|g,0.0,0.102,0
D2,0.9,HSIC-fullgram,2.0,gs,HSIC-fullgram|x2.0|gs,0.01,0.122,0
D2,0.9,HSIC-fullgram,4.0,g,HSIC-fullgram|x4.0|g,0.0,0.11,0
D2,0.9,HSIC-fullgram,4.0,gs,HSIC-fullgram|x4.0|gs,0.008,0.132,0
D3,0.3,HSIC-fullgram,0.25,g,HSIC-fullgram|x0.25|g,0.0,0.12,0
D3,0.3,HSIC-fullgram,0.25,gs,HSIC-fullgram|x0.25|gs,0.03,0.15,1
D3,0.3,HSIC-fullgram,0.5,g,HSIC-fullgram|x0.5|g,0.0,0.078,0
D3,0.3,HSIC-fullgram,0.5,gs,HSIC-fullgram|x0.5|gs,0.008,0.094,0
D3,0.3,HSIC-fullgram,1.0,g,HSIC-fullgram|x1.0|g,0.0,0.062,0
D3,0.3,HSIC-fullgram,1.0,gs,HSIC-fullgram|x1.0|gs,0.0,0.052,0
D3,0.3,HSIC-fullgram,2.0,g,HSIC-fullgram|x2.0|g,0.0,0.058,0
D3,0.3,HSIC-fullgram,2.0,gs,HSIC-fullgram|x2.0|gs,0.0,0.066,0
D3,0.3,HSIC-fullgram,4.0,g,HSIC-fullgram|x4.0|g,0.0,0.052,0
D3,0.3,HSIC-fullgram,4.0,gs,HSIC-fullgram|x4.0|gs,0.0,0.06,0
D3,0.5,HSIC-fullgram,0.25,g,HSIC-fullgram|x0.25|g,0.0,0.28,0
D3,0.5,HSIC-fullgram,0.25,gs,HSIC-fullgram|x0.25|gs,0.178,0.618,1
D3,0.5,HSIC-fullgram,0.5,g,HSIC-fullgram|x0.5|g,0.002,0.23,0
D3,0.5,HSIC-fullgram,0.5,gs,HSIC-fullgram|x0.5|gs,0.056,0.418,0
D3,0.5,HSIC-fullgram,1.0,g,HSIC-fullgram|x1.0|g,0.006,0.224,0
D3,0.5,HSIC-fullgram,1.0,gs,HSIC-fullgram|x1.0|gs,0.024,0.25,0
D3,0.5,HSIC-fullgram,2.0,g,HSIC-fullgram|x2.0|g,0.006,0.228,0
D3,0.5,HSIC-fullgram,2.0,gs,HSIC-fullgram|x2.0|gs,0.018,0.318,0
D3,0.5,HSIC-fullgram,4.0,g,HSIC-fullgram|x4.0|g,0.006,0.248,0
D3,0.5,HSIC-fullgram,4.0,gs,HSIC-fullgram|x4.0|gs,0.016,0.33,0
D3,0.7,HSIC-fullgram,0.25,g,HSIC-fullgram|x0.25|g,0.0,0.378,0
D3,0.7,HSIC-fullgram,0.25,gs,HSIC-fullgram|x0.25|gs,0.278,0.808,1
D3,0.7,HSIC-fullgram,0.5,g,HSIC-fullgram|x0.5|g,0.0,0.248,0
D3,0.7,HSIC-fullgram,0.5,gs,HSIC-fullgram|x0.5|gs,0.076,0.472,0
D3,0.7,HSIC-fullgram,1.0,g,HSIC-fullgram|x1.0|g,0.004,0.3,0
D3,0.7,HSIC-fullgram,1.0,gs,HSIC-fullgram|x1.0|gs,0.016,0.29,0
D3,0.7,HSIC-fullgram,2.0,g,HSIC-fullgram|x2.0|g,0.006,0.368,0
D3,0.7,HSIC-fullgram,2.0,gs,HSIC-fullgram|x2.0|gs,0.022,0.48,0
D3,0.7,HSIC-fullgram,4.0,g,HSIC-fullgram|x4.0|g,0.01,0.412,0
D3,0.7,HSIC-fullgram,4.0,gs,HSIC-fullgram|x4.0|gs,0.024,0.546,0
D4,0.5,HSIC-fullgram,0.25,g,HSIC-fullgram|x0.25|g,0.0,0.04,0
D4,0.5,HSIC-fullgram,0.25,gs,HSIC-fullgram|x0.25|gs,0.016,0.048,1
D4,0.5,HSIC-fullgram,0.5,g,HSIC-fullgram|x0.5|g,0.0,0.048,0
D4,0.5,HSIC-fullgram,0.5,gs,HSIC-fullgram|x0.5|gs,0.002,0.034,0
D4,0.5,HSIC-fullgram,1.0,g,HSIC-fullgram|x1.0|g,0.0,0.054,0
D4,0.5,HSIC-fullgram,1.0,gs,HSIC-fullgram|x1.0|gs,0.0,0.044,0
D4,0.5,HSIC-fullgram,2.0,g,HSIC-fullgram|x2.0|g,0.0,0.044,0
D4,0.5,HSIC-fullgram,2.0,gs,HSIC-fullgram|x2.0|gs,0.002,0.058,0
D4,0.5,HSIC-fullgram,4.0,g,HSIC-fullgram|x4.0|g,0.0,0.044,0
D4,0.5,HSIC-fullgram,4.0,gs,HSIC-fullgram|x4.0|gs,0.0,0.058,0
D4,0.7,HSIC-fullgram,0.25,g,HSIC-fullgram|x0.25|g,0.0,0.124,0
D4,0.7,HSIC-fullgram,0.25,gs,HSIC-fullgram|x0.25|gs,0.56,0.72,1
D4,0.7,HSIC-fullgram,0.5,g,HSIC-fullgram|x0.5|g,0.0,0.156,0
D4,0.7,HSIC-fullgram,0.5,gs,HSIC-fullgram|x0.5|gs,0.336,0.67,0
D4,0.7,HSIC-fullgram,1.0,g,HSIC-fullgram|x1.0|g,0.0,0.064,0
D4,0.7,HSIC-fullgram,1.0,gs,HSIC-fullgram|x1.0|gs,0.042,0.242,0
D4,0.7,HSIC-fullgram,2.0,g,HSIC-fullgram|x2.0|g,0.0,0.046,0
D4,0.7,HSIC-fullgram,2.0,gs,HSIC-fullgram|x2.0|gs,0.002,0.072,0
D4,0.7,HSIC-fullgram,4.0,g,HSIC-fullgram|x4.0|g,0.0,0.05,0
D4,0.7,HSIC-fullgram,4.0,gs,HSIC-fullgram|x4.0|gs,0.002,0.07,0
D4,0.85,HSIC-fullgram,0.25,g,HSIC-fullgram|x0.25|g,0.0,0.57,0
D4,0.85,HSIC-fullgram,0.25,gs,HSIC-fullgram|x0.25|gs,0.992,1.0,1
D4,0.85,HSIC-fullgram,0.5,g,HSIC-fullgram|x0.5|g,0.008,0.73,0
D4,0.85,HSIC-fullgram,0.5,gs,HSIC-fullgram|x0.5|gs,0.808,1.0,0
D4,0.85,HSIC-fullgram,1.0,g,HSIC-fullgram|x1.0|g,0.0,0.216,0
D4,0.85,HSIC-fullgram,1.0,gs,HSIC-fullgram|x1.0|gs,0.394,0.994,0
D4,0.85,HSIC-fullgram,2.0,g,HSIC-fullgram|x2.0|g,0.0,0.072,0
D4,0.85,HSIC-fullgram,2.0,gs,HSIC-fullgram|x2.0|gs,0.004,0.118,0
D4,0.85,HSIC-fullgram,4.0,g,HSIC-fullgram|x4.0|g,0.0,0.074,0
D4,0.85,HSIC-fullgram,4.0,gs,HSIC-fullgram|x4.0|gs,0.002,0.102,0
M1,1.3,HSIC-fullgram,0.25,g,HSIC-fullgram|x0.25|g,0.0,0.062,0
M1,1.3,HSIC-fullgram,0.25,gs,HSIC-fullgram|x0.25|gs,0.002,0.074,0
M1,1.3,HSIC-fullgram,0.5,g,HSIC-fullgram|x0.5|g,0.0,0.066,0
M1,1.3,HSIC-fullgram,0.5,gs,HSIC-fullgram|x0.5|gs,0.002,0.05,0
M1,1.3,HSIC-fullgram,1.0,g,HSIC-fullgram|x1.0|g,0.0,0.04,0
M1,1.3,HSIC-fullgram,1.0,gs,HSIC-fullgram|x1.0|gs,0.002,0.054,0
M1,1.3,HSIC-fullgram,2.0,g,HSIC-fullgram|x2.0|g,0.0,0.048,0
M1,1.3,HSIC-fullgram,2.0,gs,HSIC-fullgram|x2.0|gs,0.0,0.07,0
M1,1.3,HSIC-fullgram,4.0,g,HSIC-fullgram|x4.0|g,0.0,0.048,0
M1,1.3,HSIC-fullgram,4.0,gs,HSIC-fullgram|x4.0|gs,0.004,0.084,1
M1,1.6,HSIC-fullgram,0.25,g,HSIC-fullgram|x0.25|g,0.0,0.052,0
M1,1.6,HSIC-fullgram,0.25,gs,HSIC-fullgram|x0.25|gs,0.006,0.074,1
M1,1.6,HSIC-fullgram,0.5,g,HSIC-fullgram|x0.5|g,0.0,0.05,0
M1,1.6,HSIC-fullgram,0.5,gs,HSIC-fullgram|x0.5|gs,0.0,0.05,0
M1,1.6,HSIC-fullgram,1.0,g,HSIC-fullgram|x1.0|g,0.0,0.038,0
M1,1.6,HSIC-fullgram,1.0,gs,HSIC-fullgram|x1.0|gs,0.0,0.056,0
M1,1.6,HSIC-fullgram,2.0,g,HSIC-fullgram|x2.0|g,0.0,0.036,0
M1,1.6,HSIC-fullgram,2.0,gs,HSIC-fullgram|x2.0|gs,0.0,0.056,0
M1,1.6,HSIC-fullgram,4.0,g,HSIC-fullgram|x4.0|g,0.0,0.04,0
M1,1.6,HSIC-fullgram,4.0,gs,HSIC-fullgram|x4.0|gs,0.0,0.07,0
M1,2.0,HSIC-fullgram,0.25,g,HSIC-fullgram|x0.25|g,0.0,0.034,0
M1,2.0,HSIC-fullgram,0.25,gs,HSIC-fullgram|x0.25|gs,0.014,0.092,1
M1,2.0,HSIC-fullgram,0.5,g,HSIC-fullgram|x0.5|g,0.0,0.05,0
M1,2.0,HSIC-fullgram,0.5,gs,HSIC-fullgram|x0.5|gs,0.004,0.058,0
M1,2.0,HSIC-fullgram,1.0,g,HSIC-fullgram|x1.0|g,0.0,0.044,0
M1,2.0,HSIC-fullgram,1.0,gs,HSIC-fullgram|x1.0|gs,0.004,0.06,0
M1,2.0,HSIC-fullgram,2.0,g,HSIC-fullgram|x2.0|g,0.0,0.048,0
M1,2.0,HSIC-fullgram,2.0,gs,HSIC-fullgram|x2.0|gs,0.002,0.068,0
M1,2.0,HSIC-fullgram,4.0,g,HSIC-fullgram|x4.0|g,0.0,0.052,0
M1,2.0,HSIC-fullgram,4.0,gs,HSIC-fullgram|x4.0|gs,0.004,0.076,0
