scen,level,method,mode,key,null_level,power,detect_rate,loc_err_median,threshold,n_reps
D1,0.35,DOMI-diff,g,DOMI-diff|g,0.35,0.02,0.546,208.0,0.6938827867099843,500
D1,0.35,Holevo-joint,g,Holevo-joint|g,0.35,0.406,0.666,20.0,11.454042206820748,500
D1,0.35,HSIC-diff,g,HSIC-diff|g,0.35,0.106,0.744,153.5,0.06483237647941899,500
D1,0.35,dCor-diff,g,dCor-diff|g,0.35,0.35,0.954,52.0,2.171505819955709,500
D1,0.35,Spearman-diff,g,Spearman-diff|g,0.35,0.662,0.962,18.0,2.950292815455043,500
D1,0.35,CopulaCvM,g,CopulaCvM|g,0.35,0.086,0.282,70.0,0.6359594452618301,500
D1,0.35,MMDx0.5,g,MMDx0.5|g,0.35,0.098,0.238,50.0,2.195646168180506,500
D1,0.35,MMDx1.0,g,MMDx1.0|g,0.35,0.092,0.22,47.5,2.03982059889767,500
D1,0.35,MMDx2.0,g,MMDx2.0|g,0.35,0.044,0.15,70.0,1.6938610365833668,500
D1,0.35,MMD-k2,g,MMD-k2|g,0.35,0.098,0.238,50.0,2.195646168180506,500
D1,0.35,GaussLR,g,GaussLR|g,0.35,0.602,0.914,18.0,17.426098825916192,500
D1,0.35,DOMI-diff,gs,DOMI-diff|gs,0.35,0.686,0.988,13.0,3.783501885371856,500
D1,0.35,Holevo-joint,gs,Holevo-joint|gs,0.35,0.334,0.624,25.5,3.835019646433667,500
D1,0.35,HSIC-diff,gs,HSIC-diff|gs,0.35,0.512,0.984,26.0,4.59842977683501,500
D1,0.35,dCor-diff,gs,dCor-diff|gs,0.35,0.642,1.0,13.0,3.986897723698659,500
D1,0.35,Spearman-diff,gs,Spearman-diff|gs,0.35,0.636,0.974,20.0,3.5553651131419706,500
D1,0.35,CopulaCvM,gs,CopulaCvM|gs,0.35,0.058,0.278,111.0,5.318667844132953,500
D1,0.35,MMDx0.5,gs,MMDx0.5|gs,0.35,0.074,0.258,72.0,4.239442686416668,500
D1,0.35,MMDx1.0,gs,MMDx1.0|gs,0.35,0.068,0.222,71.0,4.4521858515701656,500
D1,0.35,MMDx2.0,gs,MMDx2.0|gs,0.35,0.034,0.162,77.0,4.565750885795949,500
D1,0.35,MMD-k2,gs,MMD-k2|gs,0.35,0.074,0.258,72.0,4.239442686416668,500
D1,0.35,GaussLR,gs,GaussLR|gs,0.35,0.618,0.906,20.0,4.094244028466568,500
