design,level,method,reps,any_detection,mean_k,k_correct,hausdorff_median,ari_mean
null,,Holevo-partition,200,0.0,0.0,,,
null,,Holevo-partition+DOMI,200,0.0,0.0,,,
null,,KCP-rank,200,0.05,0.06,,,
null,,KCP-rank+DOMI,200,0.005,0.005,,,
null,,KCP-raw,200,0.05,0.06,,,
null,,edivisive-rank,200,0.06,0.085,,,
null,,edivisive-rank+DOMI,200,0.005,0.005,,,
null,,edivisive-raw,200,0.055,0.075,,,
MB,0.8,Holevo-partition,200,1.0,1.045,0.01,900.0,0.3310706401949809
MB,0.8,Holevo-partition+DOMI,200,1.0,1.04,0.01,900.0,0.33048581751557704
MB,0.8,KCP-rank,200,1.0,1.085,0.01,900.0,0.32286926985397413
MB,0.8,KCP-rank+DOMI,200,0.975,0.995,0.0,900.0,0.31515432038393265
MB,0.8,KCP-raw,200,0.97,1.14,0.025,900.0,0.3312452880168946
MB,0.8,edivisive-rank,200,0.415,0.46,0.0,1800.0,0.12557216511746463
MB,0.8,edivisive-rank+DOMI,200,0.395,0.41,0.0,1800.0,0.12448109572787427
MB,0.8,edivisive-raw,200,0.215,0.275,0.005,1800.0,0.05785912072957583
MB,0.9,Holevo-partition,200,1.0,1.965,0.475,665.0,0.6198707372996154
MB,0.9,Holevo-partition+DOMI,200,1.0,1.96,0.47,665.0,0.6197846308560463
MB,0.9,KCP-rank,200,0.995,1.165,0.03,900.0,0.33275231473376876
MB,0.9,KCP-rank+DOMI,200,0.975,1.045,0.015,900.0,0.3239805177910941
MB,0.9,KCP-raw,200,1.0,1.555,0.175,890.0,0.44399965440648687
MB,0.9,edivisive-rank,200,0.42,0.485,0.0,1800.0,0.11802104018271456
MB,0.9,edivisive-rank+DOMI,200,0.385,0.4,0.005,1800.0,0.11579932028358918
MB,0.9,edivisive-raw,200,0.25,0.355,0.015,1800.0,0.07065324559667321
M1,1.6,Holevo-partition,200,0.975,2.6,,,
M1,1.6,Holevo-partition+DOMI,200,0.13,0.145,,,
M1,1.6,KCP-rank,200,0.69,1.4,,,
M1,1.6,KCP-rank+DOMI,200,0.09,0.095,,,
M1,1.6,KCP-raw,200,1.0,3.085,,,
M1,1.6,edivisive-rank,200,0.145,0.225,,,
M1,1.6,edivisive-rank+DOMI,200,0.02,0.02,,,
M1,1.6,edivisive-raw,200,0.865,2.26,,,
