scen,level,method,mode,key,power,detect_rate,threshold,n_reps
G2,0.2,DOMI-diff,g,DOMI-diff|g,0.014,0.42,0.7137844006757796,500
G2,0.2,matmi-a1,g,matmi-a1|g,0.004,0.362,1.074446143286562,500
G2,0.2,matmi-r2,g,matmi-r2|g,0.028,0.46,0.9701707428166437,500
G2,0.2,DOMI-diff,gs,DOMI-diff|gs,0.724,0.98,3.6710459324915257,500
G2,0.2,matmi-a1,gs,matmi-a1|gs,0.79,0.972,3.5292504850648876,500
G2,0.2,matmi-r2,gs,matmi-r2|gs,0.54,0.942,3.6282227673531873,500
G2,0.35,DOMI-diff,g,DOMI-diff|g,0.29,1.0,0.7137844006757796,500
G2,0.35,matmi-a1,g,matmi-a1|g,0.208,0.996,1.074446143286562,500
G2,0.35,matmi-r2,g,matmi-r2|g,0.358,1.0,0.9701707428166437,500
G2,0.35,DOMI-diff,gs,DOMI-diff|gs,0.97,1.0,3.6710459324915257,500
G2,0.35,matmi-a1,gs,matmi-a1|gs,0.998,1.0,3.5292504850648876,500
G2,0.35,matmi-r2,gs,matmi-r2|gs,0.732,1.0,3.6282227673531873,500
G2,0.5,DOMI-diff,g,DOMI-diff|g,0.488,1.0,0.7137844006757796,500
G2,0.5,matmi-a1,g,matmi-a1|g,0.484,1.0,1.074446143286562,500
G2,0.5,matmi-r2,g,matmi-r2|g,0.608,1.0,0.9701707428166437,500
G2,0.5,DOMI-diff,gs,DOMI-diff|gs,0.998,1.0,3.6710459324915257,500
G2,0.5,matmi-a1,gs,matmi-a1|gs,0.998,1.0,3.5292504850648876,500
G2,0.5,matmi-r2,gs,matmi-r2|gs,0.886,1.0,3.6282227673531873,500
