cell,scen,level,null,stat,variant,n_reps,reject_rate,reject_se,power_localised,power_localised_se,median_abs_err_rejected
null_S2,D2,0.7,1,DOMI-diff,raw,200,0.08,0.0192,,,
null_S2,D2,0.7,1,DOMI-diff,stud,200,0.065,0.0174,,,
null_S2,D2,0.7,1,HSIC-diff,raw,200,0.06,0.0168,,,
null_S2,D2,0.7,1,HSIC-diff,stud,200,0.06,0.0168,,,
null_S2,D2,0.7,1,dCor-diff,raw,200,0.06,0.0168,,,
null_S2,D2,0.7,1,dCor-diff,stud,200,0.06,0.0168,,,
null_S2,D2,0.7,1,Spearman-diff,raw,200,0.05,0.0154,,,
null_S2,D2,0.7,1,Spearman-diff,stud,200,0.055,0.0161,,,
null_S2,D2,0.7,1,CopulaCvM,raw,200,0.03,0.0121,,,
null_S2,D2,0.7,1,CopulaCvM,stud,200,0.035,0.013,,,
null_S2,D2,0.7,1,Gram-a1,raw,200,0.05,0.0154,,,
null_S2,D2,0.7,1,Gram-a1,stud,200,0.06,0.0168,,,
null_S2,D2,0.7,1,Gram-r2,raw,200,0.045,0.0147,,,
null_S2,D2,0.7,1,Gram-r2,stud,200,0.045,0.0147,,,
null_S2,D2,0.7,1,CvM-sub,raw,200,0.04,0.0139,,,
null_S2,D2,0.7,1,CvM-sub,stud,200,0.04,0.0139,,,
S2_a0.7,D2,0.7,0,DOMI-diff,raw,200,0.1,0.0212,0.0,0.0,231.0
S2_a0.7,D2,0.7,0,DOMI-diff,stud,200,0.435,0.0351,0.245,0.0304,26.0
S2_a0.7,D2,0.7,0,HSIC-diff,raw,200,0.07,0.018,0.0,0.0,231.5
S2_a0.7,D2,0.7,0,HSIC-diff,stud,200,0.115,0.0226,0.035,0.013,60.0
S2_a0.7,D2,0.7,0,dCor-diff,raw,200,0.075,0.0186,0.0,0.0,225.0
S2_a0.7,D2,0.7,0,dCor-diff,stud,200,0.09,0.0202,0.02,0.0099,169.5
S2_a0.7,D2,0.7,0,Spearman-diff,raw,200,0.05,0.0154,0.005,0.005,188.5
S2_a0.7,D2,0.7,0,Spearman-diff,stud,200,0.055,0.0161,0.005,0.005,160.0
S2_a0.7,D2,0.7,0,CopulaCvM,raw,200,0.08,0.0192,0.01,0.007,141.5
S2_a0.7,D2,0.7,0,CopulaCvM,stud,200,0.065,0.0174,0.02,0.0099,169.0
S2_a0.7,D2,0.7,0,Gram-a1,raw,200,0.135,0.0242,0.0,0.0,235.0
S2_a0.7,D2,0.7,0,Gram-a1,stud,200,0.5,0.0354,0.315,0.0328,21.0
S2_a0.7,D2,0.7,0,Gram-r2,raw,200,0.11,0.0221,0.0,0.0,218.5
S2_a0.7,D2,0.7,0,Gram-r2,stud,200,0.575,0.035,0.32,0.033,25.0
S2_a0.7,D2,0.7,0,CvM-sub,raw,200,0.09,0.0202,0.025,0.011,63.5
S2_a0.7,D2,0.7,0,CvM-sub,stud,200,0.05,0.0154,0.005,0.005,133.5
S4_r0.85,D4,0.85,0,DOMI-diff,raw,200,0.95,0.0154,0.265,0.0312,83.0
S4_r0.85,D4,0.85,0,DOMI-diff,stud,200,1.0,0.0,0.69,0.0327,17.5
S4_r0.85,D4,0.85,0,HSIC-diff,raw,200,0.48,0.0353,0.08,0.0192,190.0
S4_r0.85,D4,0.85,0,HSIC-diff,stud,200,0.98,0.0099,0.565,0.0351,23.0
S4_r0.85,D4,0.85,0,dCor-diff,raw,200,0.07,0.018,0.0,0.0,223.5
S4_r0.85,D4,0.85,0,dCor-diff,stud,200,0.63,0.0341,0.49,0.0353,13.0
S4_r0.85,D4,0.85,0,Spearman-diff,raw,200,0.04,0.0139,0.0,0.0,203.5
S4_r0.85,D4,0.85,0,Spearman-diff,stud,200,0.03,0.0121,0.0,0.0,176.5
S4_r0.85,D4,0.85,0,CopulaCvM,raw,200,0.065,0.0174,0.005,0.005,203.0
S4_r0.85,D4,0.85,0,CopulaCvM,stud,200,0.07,0.018,0.005,0.005,97.0
S4_r0.85,D4,0.85,0,Gram-a1,raw,200,0.98,0.0099,0.315,0.0328,78.0
S4_r0.85,D4,0.85,0,Gram-a1,stud,200,1.0,0.0,0.76,0.0302,15.0
S4_r0.85,D4,0.85,0,Gram-r2,raw,200,0.995,0.005,0.53,0.0353,26.0
S4_r0.85,D4,0.85,0,Gram-r2,stud,200,1.0,0.0,0.65,0.0337,18.0
S4_r0.85,D4,0.85,0,CvM-sub,raw,200,0.09,0.0202,0.03,0.0121,60.5
S4_r0.85,D4,0.85,0,CvM-sub,stud,200,0.07,0.018,0.005,0.005,127.0
G6_b0.5,G6,0.5,0,DOMI-diff,raw,200,0.62,0.0343,0.06,0.0168,172.0
G6_b0.5,G6,0.5,0,DOMI-diff,stud,200,0.995,0.005,0.675,0.0331,18.0
G6_b0.5,G6,0.5,0,HSIC-diff,raw,200,0.385,0.0344,0.025,0.011,193.0
G6_b0.5,G6,0.5,0,HSIC-diff,stud,200,0.88,0.023,0.435,0.0351,31.0
G6_b0.5,G6,0.5,0,dCor-diff,raw,200,0.64,0.0339,0.17,0.0266,65.0
G6_b0.5,G6,0.5,0,dCor-diff,stud,200,0.915,0.0197,0.49,0.0353,25.0
G6_b0.5,G6,0.5,0,Spearman-diff,raw,200,0.065,0.0174,0.005,0.005,181.0
G6_b0.5,G6,0.5,0,Spearman-diff,stud,200,0.075,0.0186,0.02,0.0099,69.0
G6_b0.5,G6,0.5,0,CopulaCvM,raw,200,0.075,0.0186,0.01,0.007,136.0
G6_b0.5,G6,0.5,0,CopulaCvM,stud,200,0.08,0.0192,0.015,0.0086,157.0
G6_b0.5,G6,0.5,0,Gram-a1,raw,200,0.635,0.034,0.05,0.0154,181.0
G6_b0.5,G6,0.5,0,Gram-a1,stud,200,1.0,0.0,0.73,0.0314,17.0
G6_b0.5,G6,0.5,0,Gram-r2,raw,200,0.62,0.0343,0.09,0.0202,149.5
G6_b0.5,G6,0.5,0,Gram-r2,stud,200,0.96,0.0139,0.52,0.0353,27.0
G6_b0.5,G6,0.5,0,CvM-sub,raw,200,0.715,0.0319,0.58,0.0349,10.0
G6_b0.5,G6,0.5,0,CvM-sub,stud,200,0.52,0.0353,0.335,0.0334,16.0
null_S3gauss,D3,0.5,1,DOMI-diff,raw,200,0.035,0.013,,,
null_S3gauss,D3,0.5,1,DOMI-diff,stud,200,0.045,0.0147,,,
null_S3gauss,D3,0.5,1,HSIC-diff,raw,200,0.04,0.0139,,,
null_S3gauss,D3,0.5,1,HSIC-diff,stud,200,0.055,0.0161,,,
null_S3gauss,D3,0.5,1,dCor-diff,raw,200,0.045,0.0147,,,
null_S3gauss,D3,0.5,1,dCor-diff,stud,200,0.03,0.0121,,,
null_S3gauss,D3,0.5,1,Spearman-diff,raw,200,0.05,0.0154,,,
null_S3gauss,D3,0.5,1,Spearman-diff,stud,200,0.045,0.0147,,,
null_S3gauss,D3,0.5,1,CopulaCvM,raw,200,0.06,0.0168,,,
null_S3gauss,D3,0.5,1,CopulaCvM,stud,200,0.065,0.0174,,,
null_S3gauss,D3,0.5,1,Gram-a1,raw,200,0.04,0.0139,,,
null_S3gauss,D3,0.5,1,Gram-a1,stud,200,0.05,0.0154,,,
null_S3gauss,D3,0.5,1,Gram-r2,raw,200,0.03,0.0121,,,
null_S3gauss,D3,0.5,1,Gram-r2,stud,200,0.04,0.0139,,,
null_S3gauss,D3,0.5,1,CvM-sub,raw,200,0.08,0.0192,,,
null_S3gauss,D3,0.5,1,CvM-sub,stud,200,0.04,0.0139,,,
null_S4mix,D4,0.85,1,DOMI-diff,raw,200,0.03,0.0121,,,
null_S4mix,D4,0.85,1,DOMI-diff,stud,200,0.04,0.0139,,,
null_S4mix,D4,0.85,1,HSIC-diff,raw,200,0.045,0.0147,,,
null_S4mix,D4,0.85,1,HSIC-diff,stud,200,0.04,0.0139,,,
null_S4mix,D4,0.85,1,dCor-diff,raw,200,0.055,0.0161,,,
null_S4mix,D4,0.85,1,dCor-diff,stud,200,0.04,0.0139,,,
null_S4mix,D4,0.85,1,Spearman-diff,raw,200,0.035,0.013,,,
null_S4mix,D4,0.85,1,Spearman-diff,stud,200,0.03,0.0121,,,
null_S4mix,D4,0.85,1,CopulaCvM,raw,200,0.035,0.013,,,
null_S4mix,D4,0.85,1,CopulaCvM,stud,200,0.03,0.0121,,,
null_S4mix,D4,0.85,1,Gram-a1,raw,200,0.06,0.0168,,,
null_S4mix,D4,0.85,1,Gram-a1,stud,200,0.045,0.0147,,,
null_S4mix,D4,0.85,1,Gram-r2,raw,200,0.065,0.0174,,,
null_S4mix,D4,0.85,1,Gram-r2,stud,200,0.065,0.0174,,,
null_S4mix,D4,0.85,1,CvM-sub,raw,200,0.045,0.0147,,,
null_S4mix,D4,0.85,1,CvM-sub,stud,200,0.03,0.0121,,,
M1_s2.0,M1,2.0,0,DOMI-diff,raw,200,0.035,0.013,0.0,0.0,239.0
M1_s2.0,M1,2.0,0,DOMI-diff,stud,200,0.035,0.013,0.005,0.005,89.0
M1_s2.0,M1,2.0,0,HSIC-diff,raw,200,0.04,0.0139,0.0,0.0,233.5
M1_s2.0,M1,2.0,0,HSIC-diff,stud,200,0.03,0.0121,0.0,0.0,172.0
M1_s2.0,M1,2.0,0,dCor-diff,raw,200,0.055,0.0161,0.0,0.0,230.0
M1_s2.0,M1,2.0,0,dCor-diff,stud,200,0.065,0.0174,0.0,0.0,198.0
M1_s2.0,M1,2.0,0,Spearman-diff,raw,200,0.055,0.0161,0.01,0.007,136.0
M1_s2.0,M1,2.0,0,Spearman-diff,stud,200,0.035,0.013,0.005,0.005,95.0
M1_s2.0,M1,2.0,0,CopulaCvM,raw,200,0.835,0.0262,0.69,0.0327,7.0
M1_s2.0,M1,2.0,0,CopulaCvM,stud,200,0.795,0.0285,0.595,0.0347,10.0
M1_s2.0,M1,2.0,0,Gram-a1,raw,200,0.02,0.0099,0.0,0.0,239.0
M1_s2.0,M1,2.0,0,Gram-a1,stud,200,0.03,0.0121,0.015,0.0086,26.0
M1_s2.0,M1,2.0,0,Gram-r2,raw,200,0.04,0.0139,0.0,0.0,233.0
M1_s2.0,M1,2.0,0,Gram-r2,stud,200,0.05,0.0154,0.01,0.007,105.0
M1_s2.0,M1,2.0,0,CvM-sub,raw,200,0.045,0.0147,0.015,0.0086,43.0
M1_s2.0,M1,2.0,0,CvM-sub,stud,200,0.04,0.0139,0.005,0.005,134.5
M2_a0.9,M2,0.9,0,DOMI-diff,raw,200,0.065,0.0174,0.0,0.0,240.0
M2_a0.9,M2,0.9,0,DOMI-diff,stud,200,0.045,0.0147,0.005,0.005,151.0
M2_a0.9,M2,0.9,0,HSIC-diff,raw,200,0.065,0.0174,0.0,0.0,238.0
M2_a0.9,M2,0.9,0,HSIC-diff,stud,200,0.065,0.0174,0.0,0.0,164.0
M2_a0.9,M2,0.9,0,dCor-diff,raw,200,0.07,0.018,0.0,0.0,230.0
M2_a0.9,M2,0.9,0,dCor-diff,stud,200,0.075,0.0186,0.005,0.005,157.0
M2_a0.9,M2,0.9,0,Spearman-diff,raw,200,0.055,0.0161,0.005,0.005,190.0
M2_a0.9,M2,0.9,0,Spearman-diff,stud,200,0.065,0.0174,0.01,0.007,171.0
M2_a0.9,M2,0.9,0,CopulaCvM,raw,200,0.055,0.0161,0.005,0.005,92.0
M2_a0.9,M2,0.9,0,CopulaCvM,stud,200,0.055,0.0161,0.005,0.005,168.0
M2_a0.9,M2,0.9,0,Gram-a1,raw,200,0.05,0.0154,0.0,0.0,240.0
M2_a0.9,M2,0.9,0,Gram-a1,stud,200,0.05,0.0154,0.0,0.0,112.0
M2_a0.9,M2,0.9,0,Gram-r2,raw,200,0.055,0.0161,0.0,0.0,238.0
M2_a0.9,M2,0.9,0,Gram-r2,stud,200,0.045,0.0147,0.0,0.0,153.0
M2_a0.9,M2,0.9,0,CvM-sub,raw,200,0.045,0.0147,0.02,0.0099,38.0
M2_a0.9,M2,0.9,0,CvM-sub,stud,200,0.065,0.0174,0.005,0.005,190.0
S1_r0.35,D1,0.35,0,DOMI-diff,raw,200,0.34,0.0335,0.0,0.0,221.0
S1_r0.35,D1,0.35,0,DOMI-diff,stud,200,0.87,0.0238,0.425,0.035,32.5
S1_r0.35,D1,0.35,0,HSIC-diff,raw,200,0.415,0.0348,0.025,0.011,189.0
S1_r0.35,D1,0.35,0,HSIC-diff,stud,200,0.755,0.0304,0.25,0.0306,57.0
S1_r0.35,D1,0.35,0,dCor-diff,raw,200,0.875,0.0234,0.305,0.0326,56.0
S1_r0.35,D1,0.35,0,dCor-diff,stud,200,0.84,0.0259,0.275,0.0316,56.5
S1_r0.35,D1,0.35,0,Spearman-diff,raw,200,0.95,0.0154,0.66,0.0335,15.5
S1_r0.35,D1,0.35,0,Spearman-diff,stud,200,0.95,0.0154,0.64,0.0339,18.0
S1_r0.35,D1,0.35,0,CopulaCvM,raw,200,0.22,0.0293,0.075,0.0186,64.5
S1_r0.35,D1,0.35,0,CopulaCvM,stud,200,0.19,0.0277,0.065,0.0174,66.0
S1_r0.35,D1,0.35,0,Gram-a1,raw,200,0.285,0.0319,0.0,0.0,225.0
S1_r0.35,D1,0.35,0,Gram-a1,stud,200,0.875,0.0234,0.52,0.0353,25.0
S1_r0.35,D1,0.35,0,Gram-r2,raw,200,0.365,0.034,0.02,0.0099,212.0
S1_r0.35,D1,0.35,0,Gram-r2,stud,200,0.76,0.0302,0.35,0.0337,39.0
S1_r0.35,D1,0.35,0,CvM-sub,raw,200,0.95,0.0154,0.705,0.0322,14.0
S1_r0.35,D1,0.35,0,CvM-sub,stud,200,0.89,0.0221,0.54,0.0352,20.0
S3_tau0.5,D3,0.5,0,DOMI-diff,raw,200,0.08,0.0192,0.015,0.0086,141.5
S3_tau0.5,D3,0.5,0,DOMI-diff,stud,200,0.08,0.0192,0.01,0.007,122.5
S3_tau0.5,D3,0.5,0,HSIC-diff,raw,200,0.06,0.0168,0.0,0.0,158.0
S3_tau0.5,D3,0.5,0,HSIC-diff,stud,200,0.055,0.0161,0.0,0.0,138.0
S3_tau0.5,D3,0.5,0,dCor-diff,raw,200,0.06,0.0168,0.015,0.0086,74.5
S3_tau0.5,D3,0.5,0,dCor-diff,stud,200,0.075,0.0186,0.01,0.007,72.0
S3_tau0.5,D3,0.5,0,Spearman-diff,raw,200,0.08,0.0192,0.015,0.0086,159.5
S3_tau0.5,D3,0.5,0,Spearman-diff,stud,200,0.085,0.0197,0.015,0.0086,84.0
S3_tau0.5,D3,0.5,0,CopulaCvM,raw,200,0.05,0.0154,0.01,0.007,115.0
S3_tau0.5,D3,0.5,0,CopulaCvM,stud,200,0.07,0.018,0.01,0.007,153.0
S3_tau0.5,D3,0.5,0,Gram-a1,raw,200,0.065,0.0174,0.015,0.0086,69.0
S3_tau0.5,D3,0.5,0,Gram-a1,stud,200,0.095,0.0207,0.01,0.007,94.0
S3_tau0.5,D3,0.5,0,Gram-r2,raw,200,0.08,0.0192,0.02,0.0099,103.5
S3_tau0.5,D3,0.5,0,Gram-r2,stud,200,0.075,0.0186,0.015,0.0086,76.0
S3_tau0.5,D3,0.5,0,CvM-sub,raw,200,0.555,0.0351,0.38,0.0343,20.0
S3_tau0.5,D3,0.5,0,CvM-sub,stud,200,0.43,0.035,0.22,0.0293,29.0
