null,scheme,rep,reject_thr,reject_p
dependent,pair,0,0,0
dependent,yonly,0,1,1
dependent,pair,1,0,0
dependent,yonly,1,1,1
dependent,pair,2,0,0
dependent,yonly,2,1,1
dependent,pair,3,0,0
dependent,yonly,3,1,1
dependent,pair,4,0,0
dependent,yonly,4,1,1
dependent,pair,5,0,0
dependent,yonly,5,1,1
dependent,pair,6,0,0
dependent,yonly,6,1,1
dependent,pair,7,0,0
dependent,yonly,7,1,1
dependent,pair,8,0,0
dependent,yonly,8,1,1
dependent,pair,9,0,0
dependent,yonly,9,1,1
dependent,pair,10,0,0
dependent,yonly,10,1,1
dependent,pair,11,0,0
dependent,yonly,11,1,1
dependent,pair,12,0,0
dependent,yonly,12,1,1
dependent,pair,13,0,0
dependent,yonly,13,1,1
dependent,pair,14,0,0
dependent,yonly,14,1,1
dependent,pair,15,0,0
dependent,yonly,15,1,1
dependent,pair,16,0,0
dependent,yonly,16,1,1
dependent,pair,17,0,0
dependent,yonly,17,1,1
dependent,pair,18,0,0
dependent,yonly,18,1,1
dependent,pair,19,0,0
dependent,yonly,19,1,1
dependent,pair,20,0,0
dependent,yonly,20,1,1
dependent,pair,21,1,1
dependent,yonly,21,1,1
dependent,pair,22,0,0
dependent,yonly,22,1,1
dependent,pair,23,0,0
dependent,yonly,23,1,1
dependent,pair,24,0,0
dependent,yonly,24,1,1
dependent,pair,25,0,0
dependent,yonly,25,1,1
dependent,pair,26,0,0
dependent,yonly,26,1,1
dependent,pair,27,0,0
dependent,yonly,27,1,1
dependent,pair,28,0,0
dependent,yonly,28,1,1
dependent,pair,29,0,0
dependent,yonly,29,1,1
dependent,pair,30,0,0
dependent,yonly,30,1,1
dependent,pair,31,0,0
dependent,yonly,31,1,1
dependent,pair,32,0,0
dependent,yonly,32,1,1
dependent,pair,33,0,0
dependent,yonly,33,1,1
dependent,pair,34,0,0
dependent,yonly,34,1,1
dependent,pair,35,0,0
dependent,yonly,35,1,1
dependent,pair,36,0,0
dependent,yonly,36,1,1
dependent,pair,37,0,0
dependent,yonly,37,1,1
dependent,pair,38,0,0
dependent,yonly,38,1,1
dependent,pair,39,0,0
dependent,yonly,39,1,1
dependent,pair,40,0,0
dependent,yonly,40,1,1
dependent,pair,41,0,0
dependent,yonly,41,1,1
dependent,pair,42,0,0
dependent,yonly,42,1,1
dependent,pair,43,0,0
dependent,yonly,43,1,1
dependent,pair,44,0,0
dependent,yonly,44,1,1
dependent,pair,45,0,0
dependent,yonly,45,1,1
dependent,pair,46,0,0
dependent,yonly,46,1,1
dependent,pair,47,0,0
dependent,yonly,47,1,1
dependent,pair,48,0,0
dependent,yonly,48,0,0
dependent,pair,49,0,0
dependent,yonly,49,1,1
dependent,pair,50,0,0
dependent,yonly,50,1,1
dependent,pair,51,0,0
dependent,yonly,51,1,1
dependent,pair,52,0,0
dependent,yonly,52,0,0
dependent,pair,53,0,0
dependent,yonly,53,1,1
dependent,pair,54,0,0
dependent,yonly,54,1,1
dependent,pair,55,1,1
dependent,yonly,55,1,1
dependent,pair,56,0,0
dependent,yonly,56,0,0
dependent,pair,57,0,0
dependent,yonly,57,1,1
dependent,pair,58,0,0
dependent,yonly,58,1,1
dependent,pair,59,0,0
dependent,yonly,59,1,1
dependent,pair,60,0,0
dependent,yonly,60,1,1
dependent,pair,61,0,0
dependent,yonly,61,1,1
dependent,pair,62,0,0
dependent,yonly,62,1,1
dependent,pair,63,0,0
dependent,yonly,63,1,1
dependent,pair,64,0,0
dependent,yonly,64,1,1
dependent,pair,65,0,0
dependent,yonly,65,1,1
dependent,pair,66,0,0
dependent,yonly,66,0,0
dependent,pair,67,0,0
dependent,yonly,67,1,1
dependent,pair,68,0,0
dependent,yonly,68,1,1
dependent,pair,69,0,0
dependent,yonly,69,1,1
dependent,pair,70,0,0
dependent,yonly,70,1,1
dependent,pair,71,0,0
dependent,yonly,71,1,1
dependent,pair,72,0,0
dependent,yonly,72,1,1
dependent,pair,73,0,0
dependent,yonly,73,1,1
dependent,pair,74,0,0
dependent,yonly,74,1,1
dependent,pair,75,0,0
dependent,yonly,75,1,1
dependent,pair,76,0,0
dependent,yonly,76,1,1
dependent,pair,77,1,1
dependent,yonly,77,1,1
dependent,pair,78,0,0
dependent,yonly,78,1,1
dependent,pair,79,0,0
dependent,yonly,79,1,1
dependent,pair,80,0,0
dependent,yonly,80,1,1
dependent,pair,81,0,0
dependent,yonly,81,1,1
dependent,pair,82,0,0
dependent,yonly,82,1,1
dependent,pair,83,0,0
dependent,yonly,83,1,1
dependent,pair,84,0,0
dependent,yonly,84,1,1
dependent,pair,85,1,1
dependent,yonly,85,1,1
dependent,pair,86,0,0
dependent,yonly,86,1,1
dependent,pair,87,0,0
dependent,yonly,87,1,1
dependent,pair,88,0,0
dependent,yonly,88,1,1
dependent,pair,89,0,0
dependent,yonly,89,1,1
dependent,pair,90,0,0
dependent,yonly,90,1,1
dependent,pair,91,0,0
dependent,yonly,91,1,1
dependent,pair,92,0,0
dependent,yonly,92,1,1
dependent,pair,93,0,0
dependent,yonly,93,1,1
dependent,pair,94,0,0
dependent,yonly,94,1,1
dependent,pair,95,0,0
dependent,yonly,95,1,1
dependent,pair,96,1,1
dependent,yonly,96,1,1
dependent,pair,97,0,0
dependent,yonly,97,1,1
dependent,pair,98,0,0
dependent,yonly,98,1,1
dependent,pair,99,1,1
dependent,yonly,99,1,1
dependent,pair,100,0,0
dependent,yonly,100,1,1
dependent,pair,101,0,0
dependent,yonly,101,1,1
dependent,pair,102,0,0
dependent,yonly,102,1,1
dependent,pair,103,0,0
dependent,yonly,103,1,1
dependent,pair,104,0,0
dependent,yonly,104,1,1
dependent,pair,105,0,0
dependent,yonly,105,1,1
dependent,pair,106,1,0
dependent,yonly,106,1,1
dependent,pair,107,0,0
dependent,yonly,107,1,1
dependent,pair,108,0,0
dependent,yonly,108,1,1
dependent,pair,109,0,0
dependent,yonly,109,1,1
dependent,pair,110,0,0
dependent,yonly,110,1,1
dependent,pair,111,0,0
dependent,yonly,111,1,1
dependent,pair,112,0,0
dependent,yonly,112,1,1
dependent,pair,113,0,0
dependent,yonly,113,1,1
dependent,pair,114,1,1
dependent,yonly,114,1,1
dependent,pair,115,1,1
dependent,yonly,115,1,1
dependent,pair,116,0,0
dependent,yonly,116,1,1
dependent,pair,117,0,0
dependent,yonly,117,1,1
dependent,pair,118,0,0
dependent,yonly,118,1,1
dependent,pair,119,0,0
dependent,yonly,119,1,1
dependent,pair,120,0,0
dependent,yonly,120,1,1
dependent,pair,121,0,0
dependent,yonly,121,1,1
dependent,pair,122,0,0
dependent,yonly,122,1,1
dependent,pair,123,0,0
dependent,yonly,123,1,1
dependent,pair,124,0,0
dependent,yonly,124,1,1
dependent,pair,125,0,0
dependent,yonly,125,1,1
dependent,pair,126,0,0
dependent,yonly,126,1,1
dependent,pair,127,0,0
dependent,yonly,127,1,1
dependent,pair,128,0,0
dependent,yonly,128,1,1
dependent,pair,129,0,0
dependent,yonly,129,1,1
dependent,pair,130,0,0
dependent,yonly,130,1,1
dependent,pair,131,0,0
dependent,yonly,131,1,1
dependent,pair,132,0,0
dependent,yonly,132,1,1
dependent,pair,133,0,0
dependent,yonly,133,1,1
dependent,pair,134,0,0
dependent,yonly,134,1,1
dependent,pair,135,0,0
dependent,yonly,135,1,1
dependent,pair,136,0,0
dependent,yonly,136,1,1
dependent,pair,137,0,0
dependent,yonly,137,1,1
dependent,pair,138,0,0
dependent,yonly,138,1,1
dependent,pair,139,0,0
dependent,yonly,139,1,1
dependent,pair,140,0,0
dependent,yonly,140,1,1
dependent,pair,141,0,0
dependent,yonly,141,1,1
dependent,pair,142,0,0
dependent,yonly,142,1,1
dependent,pair,143,1,1
dependent,yonly,143,1,1
dependent,pair,144,0,0
dependent,yonly,144,1,1
dependent,pair,145,0,0
dependent,yonly,145,1,1
dependent,pair,146,0,0
dependent,yonly,146,1,1
dependent,pair,147,0,0
dependent,yonly,147,1,1
dependent,pair,148,0,0
dependent,yonly,148,1,1
dependent,pair,149,0,0
dependent,yonly,149,1,1
dependent,pair,150,0,0
dependent,yonly,150,1,1
dependent,pair,151,0,0
dependent,yonly,151,1,1
dependent,pair,152,1,1
dependent,yonly,152,1,1
dependent,pair,153,0,0
dependent,yonly,153,1,1
dependent,pair,154,0,0
dependent,yonly,154,1,1
dependent,pair,155,0,0
dependent,yonly,155,1,1
dependent,pair,156,0,0
dependent,yonly,156,1,1
dependent,pair,157,0,0
dependent,yonly,157,1,1
dependent,pair,158,0,0
dependent,yonly,158,0,0
dependent,pair,159,0,0
dependent,yonly,159,1,1
dependent,pair,160,1,1
dependent,yonly,160,1,1
dependent,pair,161,0,0
dependent,yonly,161,1,1
dependent,pair,162,0,0
dependent,yonly,162,1,1
dependent,pair,163,0,0
dependent,yonly,163,1,1
dependent,pair,164,0,0
dependent,yonly,164,1,1
dependent,pair,165,0,0
dependent,yonly,165,1,1
dependent,pair,166,0,0
dependent,yonly,166,0,0
dependent,pair,167,0,0
dependent,yonly,167,1,1
dependent,pair,168,0,0
dependent,yonly,168,1,1
dependent,pair,169,0,0
dependent,yonly,169,1,1
dependent,pair,170,0,0
dependent,yonly,170,1,1
dependent,pair,171,1,1
dependent,yonly,171,1,1
dependent,pair,172,0,0
dependent,yonly,172,1,1
dependent,pair,173,0,0
dependent,yonly,173,1,1
dependent,pair,174,0,0
dependent,yonly,174,1,1
dependent,pair,175,0,0
dependent,yonly,175,1,1
dependent,pair,176,0,0
dependent,yonly,176,1,1
dependent,pair,177,0,0
dependent,yonly,177,1,1
dependent,pair,178,0,0
dependent,yonly,178,1,1
dependent,pair,179,0,0
dependent,yonly,179,1,1
dependent,pair,180,0,0
dependent,yonly,180,1,1
dependent,pair,181,0,0
dependent,yonly,181,1,1
dependent,pair,182,0,0
dependent,yonly,182,1,1
dependent,pair,183,1,1
dependent,yonly,183,1,1
dependent,pair,184,0,0
dependent,yonly,184,1,1
dependent,pair,185,1,1
dependent,yonly,185,1,1
dependent,pair,186,0,0
dependent,yonly,186,1,1
dependent,pair,187,0,0
dependent,yonly,187,1,1
dependent,pair,188,0,0
dependent,yonly,188,1,1
dependent,pair,189,0,0
dependent,yonly,189,1,1
dependent,pair,190,0,0
dependent,yonly,190,1,1
dependent,pair,191,0,0
dependent,yonly,191,1,1
dependent,pair,192,0,0
dependent,yonly,192,1,1
dependent,pair,193,0,0
dependent,yonly,193,1,1
dependent,pair,194,0,0
dependent,yonly,194,1,0
dependent,pair,195,0,0
dependent,yonly,195,1,1
dependent,pair,196,0,0
dependent,yonly,196,1,1
dependent,pair,197,0,0
dependent,yonly,197,1,1
dependent,pair,198,0,0
dependent,yonly,198,1,1
dependent,pair,199,0,0
dependent,yonly,199,1,1
nonlinear,pair,0,0,0
nonlinear,yonly,0,0,0
nonlinear,pair,1,0,0
nonlinear,yonly,1,0,0
nonlinear,pair,2,0,0
nonlinear,yonly,2,1,1
nonlinear,pair,3,0,0
nonlinear,yonly,3,1,0
nonlinear,pair,4,0,0
nonlinear,yonly,4,1,1
nonlinear,pair,5,0,0
nonlinear,yonly,5,0,0
nonlinear,pair,6,0,0
nonlinear,yonly,6,0,0
nonlinear,pair,7,0,0
nonlinear,yonly,7,0,0
nonlinear,pair,8,0,0
nonlinear,yonly,8,0,0
nonlinear,pair,9,0,0
nonlinear,yonly,9,1,1
nonlinear,pair,10,0,0
nonlinear,yonly,10,0,0
nonlinear,pair,11,0,0
nonlinear,yonly,11,1,1
nonlinear,pair,12,0,0
nonlinear,yonly,12,0,0
nonlinear,pair,13,0,0
nonlinear,yonly,13,0,0
nonlinear,pair,14,0,0
nonlinear,yonly,14,0,0
nonlinear,pair,15,0,0
nonlinear,yonly,15,1,1
nonlinear,pair,16,0,0
nonlinear,yonly,16,0,0
nonlinear,pair,17,0,0
nonlinear,yonly,17,0,0
nonlinear,pair,18,0,0
nonlinear,yonly,18,0,0
nonlinear,pair,19,0,0
nonlinear,yonly,19,0,0
nonlinear,pair,20,0,0
nonlinear,yonly,20,0,0
nonlinear,pair,21,0,0
nonlinear,yonly,21,0,0
nonlinear,pair,22,0,0
nonlinear,yonly,22,0,0
nonlinear,pair,23,0,0
nonlinear,yonly,23,0,0
nonlinear,pair,24,0,0
nonlinear,yonly,24,0,0
nonlinear,pair,25,0,0
nonlinear,yonly,25,0,0
nonlinear,pair,26,0,0
nonlinear,yonly,26,1,0
nonlinear,pair,27,0,0
nonlinear,yonly,27,0,0
nonlinear,pair,28,0,0
nonlinear,yonly,28,0,0
nonlinear,pair,29,0,0
nonlinear,yonly,29,0,0
nonlinear,pair,30,0,0
nonlinear,yonly,30,0,0
nonlinear,pair,31,1,1
nonlinear,yonly,31,1,1
nonlinear,pair,32,0,0
nonlinear,yonly,32,1,0
nonlinear,pair,33,0,0
nonlinear,yonly,33,0,0
nonlinear,pair,34,0,0
nonlinear,yonly,34,0,0
nonlinear,pair,35,0,0
nonlinear,yonly,35,0,0
nonlinear,pair,36,0,0
nonlinear,yonly,36,0,0
nonlinear,pair,37,0,0
nonlinear,yonly,37,0,0
nonlinear,pair,38,0,0
nonlinear,yonly,38,0,0
nonlinear,pair,39,0,0
nonlinear,yonly,39,0,0
nonlinear,pair,40,0,0
nonlinear,yonly,40,0,0
nonlinear,pair,41,0,0
nonlinear,yonly,41,0,0
nonlinear,pair,42,0,0
nonlinear,yonly,42,0,0
nonlinear,pair,43,0,0
nonlinear,yonly,43,0,0
nonlinear,pair,44,0,0
nonlinear,yonly,44,0,0
nonlinear,pair,45,0,0
nonlinear,yonly,45,0,0
nonlinear,pair,46,0,0
nonlinear,yonly,46,0,0
nonlinear,pair,47,0,0
nonlinear,yonly,47,0,0
nonlinear,pair,48,0,0
nonlinear,yonly,48,0,0
nonlinear,pair,49,0,0
nonlinear,yonly,49,0,0
nonlinear,pair,50,0,0
nonlinear,yonly,50,0,0
nonlinear,pair,51,0,0
nonlinear,yonly,51,0,0
nonlinear,pair,52,0,0
nonlinear,yonly,52,0,0
nonlinear,pair,53,0,0
nonlinear,yonly,53,0,0
nonlinear,pair,54,0,0
nonlinear,yonly,54,0,0
nonlinear,pair,55,0,0
nonlinear,yonly,55,1,1
nonlinear,pair,56,1,1
nonlinear,yonly,56,1,1
nonlinear,pair,57,0,0
nonlinear,yonly,57,1,0
nonlinear,pair,58,0,0
nonlinear,yonly,58,1,1
nonlinear,pair,59,0,0
nonlinear,yonly,59,1,1
nonlinear,pair,60,0,0
nonlinear,yonly,60,1,1
nonlinear,pair,61,0,0
nonlinear,yonly,61,0,0
nonlinear,pair,62,0,0
nonlinear,yonly,62,0,0
nonlinear,pair,63,0,0
nonlinear,yonly,63,0,0
nonlinear,pair,64,0,0
nonlinear,yonly,64,1,1
nonlinear,pair,65,0,0
nonlinear,yonly,65,0,0
nonlinear,pair,66,0,0
nonlinear,yonly,66,1,1
nonlinear,pair,67,0,0
nonlinear,yonly,67,0,0
nonlinear,pair,68,0,0
nonlinear,yonly,68,0,0
nonlinear,pair,69,0,0
nonlinear,yonly,69,1,1
nonlinear,pair,70,0,0
nonlinear,yonly,70,1,1
nonlinear,pair,71,1,1
nonlinear,yonly,71,1,1
nonlinear,pair,72,0,0
nonlinear,yonly,72,0,0
nonlinear,pair,73,0,0
nonlinear,yonly,73,0,0
nonlinear,pair,74,0,0
nonlinear,yonly,74,0,0
nonlinear,pair,75,0,0
nonlinear,yonly,75,0,0
nonlinear,pair,76,0,0
nonlinear,yonly,76,0,0
nonlinear,pair,77,0,0
nonlinear,yonly,77,1,1
nonlinear,pair,78,0,0
nonlinear,yonly,78,1,1
nonlinear,pair,79,0,0
nonlinear,yonly,79,0,0
nonlinear,pair,80,0,0
nonlinear,yonly,80,0,0
nonlinear,pair,81,0,0
nonlinear,yonly,81,0,0
nonlinear,pair,82,0,0
nonlinear,yonly,82,0,0
nonlinear,pair,83,0,0
nonlinear,yonly,83,1,1
nonlinear,pair,84,0,0
nonlinear,yonly,84,1,1
nonlinear,pair,85,0,0
nonlinear,yonly,85,0,0
nonlinear,pair,86,0,0
nonlinear,yonly,86,1,1
nonlinear,pair,87,0,0
nonlinear,yonly,87,0,0
nonlinear,pair,88,0,0
nonlinear,yonly,88,0,0
nonlinear,pair,89,0,0
nonlinear,yonly,89,0,0
nonlinear,pair,90,0,0
nonlinear,yonly,90,0,0
nonlinear,pair,91,0,0
nonlinear,yonly,91,0,0
nonlinear,pair,92,0,0
nonlinear,yonly,92,1,1
nonlinear,pair,93,0,0
nonlinear,yonly,93,0,0
nonlinear,pair,94,1,0
nonlinear,yonly,94,1,1
nonlinear,pair,95,0,0
nonlinear,yonly,95,0,0
nonlinear,pair,96,0,0
nonlinear,yonly,96,0,0
nonlinear,pair,97,0,0
nonlinear,yonly,97,1,1
nonlinear,pair,98,0,0
nonlinear,yonly,98,1,0
nonlinear,pair,99,0,0
nonlinear,yonly,99,1,1
nonlinear,pair,100,1,1
nonlinear,yonly,100,1,1
nonlinear,pair,101,0,0
nonlinear,yonly,101,0,0
nonlinear,pair,102,0,0
nonlinear,yonly,102,0,0
nonlinear,pair,103,0,0
nonlinear,yonly,103,0,0
nonlinear,pair,104,0,0
nonlinear,yonly,104,0,0
nonlinear,pair,105,0,0
nonlinear,yonly,105,1,1
nonlinear,pair,106,1,1
nonlinear,yonly,106,1,1
nonlinear,pair,107,1,1
nonlinear,yonly,107,1,1
nonlinear,pair,108,0,0
nonlinear,yonly,108,0,0
nonlinear,pair,109,0,0
nonlinear,yonly,109,0,0
nonlinear,pair,110,0,0
nonlinear,yonly,110,0,0
nonlinear,pair,111,0,0
nonlinear,yonly,111,0,0
nonlinear,pair,112,0,0
nonlinear,yonly,112,0,0
nonlinear,pair,113,1,1
nonlinear,yonly,113,0,0
nonlinear,pair,114,0,0
nonlinear,yonly,114,1,1
nonlinear,pair,115,0,0
nonlinear,yonly,115,0,0
nonlinear,pair,116,0,0
nonlinear,yonly,116,0,0
nonlinear,pair,117,0,0
nonlinear,yonly,117,0,0
nonlinear,pair,118,0,0
nonlinear,yonly,118,0,0
nonlinear,pair,119,0,0
nonlinear,yonly,119,0,0
nonlinear,pair,120,1,1
nonlinear,yonly,120,1,1
nonlinear,pair,121,0,0
nonlinear,yonly,121,1,1
nonlinear,pair,122,0,0
nonlinear,yonly,122,1,1
nonlinear,pair,123,0,0
nonlinear,yonly,123,1,1
nonlinear,pair,124,0,0
nonlinear,yonly,124,1,1
nonlinear,pair,125,0,0
nonlinear,yonly,125,0,0
nonlinear,pair,126,0,0
nonlinear,yonly,126,0,0
nonlinear,pair,127,0,0
nonlinear,yonly,127,0,0
nonlinear,pair,128,0,0
nonlinear,yonly,128,0,0
nonlinear,pair,129,0,0
nonlinear,yonly,129,0,0
nonlinear,pair,130,0,0
nonlinear,yonly,130,1,1
nonlinear,pair,131,0,0
nonlinear,yonly,131,1,1
nonlinear,pair,132,0,0
nonlinear,yonly,132,0,0
nonlinear,pair,133,0,0
nonlinear,yonly,133,0,0
nonlinear,pair,134,0,0
nonlinear,yonly,134,0,0
nonlinear,pair,135,0,0
nonlinear,yonly,135,0,0
nonlinear,pair,136,0,0
nonlinear,yonly,136,1,1
nonlinear,pair,137,0,0
nonlinear,yonly,137,0,0
nonlinear,pair,138,0,0
nonlinear,yonly,138,0,0
nonlinear,pair,139,0,0
nonlinear,yonly,139,0,0
nonlinear,pair,140,0,0
nonlinear,yonly,140,0,0
nonlinear,pair,141,0,0
nonlinear,yonly,141,1,0
nonlinear,pair,142,1,1
nonlinear,yonly,142,1,1
nonlinear,pair,143,0,0
nonlinear,yonly,143,0,0
nonlinear,pair,144,0,0
nonlinear,yonly,144,1,1
nonlinear,pair,145,0,0
nonlinear,yonly,145,0,0
nonlinear,pair,146,0,0
nonlinear,yonly,146,0,0
nonlinear,pair,147,0,0
nonlinear,yonly,147,0,0
nonlinear,pair,148,0,0
nonlinear,yonly,148,1,1
nonlinear,pair,149,0,0
nonlinear,yonly,149,0,0
nonlinear,pair,150,0,0
nonlinear,yonly,150,1,1
nonlinear,pair,151,1,1
nonlinear,yonly,151,1,1
nonlinear,pair,152,0,0
nonlinear,yonly,152,0,0
nonlinear,pair,153,0,0
nonlinear,yonly,153,1,1
nonlinear,pair,154,0,0
nonlinear,yonly,154,1,1
nonlinear,pair,155,0,0
nonlinear,yonly,155,0,0
nonlinear,pair,156,0,0
nonlinear,yonly,156,0,0
nonlinear,pair,157,0,0
nonlinear,yonly,157,0,0
nonlinear,pair,158,0,0
nonlinear,yonly,158,0,0
nonlinear,pair,159,0,0
nonlinear,yonly,159,0,0
nonlinear,pair,160,0,0
nonlinear,yonly,160,0,0
nonlinear,pair,161,0,0
nonlinear,yonly,161,0,0
nonlinear,pair,162,0,0
nonlinear,yonly,162,0,0
nonlinear,pair,163,0,0
nonlinear,yonly,163,0,0
nonlinear,pair,164,1,1
nonlinear,yonly,164,1,1
nonlinear,pair,165,0,0
nonlinear,yonly,165,0,0
nonlinear,pair,166,0,0
nonlinear,yonly,166,0,0
nonlinear,pair,167,0,0
nonlinear,yonly,167,0,0
nonlinear,pair,168,0,0
nonlinear,yonly,168,0,0
nonlinear,pair,169,0,0
nonlinear,yonly,169,0,0
nonlinear,pair,170,0,0
nonlinear,yonly,170,1,1
nonlinear,pair,171,0,0
nonlinear,yonly,171,0,0
nonlinear,pair,172,0,0
nonlinear,yonly,172,0,0
nonlinear,pair,173,0,0
nonlinear,yonly,173,0,0
nonlinear,pair,174,0,0
nonlinear,yonly,174,0,0
nonlinear,pair,175,0,0
nonlinear,yonly,175,1,1
nonlinear,pair,176,0,0
nonlinear,yonly,176,0,0
nonlinear,pair,177,0,0
nonlinear,yonly,177,1,1
nonlinear,pair,178,0,0
nonlinear,yonly,178,1,1
nonlinear,pair,179,0,0
nonlinear,yonly,179,0,0
nonlinear,pair,180,0,0
nonlinear,yonly,180,1,1
nonlinear,pair,181,0,0
nonlinear,yonly,181,0,0
nonlinear,pair,182,0,0
nonlinear,yonly,182,0,0
nonlinear,pair,183,0,0
nonlinear,yonly,183,1,0
nonlinear,pair,184,0,0
nonlinear,yonly,184,0,0
nonlinear,pair,185,0,0
nonlinear,yonly,185,0,0
nonlinear,pair,186,0,0
nonlinear,yonly,186,0,0
nonlinear,pair,187,0,0
nonlinear,yonly,187,0,0
nonlinear,pair,188,0,0
nonlinear,yonly,188,0,0
nonlinear,pair,189,0,0
nonlinear,yonly,189,0,0
nonlinear,pair,190,0,0
nonlinear,yonly,190,0,0
nonlinear,pair,191,0,0
nonlinear,yonly,191,0,0
nonlinear,pair,192,0,0
nonlinear,yonly,192,1,1
nonlinear,pair,193,0,0
nonlinear,yonly,193,0,0
nonlinear,pair,194,0,0
nonlinear,yonly,194,0,0
nonlinear,pair,195,0,0
nonlinear,yonly,195,0,0
nonlinear,pair,196,0,0
nonlinear,yonly,196,0,0
nonlinear,pair,197,0,0
nonlinear,yonly,197,0,0
nonlinear,pair,198,0,0
nonlinear,yonly,198,0,0
nonlinear,pair,199,1,1
nonlinear,yonly,199,1,1
independent,pair,0,0,0
independent,yonly,0,0,0
independent,pair,1,0,0
independent,yonly,1,0,0
independent,pair,2,0,0
independent,yonly,2,0,0
independent,pair,3,0,0
independent,yonly,3,0,0
independent,pair,4,0,0
independent,yonly,4,0,0
independent,pair,5,0,0
independent,yonly,5,0,0
independent,pair,6,0,0
independent,yonly,6,0,0
independent,pair,7,0,0
independent,yonly,7,0,0
independent,pair,8,0,0
independent,yonly,8,0,0
independent,pair,9,0,0
independent,yonly,9,0,0
independent,pair,10,0,0
independent,yonly,10,0,0
independent,pair,11,0,0
independent,yonly,11,0,0
independent,pair,12,0,0
independent,yonly,12,0,0
independent,pair,13,0,0
independent,yonly,13,0,0
independent,pair,14,0,0
independent,yonly,14,0,0
independent,pair,15,0,0
independent,yonly,15,0,0
independent,pair,16,0,0
independent,yonly,16,0,0
independent,pair,17,0,0
independent,yonly,17,0,0
independent,pair,18,0,0
independent,yonly,18,0,0
independent,pair,19,0,0
independent,yonly,19,0,0
independent,pair,20,0,0
independent,yonly,20,0,0
independent,pair,21,0,0
independent,yonly,21,0,0
independent,pair,22,0,0
independent,yonly,22,0,0
independent,pair,23,0,0
independent,yonly,23,1,1
independent,pair,24,0,0
independent,yonly,24,0,0
independent,pair,25,0,0
independent,yonly,25,0,0
independent,pair,26,0,0
independent,yonly,26,0,0
independent,pair,27,0,0
independent,yonly,27,0,0
independent,pair,28,0,0
independent,yonly,28,0,0
independent,pair,29,0,0
independent,yonly,29,0,0
independent,pair,30,0,0
independent,yonly,30,0,0
independent,pair,31,0,0
independent,yonly,31,0,0
independent,pair,32,0,0
independent,yonly,32,0,0
independent,pair,33,0,0
independent,yonly,33,0,0
independent,pair,34,0,0
independent,yonly,34,0,0
independent,pair,35,0,0
independent,yonly,35,0,0
independent,pair,36,0,0
independent,yonly,36,0,0
independent,pair,37,0,0
independent,yonly,37,0,0
independent,pair,38,0,0
independent,yonly,38,0,0
independent,pair,39,0,0
independent,yonly,39,0,0
independent,pair,40,0,0
independent,yonly,40,0,0
independent,pair,41,0,0
independent,yonly,41,0,0
independent,pair,42,0,0
independent,yonly,42,0,0
independent,pair,43,1,1
independent,yonly,43,0,0
independent,pair,44,0,0
independent,yonly,44,0,0
independent,pair,45,0,0
independent,yonly,45,0,0
independent,pair,46,0,0
independent,yonly,46,0,0
independent,pair,47,0,0
independent,yonly,47,0,0
independent,pair,48,0,0
independent,yonly,48,0,0
independent,pair,49,0,0
independent,yonly,49,0,0
independent,pair,50,0,0
independent,yonly,50,0,0
independent,pair,51,1,1
independent,yonly,51,0,0
independent,pair,52,0,0
independent,yonly,52,0,0
independent,pair,53,0,0
independent,yonly,53,0,0
independent,pair,54,0,0
independent,yonly,54,0,0
independent,pair,55,1,1
independent,yonly,55,1,1
independent,pair,56,0,0
independent,yonly,56,0,0
independent,pair,57,0,0
independent,yonly,57,0,0
independent,pair,58,0,0
independent,yonly,58,0,0
independent,pair,59,0,0
independent,yonly,59,0,0
independent,pair,60,0,0
independent,yonly,60,0,0
independent,pair,61,0,0
independent,yonly,61,0,0
independent,pair,62,1,0
independent,yonly,62,0,0
independent,pair,63,0,0
independent,yonly,63,0,0
independent,pair,64,1,1
independent,yonly,64,0,0
independent,pair,65,0,0
independent,yonly,65,0,0
independent,pair,66,0,0
independent,yonly,66,0,0
independent,pair,67,0,0
independent,yonly,67,0,0
independent,pair,68,0,0
independent,yonly,68,0,0
independent,pair,69,0,0
independent,yonly,69,0,0
independent,pair,70,0,0
independent,yonly,70,0,0
independent,pair,71,0,0
independent,yonly,71,0,0
independent,pair,72,0,0
independent,yonly,72,0,0
independent,pair,73,0,0
independent,yonly,73,0,0
independent,pair,74,0,0
independent,yonly,74,0,0
independent,pair,75,0,0
independent,yonly,75,0,0
independent,pair,76,0,0
independent,yonly,76,0,0
independent,pair,77,0,0
independent,yonly,77,0,0
independent,pair,78,0,0
independent,yonly,78,0,0
independent,pair,79,0,0
independent,yonly,79,0,0
independent,pair,80,0,0
independent,yonly,80,0,0
independent,pair,81,0,0
independent,yonly,81,0,0
independent,pair,82,0,0
independent,yonly,82,0,0
independent,pair,83,1,1
independent,yonly,83,0,0
independent,pair,84,0,0
independent,yonly,84,0,0
independent,pair,85,0,0
independent,yonly,85,0,0
independent,pair,86,1,1
independent,yonly,86,0,0
independent,pair,87,0,0
independent,yonly,87,0,0
independent,pair,88,0,0
independent,yonly,88,0,0
independent,pair,89,0,0
independent,yonly,89,0,0
independent,pair,90,0,0
independent,yonly,90,0,0
independent,pair,91,0,0
independent,yonly,91,0,0
independent,pair,92,0,0
independent,yonly,92,1,1
independent,pair,93,0,0
independent,yonly,93,0,0
independent,pair,94,0,0
independent,yonly,94,0,0
independent,pair,95,0,0
independent,yonly,95,0,0
independent,pair,96,0,0
independent,yonly,96,0,0
independent,pair,97,0,0
independent,yonly,97,0,0
independent,pair,98,0,0
independent,yonly,98,0,0
independent,pair,99,0,0
independent,yonly,99,0,0
independent,pair,100,1,1
independent,yonly,100,1,1
independent,pair,101,0,0
independent,yonly,101,0,0
independent,pair,102,0,0
independent,yonly,102,0,0
independent,pair,103,0,0
independent,yonly,103,0,0
independent,pair,104,0,0
independent,yonly,104,0,0
independent,pair,105,0,0
independent,yonly,105,0,0
independent,pair,106,0,0
independent,yonly,106,0,0
independent,pair,107,0,0
independent,yonly,107,0,0
independent,pair,108,1,1
independent,yonly,108,1,1
independent,pair,109,0,0
independent,yonly,109,0,0
independent,pair,110,0,0
independent,yonly,110,0,0
independent,pair,111,0,0
independent,yonly,111,0,0
independent,pair,112,0,0
independent,yonly,112,0,0
independent,pair,113,0,0
independent,yonly,113,0,0
independent,pair,114,0,0
independent,yonly,114,0,0
independent,pair,115,0,0
independent,yonly,115,0,0
independent,pair,116,0,0
independent,yonly,116,0,0
independent,pair,117,0,0
independent,yonly,117,0,0
independent,pair,118,0,0
independent,yonly,118,1,1
independent,pair,119,0,0
independent,yonly,119,0,0
independent,pair,120,0,0
independent,yonly,120,0,0
independent,pair,121,0,0
independent,yonly,121,0,0
independent,pair,122,0,0
independent,yonly,122,0,0
independent,pair,123,0,0
independent,yonly,123,0,0
independent,pair,124,0,0
independent,yonly,124,0,0
independent,pair,125,0,0
independent,yonly,125,0,0
independent,pair,126,0,0
independent,yonly,126,0,0
independent,pair,127,0,0
independent,yonly,127,0,0
independent,pair,128,0,0
independent,yonly,128,0,0
independent,pair,129,0,0
independent,yonly,129,0,0
independent,pair,130,0,0
independent,yonly,130,0,0
independent,pair,131,0,0
independent,yonly,131,0,0
independent,pair,132,0,0
independent,yonly,132,0,0
independent,pair,133,0,0
independent,yonly,133,0,0
independent,pair,134,0,0
independent,yonly,134,0,0
independent,pair,135,0,0
independent,yonly,135,0,0
independent,pair,136,0,0
independent,yonly,136,0,0
independent,pair,137,0,0
independent,yonly,137,1,1
independent,pair,138,0,0
independent,yonly,138,0,0
independent,pair,139,0,0
independent,yonly,139,0,0
independent,pair,140,0,0
independent,yonly,140,0,0
independent,pair,141,1,0
independent,yonly,141,1,0
independent,pair,142,0,0
independent,yonly,142,0,0
independent,pair,143,0,0
independent,yonly,143,0,0
independent,pair,144,0,0
independent,yonly,144,0,0
independent,pair,145,0,0
independent,yonly,145,0,0
independent,pair,146,0,0
independent,yonly,146,0,0
independent,pair,147,0,0
independent,yonly,147,0,0
independent,pair,148,0,0
independent,yonly,148,0,0
independent,pair,149,0,0
independent,yonly,149,0,0
independent,pair,150,0,0
independent,yonly,150,0,0
independent,pair,151,0,0
independent,yonly,151,0,0
independent,pair,152,0,0
independent,yonly,152,1,1
independent,pair,153,0,0
independent,yonly,153,0,0
independent,pair,154,0,0
independent,yonly,154,0,0
independent,pair,155,0,0
independent,yonly,155,0,0
independent,pair,156,0,0
independent,yonly,156,0,0
independent,pair,157,0,0
independent,yonly,157,0,0
independent,pair,158,0,0
independent,yonly,158,0,0
independent,pair,159,0,0
independent,yonly,159,0,0
independent,pair,160,1,0
independent,yonly,160,1,1
independent,pair,161,0,0
independent,yonly,161,0,0
independent,pair,162,0,0
independent,yonly,162,0,0
independent,pair,163,0,0
independent,yonly,163,0,0
independent,pair,164,1,1
independent,yonly,164,1,1
independent,pair,165,0,0
independent,yonly,165,0,0
independent,pair,166,0,0
independent,yonly,166,0,0
independent,pair,167,0,0
independent,yonly,167,0,0
independent,pair,168,0,0
independent,yonly,168,0,0
independent,pair,169,0,0
independent,yonly,169,0,0
independent,pair,170,0,0
independent,yonly,170,0,0
independent,pair,171,0,0
independent,yonly,171,0,0
independent,pair,172,0,0
independent,yonly,172,0,0
independent,pair,173,0,0
independent,yonly,173,0,0
independent,pair,174,0,0
independent,yonly,174,0,0
independent,pair,175,0,0
independent,yonly,175,0,0
independent,pair,176,0,0
independent,yonly,176,0,0
independent,pair,177,0,0
independent,yonly,177,0,0
independent,pair,178,0,0
independent,yonly,178,0,0
independent,pair,179,1,1
independent,yonly,179,1,1
independent,pair,180,0,0
independent,yonly,180,0,0
independent,pair,181,0,0
independent,yonly,181,0,0
independent,pair,182,0,0
independent,yonly,182,0,0
independent,pair,183,0,0
independent,yonly,183,0,0
independent,pair,184,0,0
independent,yonly,184,0,0
independent,pair,185,0,0
independent,yonly,185,0,0
independent,pair,186,0,0
independent,yonly,186,0,0
independent,pair,187,0,0
independent,yonly,187,0,0
independent,pair,188,0,0
independent,yonly,188,0,0
independent,pair,189,0,0
independent,yonly,189,0,0
independent,pair,190,1,0
independent,yonly,190,0,0
independent,pair,191,0,0
independent,yonly,191,0,0
independent,pair,192,0,0
independent,yonly,192,0,0
independent,pair,193,0,0
independent,yonly,193,0,0
independent,pair,194,0,0
independent,yonly,194,0,0
independent,pair,195,0,0
independent,yonly,195,0,0
independent,pair,196,0,0
independent,yonly,196,0,0
independent,pair,197,0,0
independent,yonly,197,0,0
independent,pair,198,0,0
independent,yonly,198,1,1
independent,pair,199,0,0
independent,yonly,199,0,0
