design,rep,decision,tau_int,b_hat,b_used,n_blocks_used,diagp_lb_level_x,diagp_lb_level_y,diagp_lb_scale_x,diagp_lb_scale_y,diagp_lb_cross,p_pair,p_block20,p_block50,p_adaptive,secs
iid,0,pair,1.0878799604098037,6,1,600,0.475,0.345,0.615,0.71,0.66,0.335,0.11,0.195,0.335,253.8
iid,1,pair,1.1344824568957137,6,1,600,0.73,0.79,0.04,0.475,0.57,0.34,0.525,0.29,0.34,254.9
iid,2,pair,1.336499653195703,7,1,600,0.605,0.465,0.995,0.215,0.54,0.955,0.965,0.88,0.955,253.6
iid,3,pair,1.1045177182546924,6,1,600,0.31,0.245,0.135,0.755,0.085,0.205,0.155,0.09,0.205,255.5
iid,4,pair,1.1472961967631043,6,1,600,0.27,0.59,0.275,0.23,0.495,0.11,0.145,0.175,0.11,246.3
iid,5,pair,1.135505959738777,6,1,600,0.675,0.25,0.825,0.625,0.085,0.07,0.1,0.17,0.07,256.0
iid,6,pair,1.1212535088181392,6,1,600,0.75,0.825,0.485,0.89,0.945,0.445,0.46,0.37,0.445,251.2
iid,7,pair,1.1643504645600218,6,1,600,0.775,0.47,0.97,0.915,0.44,0.775,0.81,0.905,0.775,256.3
iid,8,pair,1.0,5,1,600,0.19,0.19,0.39,0.1,0.23,0.425,0.4,0.145,0.425,256.4
iid,9,pair,1.301862603077763,7,1,600,0.105,0.36,0.38,0.2,0.32,0.595,0.52,0.65,0.595,256.6
iid,10,pair,1.0731864100821404,6,1,600,0.165,0.75,0.175,0.505,0.235,0.13,0.39,0.42,0.13,254.8
iid,11,pair,1.2142691780802222,7,1,600,0.945,0.15,0.785,0.505,0.51,0.015,0.01,0.02,0.015,248.9
iid,12,pair,1.3825695653062289,7,1,600,0.965,1.0,0.925,0.445,1.0,0.17,0.205,0.33,0.17,239.7
iid,13,pair,1.0,5,1,600,0.64,0.025,0.245,0.315,0.13,0.755,0.61,0.725,0.755,240.3
iid,14,pair,1.0883779245080552,6,1,600,0.315,0.915,0.645,0.905,0.67,0.28,0.185,0.135,0.28,235.6
iid,15,pair,1.6246086076110746,9,1,600,0.94,0.79,0.26,0.515,0.59,0.13,0.135,0.305,0.13,238.9
iid,16,pair,1.1518585284424674,6,1,600,0.64,0.615,0.32,0.805,0.825,0.19,0.335,0.48,0.19,239.7
iid,17,pair,1.1301922227561743,6,1,600,0.925,0.475,0.73,0.035,0.62,0.66,0.49,0.555,0.66,234.6
iid,18,pair,1.138027451949548,6,1,600,0.39,0.73,0.42,0.555,0.81,0.76,0.745,0.41,0.76,241.1
iid,19,pair,1.293965385477248,7,1,600,0.255,0.325,0.14,0.59,0.3,0.895,0.88,0.91,0.895,238.0
iid,20,pair,1.21671479642999,7,1,600,0.275,0.13,0.065,0.265,0.49,0.54,0.685,0.675,0.54,242.6
iid,21,pair,1.1918605607237798,6,1,600,0.16,0.395,0.315,0.375,0.615,0.685,0.77,0.86,0.685,239.2
iid,22,pair,1.186284489679138,6,1,600,0.45,0.11,0.905,0.99,0.405,0.68,0.65,0.655,0.68,247.1
iid,23,pair,1.2236159544887624,7,1,600,0.6,0.92,0.495,0.91,0.43,0.335,0.095,0.3,0.335,236.4
iid,24,pair,1.1475454376262157,6,1,600,0.98,0.28,0.32,0.55,0.31,0.81,0.815,0.91,0.81,194.7
iid,25,pair,1.1068730190917198,6,1,600,0.92,0.91,0.98,0.955,0.88,0.99,0.935,0.975,0.99,186.2
iid,26,pair,1.1683087453020702,6,1,600,0.12,0.595,0.525,0.145,0.38,0.365,0.345,0.41,0.365,192.1
iid,27,pair,1.078003083005947,6,1,600,0.16,0.465,0.165,0.4,0.615,0.75,0.475,0.22,0.75,192.2
iid,28,pair,1.0932471992015347,6,1,600,0.59,0.86,0.35,0.395,0.355,0.525,0.505,0.415,0.525,185.9
iid,29,pair,1.109987285803044,6,1,600,0.28,0.515,0.505,0.255,0.955,0.88,0.94,0.8,0.88,188.6
iid,30,pair,1.0,5,1,600,0.34,0.965,0.22,0.43,0.505,0.675,0.625,0.735,0.675,185.7
iid,31,pair,1.0662559661512916,6,1,600,0.47,0.515,0.78,0.525,0.43,0.92,0.855,0.635,0.92,190.5
iid,32,pair,1.078598341420526,6,1,600,0.515,0.96,0.56,0.895,0.395,0.495,0.715,0.31,0.495,200.0
iid,33,pair,1.3390668585190515,7,1,600,0.475,0.605,0.255,0.48,0.145,0.965,0.87,0.835,0.965,194.3
iid,34,pair,1.505415709488082,8,1,600,0.235,0.525,0.88,0.345,0.28,0.585,0.54,0.74,0.585,182.0
iid,35,pair,1.0696102374605119,6,1,600,0.04,0.83,0.57,0.14,0.045,0.015,0.01,0.07,0.015,190.7
iid,36,pair,1.283844066233517,7,1,600,0.285,0.64,0.11,0.7,0.59,0.6,0.605,0.74,0.6,164.4
iid,37,pair,1.0,5,1,600,0.03,0.685,0.86,0.85,0.08,0.545,0.435,0.56,0.545,163.1
iid,38,pair,1.0044780957724884,6,1,600,0.84,0.335,0.855,0.815,0.49,0.45,0.515,0.485,0.45,159.2
iid,39,pair,1.0505632237867326,6,1,600,0.295,0.505,0.895,0.8,0.625,0.83,0.83,0.925,0.83,164.6
iid,40,pair,1.207334846145785,7,1,600,0.915,0.385,0.34,0.565,0.325,0.275,0.45,0.315,0.275,169.0
iid,41,pair,1.08903719196391,6,1,600,0.255,0.89,0.44,0.88,0.615,0.315,0.365,0.385,0.315,165.5
iid,42,pair,1.1060707041109294,6,1,600,0.365,0.53,0.53,0.945,0.18,0.745,0.705,0.66,0.745,169.0
iid,43,pair,1.2995252531316168,7,1,600,0.28,0.73,0.8,0.65,0.42,0.32,0.515,0.61,0.32,167.8
iid,44,pair,1.1338521216009527,6,1,600,0.735,0.965,0.13,0.815,0.02,0.78,0.595,0.855,0.78,151.2
iid,45,pair,1.0140701779727166,6,1,600,0.075,0.62,0.095,0.435,0.065,0.59,0.55,0.12,0.59,166.1
iid,46,pair,1.119561370049289,6,1,600,0.255,0.18,0.64,0.74,0.18,0.715,0.735,0.53,0.715,161.6
iid,47,pair,1.5745201132009183,8,1,600,0.295,0.71,0.075,0.06,0.885,0.605,0.685,0.655,0.605,168.7
iid,48,pair,1.1974020205611682,6,1,600,0.105,0.96,0.845,0.835,0.175,0.855,0.825,0.54,0.855,142.9
iid,49,pair,1.0771064625436535,6,1,600,0.26,0.535,0.855,0.02,0.715,0.92,0.925,0.845,0.92,142.2
iid,50,pair,1.1802003616676713,6,1,600,0.38,0.305,0.34,0.105,0.18,0.865,0.87,0.885,0.865,139.9
iid,51,pair,1.0627230631196198,6,1,600,0.745,0.425,0.185,0.205,0.125,0.235,0.07,0.12,0.235,143.7
iid,52,pair,1.083052511171203,6,1,600,0.285,0.27,0.945,0.37,0.19,0.395,0.235,0.585,0.395,145.6
iid,53,pair,1.12686404544116,6,1,600,0.565,0.095,0.86,0.165,0.02,0.085,0.15,0.005,0.085,147.4
iid,54,pair,1.0,5,1,600,0.595,0.895,0.745,0.88,0.915,0.595,0.565,0.38,0.595,144.1
iid,55,pair,1.2936390501305222,7,1,600,0.185,0.58,0.55,0.95,0.13,0.045,0.09,0.135,0.045,145.6
iid,56,pair,1.259241414914428,7,1,600,0.965,0.06,0.605,0.885,0.665,0.195,0.11,0.34,0.195,147.9
iid,57,pair,1.0,5,1,600,0.27,0.14,0.75,0.02,0.265,0.27,0.235,0.24,0.27,140.8
iid,58,pair,1.2558289050802918,7,1,600,0.2,0.905,0.775,0.455,0.56,0.87,0.91,0.87,0.87,139.6
iid,59,pair,1.048959990815748,6,1,600,0.185,0.065,0.51,0.645,0.06,1.0,0.985,0.99,1.0,139.8
iid,60,pair,1.099360269052625,6,1,600,0.12,0.12,0.43,0.93,0.14,0.21,0.315,0.135,0.21,147.5
iid,61,pair,1.1236263819022088,6,1,600,0.06,0.195,0.55,0.535,0.63,0.12,0.14,0.1,0.12,141.5
iid,62,pair,1.1263944066511296,6,1,600,0.725,0.485,0.085,0.32,0.9,0.21,0.15,0.135,0.21,140.0
iid,63,pair,1.1898955552654313,6,1,600,0.055,0.82,0.355,0.8,0.48,0.06,0.095,0.105,0.06,136.7
iid,64,pair,1.3435222049444044,7,1,600,0.105,0.97,0.235,0.46,0.65,0.535,0.605,0.77,0.535,144.2
iid,65,pair,1.2158693341754478,7,1,600,0.87,0.36,0.07,0.185,0.59,0.29,0.39,0.195,0.29,148.1
iid,66,pair,1.0204364697492063,6,1,600,0.48,0.47,0.845,0.16,0.895,0.62,0.795,0.915,0.62,139.9
iid,67,pair,1.233717112454225,7,1,600,0.895,0.7,0.18,0.63,0.385,0.77,0.865,0.865,0.77,150.4
iid,68,pair,1.282901813616149,7,1,600,0.28,0.74,0.685,0.385,0.13,0.65,0.745,0.725,0.65,155.1
iid,69,pair,1.037561521004225,6,1,600,0.76,0.39,0.545,0.965,0.515,0.78,0.565,0.745,0.78,148.4
iid,70,pair,1.0048016522268117,6,1,600,0.645,0.165,0.14,0.525,0.765,0.575,0.39,0.305,0.575,160.2
iid,71,pair,1.115224634357106,6,1,600,0.25,0.505,0.625,0.43,0.075,0.39,0.46,0.22,0.39,152.0
iid,72,pair,1.1573252108139158,6,1,600,1.0,0.24,0.535,0.585,0.21,0.3,0.17,0.175,0.3,180.7
iid,73,pair,1.090718446440129,6,1,600,0.83,0.56,0.31,0.185,0.945,0.175,0.215,0.265,0.175,157.5
iid,74,pair,1.216752765823391,7,1,600,0.24,0.5,0.19,0.21,0.395,0.86,0.9,0.75,0.86,173.3
iid,75,pair,1.3508059938327084,7,1,600,0.8,0.385,0.62,0.025,0.89,0.345,0.29,0.425,0.345,182.9
iid,76,pair,1.0,5,1,600,0.16,0.125,0.115,0.46,0.95,0.575,0.54,0.61,0.575,165.8
iid,77,pair,1.2351304371932594,7,1,600,0.39,0.68,0.83,0.805,0.61,0.965,0.94,0.97,0.965,171.1
iid,78,pair,1.1503449122009304,6,1,600,0.175,0.6,0.635,0.595,0.525,0.88,0.905,0.62,0.88,171.2
iid,79,pair,1.2767887688576913,7,1,600,0.08,0.04,0.365,0.585,0.02,0.395,0.245,0.3,0.395,173.1
iid,80,pair,1.2752369034358428,7,1,600,0.895,0.39,0.455,0.345,0.62,0.89,0.995,0.97,0.89,170.4
iid,81,pair,1.1655442098450273,6,1,600,0.06,0.76,0.405,0.58,0.08,0.915,0.765,0.815,0.915,177.6
iid,82,pair,1.1264227956188768,6,1,600,0.715,0.06,0.295,0.575,0.16,0.14,0.155,0.255,0.14,172.7
iid,83,pair,1.1135727893423344,6,1,600,0.625,0.845,0.175,0.445,0.525,0.975,0.995,0.94,0.975,182.6
iid,84,pair,1.1287306058063955,6,1,600,0.615,0.515,0.765,0.5,0.385,0.16,0.125,0.115,0.16,185.7
iid,85,pair,1.3777361837856468,7,1,600,0.875,0.58,0.03,0.105,0.975,0.085,0.065,0.285,0.085,170.8
iid,86,pair,1.3976140053314232,7,1,600,0.45,0.325,0.8,0.81,0.315,0.96,0.955,0.87,0.96,173.9
iid,87,pair,1.1200783953006526,6,1,600,0.26,0.61,0.265,0.52,0.085,0.935,0.805,0.955,0.935,161.6
iid,88,pair,1.3017316159211552,7,1,600,0.595,0.25,0.015,0.65,0.9,0.01,0.005,0.02,0.01,184.8
iid,89,pair,1.1078134383706622,6,1,600,0.925,0.63,0.395,0.79,0.51,0.11,0.13,0.115,0.11,168.6
iid,90,pair,1.2582133283703567,7,1,600,0.045,0.045,0.93,0.625,0.015,0.13,0.28,0.41,0.13,178.6
iid,91,pair,1.1743902500690784,6,1,600,0.145,0.615,0.505,0.98,0.92,0.24,0.255,0.155,0.24,173.5
iid,92,pair,1.228794774429929,7,1,600,0.875,0.515,0.22,0.72,0.585,0.18,0.36,0.485,0.18,190.1
iid,93,pair,1.1937783431083524,6,1,600,0.43,0.335,0.79,0.585,0.03,0.355,0.55,0.58,0.355,174.5
iid,94,pair,1.0421195387849898,6,1,600,0.85,0.31,0.205,0.955,0.43,0.9,0.9,0.69,0.9,182.2
iid,95,pair,1.2082064672401869,7,1,600,0.675,0.68,0.825,0.455,0.3,0.455,0.485,0.42,0.455,166.4
iid,96,pair,1.2414959485998573,7,1,600,0.26,0.785,0.68,0.685,0.33,0.955,0.865,0.84,0.955,164.9
iid,97,pair,1.1484776624379514,6,1,600,0.275,0.565,0.41,0.265,0.8,0.67,0.58,0.73,0.67,172.6
iid,98,pair,1.2708145100460504,7,1,600,0.24,0.65,0.4,0.16,0.945,0.025,0.085,0.045,0.025,172.8
iid,99,pair,1.456620674342495,8,1,600,0.52,0.74,0.385,0.075,0.315,0.19,0.145,0.105,0.19,177.8
iid,100,pair,1.4628696845538638,8,1,600,0.445,0.78,0.77,0.14,0.69,0.145,0.205,0.115,0.145,175.5
iid,101,pair,1.0887637754781954,6,1,600,0.455,0.725,0.435,0.44,0.31,0.615,0.67,0.575,0.615,174.6
iid,102,pair,1.0052940424834513,6,1,600,0.645,0.685,0.755,0.58,0.04,0.195,0.135,0.04,0.195,165.6
iid,103,pair,1.1908601206207845,6,1,600,0.58,0.28,0.14,0.215,0.4,0.6,0.365,0.26,0.6,176.9
iid,104,pair,1.1983143079127647,6,1,600,0.91,0.6,0.65,0.245,0.815,0.76,0.87,0.905,0.76,171.9
iid,105,pair,1.0722164506012517,6,1,600,0.51,0.895,0.785,0.35,0.61,0.68,0.545,0.65,0.68,186.3
iid,106,pair,1.2129174525484794,7,1,600,0.455,0.875,0.385,0.165,0.13,0.41,0.45,0.46,0.41,166.3
iid,107,pair,1.0662272117422549,6,1,600,0.675,0.59,0.75,0.81,0.52,0.1,0.04,0.155,0.1,173.2
iid,108,pair,1.1583764080156964,6,1,600,0.565,0.755,0.135,0.19,0.405,0.09,0.085,0.205,0.09,171.7
iid,109,pair,1.0821780040926852,6,1,600,0.57,0.52,0.28,0.86,0.145,0.33,0.415,0.335,0.33,158.9
iid,110,pair,1.0769579082164118,6,1,600,0.63,0.455,0.245,0.63,0.325,0.95,0.95,0.885,0.95,171.4
iid,111,pair,1.2728751389343511,7,1,600,0.905,0.215,0.475,0.29,0.665,0.405,0.335,0.365,0.405,173.6
iid,112,pair,1.1607961966561018,6,1,600,0.415,0.695,0.11,0.215,0.41,0.95,0.99,0.99,0.95,168.6
iid,113,pair,1.214790159950839,7,1,600,0.295,0.75,0.23,0.105,0.605,0.015,0.055,0.13,0.015,171.3
iid,114,pair,1.184570290473029,6,1,600,0.49,0.065,0.41,0.955,0.045,0.18,0.255,0.065,0.18,161.8
iid,115,pair,1.1600104722513118,6,1,600,0.73,0.055,0.23,0.95,0.475,0.57,0.53,0.815,0.57,166.5
iid,116,block,1.320659458298423,7,7,85,0.08,0.235,0.51,0.24,0.01,0.45,0.225,0.33,0.35,224.5
iid,117,pair,1.4713939718878382,8,1,600,0.89,0.53,0.155,0.435,0.54,0.64,0.605,0.72,0.64,166.3
iid,118,pair,1.072945026134943,6,1,600,0.17,0.255,0.975,0.34,0.67,0.59,0.69,0.725,0.59,175.5
iid,119,pair,1.2099400917751448,7,1,600,0.795,0.675,0.56,0.32,0.585,0.265,0.12,0.04,0.265,168.2
iid,120,pair,1.555096791935533,8,1,600,0.29,0.08,0.17,0.425,0.18,0.385,0.365,0.5,0.385,168.0
iid,121,pair,1.5666052683479679,8,1,600,0.78,0.53,0.945,0.885,0.365,0.215,0.28,0.165,0.215,167.0
iid,122,pair,1.0812844471966034,6,1,600,0.165,0.475,0.12,0.77,0.23,0.265,0.385,0.54,0.265,176.9
iid,123,pair,1.0,5,1,600,0.945,0.77,0.22,0.565,0.665,0.27,0.25,0.335,0.27,168.7
iid,124,pair,1.1553940705390848,6,1,600,0.81,0.025,0.315,0.18,0.085,0.25,0.18,0.32,0.25,169.9
iid,125,pair,1.0206238072883536,6,1,600,0.895,0.555,0.795,0.11,0.965,0.635,0.545,0.53,0.635,166.7
iid,126,pair,1.2490562395800027,7,1,600,0.155,0.04,0.155,0.15,0.21,0.235,0.18,0.185,0.235,167.8
iid,127,pair,1.1537691771366032,6,1,600,0.73,0.48,0.455,0.26,0.1,0.295,0.26,0.445,0.295,164.9
iid,128,pair,1.0528419594818599,6,1,600,0.505,0.55,0.1,0.105,0.365,0.485,0.41,0.05,0.485,162.8
iid,129,pair,1.2572141105784738,7,1,600,0.755,0.425,0.71,0.445,0.485,0.58,0.725,0.695,0.58,161.8
iid,130,pair,1.0107882521895895,6,1,600,0.85,0.06,0.63,0.81,0.5,0.62,0.375,0.185,0.62,153.4
iid,131,pair,1.2040276453730367,7,1,600,0.43,0.73,0.955,0.635,0.195,0.26,0.12,0.065,0.26,150.4
iid,132,pair,1.0139809555026542,6,1,600,0.995,0.76,0.525,0.47,0.295,0.275,0.4,0.545,0.275,129.4
iid,133,pair,1.0123762629904105,6,1,600,0.44,0.305,0.575,0.555,0.275,0.505,0.58,0.65,0.505,129.7
iid,134,pair,1.1747053812113224,6,1,600,0.745,0.835,0.48,0.295,0.995,0.86,0.79,0.815,0.86,123.3
iid,135,pair,1.0930344939731251,6,1,600,0.875,0.86,0.665,0.485,0.945,0.285,0.565,0.59,0.285,122.4
iid,136,pair,1.1267282984956046,6,1,600,0.1,0.41,0.12,0.68,0.61,0.775,0.725,0.82,0.775,123.2
iid,137,pair,1.2751334031483421,7,1,600,0.025,0.545,0.325,0.44,0.29,0.23,0.315,0.435,0.23,122.4
iid,138,pair,1.0,5,1,600,0.14,0.065,0.945,0.14,0.215,0.37,0.28,0.485,0.37,123.2
iid,139,pair,1.2977318063615781,7,1,600,0.1,0.685,0.12,0.575,0.46,0.475,0.33,0.505,0.475,123.7
iid,140,pair,1.070264611846144,6,1,600,0.41,0.315,0.895,0.825,0.93,0.455,0.3,0.36,0.455,121.3
iid,141,pair,1.0,5,1,600,0.62,0.34,0.97,0.28,0.57,0.765,0.735,0.655,0.765,123.2
iid,142,pair,1.0566665067794667,6,1,600,0.25,0.46,0.525,0.945,0.73,0.665,0.565,0.46,0.665,125.1
iid,143,pair,1.0475666539638904,6,1,600,1.0,0.125,0.495,0.905,0.915,0.51,0.695,0.49,0.51,121.5
iid,144,pair,1.0,5,1,600,0.62,0.1,0.14,0.455,0.935,0.935,0.825,0.875,0.935,124.0
iid,145,pair,1.2226178683829678,7,1,600,0.455,0.38,0.11,0.7,0.73,0.13,0.125,0.245,0.13,126.5
iid,146,pair,1.1042584560643303,6,1,600,0.545,0.45,0.895,0.555,0.63,0.975,0.93,0.915,0.975,131.7
iid,147,pair,1.1481731482150779,6,1,600,0.315,0.49,0.41,0.885,0.775,0.295,0.21,0.07,0.295,133.2
iid,148,pair,1.0462780437414632,6,1,600,0.7,0.26,0.265,0.055,0.125,0.96,0.825,0.795,0.96,137.6
iid,149,pair,1.9650852641257335,10,1,600,0.37,0.08,0.445,0.765,0.89,0.735,0.75,0.69,0.735,137.5
iid,150,pair,1.0,5,1,600,0.8,0.76,0.72,0.125,0.45,0.095,0.235,0.385,0.095,143.0
iid,151,pair,1.1321067640461435,6,1,600,0.655,0.955,0.515,0.485,0.93,0.795,0.725,0.635,0.795,137.3
iid,152,pair,1.0795500265278515,6,1,600,0.24,0.905,0.06,0.125,0.02,0.605,0.37,0.38,0.605,143.6
iid,153,pair,1.0950818944199816,6,1,600,0.015,0.425,0.61,0.18,0.21,0.19,0.2,0.16,0.19,152.6
iid,154,pair,1.171386511071253,6,1,600,0.725,0.565,0.415,0.635,0.59,0.855,0.84,0.845,0.855,156.7
iid,155,pair,1.3474585558056376,7,1,600,0.04,0.405,0.245,0.905,0.96,0.225,0.2,0.24,0.225,175.0
iid,156,pair,1.196168834720045,6,1,600,0.75,0.43,0.75,0.455,0.935,0.915,0.93,0.89,0.915,169.2
iid,157,pair,1.038449745693738,6,1,600,0.72,0.58,0.94,0.56,0.83,0.76,0.565,0.665,0.76,188.2
iid,158,pair,1.1617801363055418,6,1,600,0.705,0.48,0.745,0.685,0.3,0.03,0.06,0.12,0.03,184.8
iid,159,pair,1.3111967892492995,7,1,600,0.7,0.25,0.105,0.12,0.225,0.57,0.405,0.38,0.57,189.0
iid,160,pair,1.2982277939030564,7,1,600,0.825,0.33,0.42,0.465,0.14,0.285,0.1,0.175,0.285,178.4
iid,161,pair,1.0984675769226693,6,1,600,0.08,0.74,0.395,0.52,0.4,0.515,0.4,0.21,0.515,180.5
iid,162,pair,1.0630771817207416,6,1,600,0.84,0.43,0.945,0.96,0.83,0.485,0.67,0.39,0.485,185.6
iid,163,pair,1.0890976086044684,6,1,600,0.365,0.985,0.215,0.075,0.425,0.575,0.705,0.845,0.575,179.2
iid,164,pair,1.109443165119903,6,1,600,0.76,0.24,0.78,0.43,0.36,0.65,0.55,0.405,0.65,182.7
iid,165,pair,1.2513230689870285,7,1,600,0.36,0.945,0.79,0.93,0.655,0.99,1.0,0.995,0.99,189.1
iid,166,pair,1.031599893333037,6,1,600,0.63,0.58,0.16,0.2,0.67,0.71,0.61,0.5,0.71,184.5
iid,167,pair,1.245221070058528,7,1,600,0.88,0.38,0.495,0.695,0.93,0.155,0.075,0.01,0.155,178.7
iid,168,pair,1.1379211612541558,6,1,600,0.53,0.315,0.77,0.81,0.84,0.075,0.355,0.375,0.075,174.9
iid,169,pair,1.027033658426829,6,1,600,0.98,0.65,0.835,0.19,0.595,0.16,0.115,0.33,0.16,181.4
iid,170,pair,1.1335037287632028,6,1,600,0.315,0.045,0.975,0.495,0.16,0.115,0.19,0.175,0.115,175.2
iid,171,pair,1.1155066957987942,6,1,600,0.465,0.17,0.055,0.905,0.535,0.99,0.935,0.915,0.99,189.3
iid,172,pair,1.1839611447303857,6,1,600,0.795,0.435,0.47,0.555,0.81,0.775,0.81,0.885,0.775,187.5
iid,173,pair,1.0,5,1,600,0.515,0.78,0.645,0.485,0.245,0.51,0.64,0.245,0.51,185.2
iid,174,pair,1.1184720746547878,6,1,600,0.17,0.64,0.305,0.625,0.365,0.33,0.37,0.585,0.33,195.7
iid,175,pair,1.1248144855957933,6,1,600,0.465,0.725,0.375,0.285,0.095,0.885,0.925,0.945,0.885,182.0
iid,176,pair,1.2581086891908033,7,1,600,0.415,0.815,0.57,0.145,0.695,0.78,0.75,0.755,0.78,185.4
iid,177,pair,1.3333402043413152,7,1,600,0.285,0.28,0.895,0.205,0.275,0.87,0.79,0.675,0.87,191.2
iid,178,pair,1.2449227608203945,7,1,600,0.75,0.905,0.485,0.255,0.19,0.125,0.065,0.305,0.125,185.8
iid,179,pair,1.1986211072808537,6,1,600,0.56,0.265,0.43,0.715,0.305,0.25,0.43,0.045,0.25,180.0
iid,180,pair,1.0997375270486862,6,1,600,0.075,0.94,0.425,0.945,0.29,0.48,0.335,0.095,0.48,199.3
iid,181,pair,1.1958481551337643,6,1,600,0.91,0.41,0.13,0.665,0.3,0.995,0.965,0.935,0.995,195.4
iid,182,pair,1.0,5,1,600,0.49,0.21,0.92,0.335,0.71,0.475,0.42,0.625,0.475,200.6
iid,183,pair,1.2208438019652275,7,1,600,0.35,0.34,0.035,0.29,0.205,0.385,0.295,0.445,0.385,204.5
iid,184,pair,1.0,5,1,600,0.475,0.885,0.355,0.79,0.925,0.235,0.085,0.335,0.235,192.4
iid,185,pair,1.018319876278066,6,1,600,0.42,0.705,0.3,0.355,0.63,0.175,0.14,0.12,0.175,191.7
iid,186,pair,1.1533516704428504,6,1,600,0.165,0.725,0.61,0.215,0.14,0.14,0.085,0.175,0.14,220.5
iid,187,pair,1.117106853074592,6,1,600,0.615,0.625,0.56,0.835,0.24,0.005,0.03,0.095,0.005,197.3
iid,188,pair,1.323534370928808,7,1,600,0.52,0.155,0.125,0.145,0.515,0.59,0.515,0.595,0.59,202.3
iid,189,pair,1.0,5,1,600,0.05,0.62,0.865,0.785,0.785,0.385,0.26,0.285,0.385,202.9
iid,190,pair,1.079706026961186,6,1,600,0.95,0.985,0.695,0.705,0.62,0.285,0.59,0.725,0.285,197.6
iid,191,pair,1.1498507218075606,6,1,600,0.255,0.395,0.385,0.71,0.87,0.135,0.015,0.04,0.135,220.1
iid,192,pair,1.1292452820349075,6,1,600,0.255,0.22,0.675,0.815,0.05,0.395,0.25,0.39,0.395,226.9
iid,193,pair,1.1184803568898802,6,1,600,0.335,0.82,0.985,0.745,0.885,0.35,0.35,0.59,0.35,211.7
iid,194,pair,1.0,5,1,600,0.625,0.045,0.8,0.91,0.015,0.815,0.755,0.855,0.815,215.6
iid,195,pair,1.0390001638893442,6,1,600,0.65,0.19,0.52,0.99,0.685,0.43,0.09,0.185,0.43,184.3
iid,196,block,1.1348099578054383,6,6,100,0.01,0.64,0.515,0.05,0.045,0.895,0.92,0.905,0.92,268.0
iid,197,pair,1.0698634196219845,6,1,600,0.08,0.5,0.67,0.805,0.72,0.865,0.71,0.695,0.865,215.2
iid,198,pair,1.1473424092844702,6,1,600,0.85,0.095,0.785,0.09,0.215,0.75,0.66,0.845,0.75,232.3
iid,199,pair,1.179448313357867,6,1,600,0.92,0.045,0.925,0.57,0.47,0.42,0.24,0.575,0.42,209.7
iid,200,pair,1.3932036934882366,7,1,600,0.28,0.86,0.14,0.91,0.525,0.085,0.04,0.045,0.085,213.4
iid,201,pair,1.1457530165543734,6,1,600,0.705,0.225,0.49,0.845,0.925,0.345,0.515,0.55,0.345,237.3
iid,202,pair,1.6509498915274765,9,1,600,0.795,0.075,0.31,0.845,0.11,0.1,0.145,0.02,0.1,202.1
iid,203,pair,1.0169917380848297,6,1,600,0.25,0.845,0.195,0.785,0.815,0.29,0.21,0.405,0.29,216.7
iid,204,pair,1.8938279062751229,10,1,600,0.98,0.595,0.225,0.825,0.875,0.91,0.915,0.85,0.91,219.9
iid,205,pair,1.1788766986008898,6,1,600,0.035,0.43,0.925,0.775,0.16,0.575,0.69,0.745,0.575,186.9
iid,206,pair,1.0,5,1,600,0.64,0.775,0.78,0.475,0.79,0.465,0.415,0.395,0.465,202.7
iid,207,pair,1.0543086230795085,6,1,600,0.62,0.36,0.415,0.515,0.23,0.06,0.085,0.05,0.06,199.6
iid,208,pair,1.3889308303634178,7,1,600,0.065,0.835,0.315,0.11,0.655,0.205,0.205,0.11,0.205,231.1
iid,209,pair,1.0508599359260382,6,1,600,0.145,0.14,0.185,0.72,0.33,0.125,0.135,0.07,0.125,229.7
iid,210,pair,1.375200666440577,7,1,600,0.205,0.44,0.865,0.145,0.445,0.575,0.35,0.365,0.575,223.6
iid,211,pair,1.1457232936758157,6,1,600,0.63,0.75,0.13,0.315,0.245,0.76,0.79,0.735,0.76,208.2
iid,212,pair,1.3007469465192958,7,1,600,0.335,0.28,0.37,0.57,0.82,0.05,0.125,0.09,0.05,208.9
iid,213,pair,1.1565869627415633,6,1,600,0.39,0.575,0.67,0.705,0.21,0.49,0.32,0.54,0.49,198.1
iid,214,pair,1.098641312425163,6,1,600,0.845,0.585,0.43,0.68,0.235,0.27,0.165,0.295,0.27,223.7
iid,215,pair,1.038929625348019,6,1,600,0.975,0.945,0.915,0.895,0.545,0.655,0.7,0.44,0.655,221.5
iid,216,block,1.0048341302110215,6,6,100,0.86,0.27,0.01,0.08,0.57,0.17,0.14,0.205,0.175,300.3
iid,217,pair,1.254668155005095,7,1,600,0.8,0.695,0.22,0.37,0.595,0.07,0.175,0.285,0.07,224.1
iid,218,pair,1.3326282443737862,7,1,600,0.21,0.855,0.5,0.565,0.275,0.25,0.18,0.33,0.25,234.9
iid,219,pair,1.0,5,1,600,0.16,0.35,0.22,0.795,0.905,0.705,0.705,0.875,0.705,212.8
iid,220,pair,1.1681308156697197,6,1,600,0.255,0.4,0.81,0.31,0.165,0.325,0.195,0.135,0.325,229.7
iid,221,pair,1.0,5,1,600,0.11,0.14,0.41,0.815,0.32,0.86,0.82,0.82,0.86,204.7
iid,222,pair,1.0655620432278978,6,1,600,0.435,0.925,0.78,0.64,0.12,0.23,0.355,0.33,0.23,239.2
iid,223,pair,1.0684956069322415,6,1,600,0.49,0.99,0.085,0.88,0.95,0.61,0.77,0.875,0.61,224.9
iid,224,pair,1.1896681247427923,6,1,600,0.415,0.98,0.975,0.755,0.74,0.475,0.37,0.6,0.475,224.3
iid,225,pair,1.1963991566643242,6,1,600,0.575,0.12,0.48,0.2,0.665,0.37,0.39,0.435,0.37,197.3
iid,226,pair,1.1367769851529796,6,1,600,0.94,0.25,0.72,0.31,0.655,0.475,0.365,0.665,0.475,210.2
iid,227,pair,1.1178580496056933,6,1,600,0.765,0.55,0.265,0.75,0.905,0.94,0.945,0.915,0.94,223.6
iid,228,pair,1.2478689110461554,7,1,600,0.6,0.59,0.37,0.91,1.0,0.27,0.285,0.38,0.27,204.1
iid,229,block,1.1673111580875668,6,6,100,0.315,0.87,0.005,0.22,0.17,0.175,0.09,0.155,0.325,291.7
iid,230,pair,1.078193816629299,6,1,600,0.935,0.73,0.185,0.37,0.94,0.12,0.12,0.08,0.12,217.9
iid,231,pair,1.0377261857941116,6,1,600,0.88,0.965,0.28,0.965,0.905,0.585,0.58,0.75,0.585,202.4
iid,232,pair,1.1540259000719446,6,1,600,0.55,0.375,0.985,0.765,0.875,0.11,0.1,0.365,0.11,226.8
iid,233,pair,1.3543595850342254,7,1,600,0.035,0.62,0.13,0.935,0.625,0.56,0.685,0.88,0.56,202.9
iid,234,pair,1.9625160922586111,10,1,600,0.6,0.485,0.76,0.04,0.655,0.46,0.47,0.435,0.46,243.2
iid,235,pair,1.0846307073075203,6,1,600,0.61,0.27,0.44,0.99,0.475,0.275,0.25,0.46,0.275,222.8
iid,236,pair,1.2633173981038837,7,1,600,0.73,0.435,0.92,1.0,0.695,0.38,0.535,0.16,0.38,218.0
iid,237,pair,1.3528037494902612,7,1,600,0.92,0.31,0.745,0.59,0.065,0.36,0.61,0.77,0.36,241.9
iid,238,pair,1.0707111130864253,6,1,600,0.365,0.76,0.065,0.155,0.35,0.085,0.04,0.045,0.085,194.4
iid,239,pair,1.0570687696493604,6,1,600,0.55,0.625,0.015,0.925,0.905,0.26,0.23,0.085,0.26,224.7
iid,240,pair,1.1331808677605137,6,1,600,0.29,0.23,0.99,0.735,0.07,0.9,0.665,0.455,0.9,230.1
iid,241,pair,1.1689879738519313,6,1,600,0.8,0.415,0.03,0.925,0.645,0.61,0.58,0.635,0.61,214.7
iid,242,pair,1.096601073891872,6,1,600,0.13,0.16,0.71,0.58,0.42,0.99,0.99,0.95,0.99,203.8
iid,243,pair,1.1274743507689415,6,1,600,0.76,0.985,0.76,0.485,0.885,0.86,0.785,0.935,0.86,235.0
iid,244,pair,1.0681935505376403,6,1,600,0.465,0.265,0.3,0.7,0.435,0.535,0.695,0.6,0.535,216.5
iid,245,pair,1.2321424924240572,7,1,600,0.09,0.295,0.445,0.9,0.55,0.26,0.185,0.32,0.26,222.5
iid,246,pair,1.1188313052845231,6,1,600,0.07,0.73,0.575,0.795,0.615,0.43,0.49,0.46,0.43,197.4
iid,247,pair,1.0,5,1,600,0.73,0.435,0.375,0.225,0.645,0.635,0.64,0.67,0.635,197.2
iid,248,pair,1.0,5,1,600,0.91,0.505,0.215,0.045,0.555,0.095,0.13,0.115,0.095,194.9
iid,249,pair,1.1297517780602997,6,1,600,0.61,0.685,0.635,0.51,0.935,0.855,0.785,0.92,0.855,199.7
iid,250,pair,1.0926134980143465,6,1,600,0.055,0.93,0.99,0.36,0.8,0.395,0.595,0.505,0.395,210.6
iid,251,pair,1.1978077302442633,6,1,600,0.515,0.38,0.035,0.08,0.47,0.75,0.82,0.81,0.75,236.0
iid,252,pair,1.0364244087406638,6,1,600,0.535,0.675,0.13,0.985,0.835,0.02,0.005,0.105,0.02,210.0
iid,253,pair,1.113324173392429,6,1,600,0.935,0.3,0.08,0.31,0.455,0.49,0.735,0.405,0.49,207.9
iid,254,pair,1.03836307878633,6,1,600,0.64,0.925,0.855,0.385,0.975,0.72,0.76,0.825,0.72,205.4
iid,255,pair,1.460917585882183,8,1,600,0.135,0.99,0.595,0.485,0.93,0.995,0.995,0.985,0.995,217.8
iid,256,pair,1.0432373701038058,6,1,600,0.695,0.615,0.735,0.295,0.145,0.545,0.67,0.68,0.545,228.9
iid,257,pair,1.0230447029019525,6,1,600,0.535,0.62,0.58,0.625,0.11,0.385,0.435,0.46,0.385,204.7
iid,258,pair,1.338951052641813,7,1,600,0.955,0.455,0.395,0.615,0.745,0.41,0.265,0.175,0.41,218.2
iid,259,pair,1.0,5,1,600,0.975,0.505,0.655,0.835,0.94,0.065,0.115,0.1,0.065,235.5
iid,260,pair,1.0387074686318574,6,1,600,0.22,0.125,0.51,0.415,0.21,0.435,0.52,0.41,0.435,207.0
iid,261,pair,1.0665808238356218,6,1,600,0.57,0.26,0.635,0.75,0.395,0.16,0.09,0.16,0.16,202.8
iid,262,pair,1.1494976482003763,6,1,600,0.16,0.435,0.27,0.145,0.485,0.625,0.63,0.47,0.625,216.0
iid,263,pair,1.0605474181872727,6,1,600,0.72,0.055,0.475,0.165,0.115,0.51,0.36,0.485,0.51,211.7
iid,264,pair,1.2131134808707802,7,1,600,0.555,0.95,0.84,0.94,0.48,0.89,0.975,0.91,0.89,196.0
iid,265,pair,1.1264806815194508,6,1,600,0.605,0.97,0.96,0.73,0.675,0.095,0.435,0.545,0.095,200.4
iid,266,pair,1.3790977314398165,7,1,600,0.065,0.285,0.62,0.04,0.275,0.185,0.345,0.305,0.185,186.2
iid,267,pair,1.180352250978475,6,1,600,0.465,0.455,0.785,0.47,0.865,0.27,0.085,0.12,0.27,197.7
iid,268,pair,1.5242202021517515,8,1,600,0.255,0.24,0.21,0.895,0.55,0.24,0.14,0.095,0.24,195.0
iid,269,pair,1.0100250057785773,6,1,600,0.84,0.75,0.445,0.215,0.925,0.255,0.165,0.005,0.255,186.2
iid,270,pair,1.0839289606018008,6,1,600,0.91,0.645,0.325,0.98,0.73,0.69,0.655,0.635,0.69,183.3
iid,271,pair,1.0,5,1,600,0.495,0.23,0.665,0.815,0.815,0.62,0.685,0.48,0.62,183.1
iid,272,pair,1.1051296811296722,6,1,600,0.375,0.765,0.555,0.29,0.595,0.275,0.19,0.27,0.275,181.5
iid,273,pair,1.5252022399948395,8,1,600,0.135,0.635,0.37,0.28,0.5,0.885,0.88,0.95,0.885,191.5
iid,274,pair,1.0329255621004123,6,1,600,0.905,0.02,0.55,0.55,0.065,0.92,0.81,0.915,0.92,187.8
iid,275,pair,1.0526539571793645,6,1,600,0.56,0.555,0.17,0.08,0.615,0.115,0.05,0.025,0.115,179.2
iid,276,pair,1.0,5,1,600,0.23,0.415,0.785,0.23,0.05,0.035,0.055,0.245,0.035,167.1
iid,277,block,1.1092695643547743,6,6,100,0.035,0.745,0.935,0.89,0.01,0.515,0.69,0.885,0.555,231.1
iid,278,pair,1.365053041814005,7,1,600,0.455,0.265,0.025,0.935,0.1,0.565,0.76,0.82,0.565,191.7
iid,279,pair,1.1063403231675644,6,1,600,0.45,0.425,0.835,0.79,0.485,0.795,0.545,0.645,0.795,183.6
iid,280,pair,1.0956596823880067,6,1,600,0.035,0.595,0.285,0.405,0.645,0.29,0.29,0.2,0.29,190.6
iid,281,pair,1.2335625573168898,7,1,600,0.91,0.435,0.305,0.8,0.38,0.945,0.995,1.0,0.945,183.2
iid,282,pair,1.9283410390377334,10,1,600,0.02,0.625,0.295,0.41,0.695,0.565,0.43,0.34,0.565,188.1
iid,283,pair,1.1250447640132335,6,1,600,0.835,0.77,0.305,0.46,0.505,0.315,0.375,0.31,0.315,182.9
iid,284,pair,1.077116333871084,6,1,600,0.94,0.905,0.9,0.05,0.515,0.26,0.22,0.215,0.26,184.7
iid,285,pair,1.2606611685032458,7,1,600,0.425,0.26,0.705,0.955,0.375,0.06,0.36,0.215,0.06,188.9
iid,286,pair,1.1187242770397925,6,1,600,0.305,0.835,0.54,0.37,0.915,0.295,0.62,0.455,0.295,180.4
iid,287,pair,1.047687049130692,6,1,600,0.86,0.03,0.755,0.265,0.55,0.64,0.68,0.55,0.64,190.9
iid,288,pair,1.0238064827957856,6,1,600,0.96,0.29,0.865,0.965,0.43,0.385,0.5,0.275,0.385,193.6
iid,289,pair,1.1217996438878997,6,1,600,0.495,0.605,0.705,0.29,0.495,0.375,0.315,0.14,0.375,190.5
iid,290,pair,1.0425528311228842,6,1,600,0.145,0.08,0.96,0.54,0.64,0.85,0.495,0.53,0.85,174.2
iid,291,pair,1.2173960205445016,7,1,600,0.2,0.04,0.21,0.275,0.075,0.1,0.025,0.165,0.1,181.5
iid,292,pair,1.1689536490665575,6,1,600,1.0,0.565,0.64,0.51,0.99,0.935,0.97,0.945,0.935,177.7
iid,293,pair,1.0311030586196073,6,1,600,0.395,0.94,0.45,0.82,0.14,0.905,0.77,0.895,0.905,182.0
iid,294,pair,1.0663981566615464,6,1,600,0.71,0.395,0.615,0.25,0.745,0.8,0.71,0.93,0.8,185.9
iid,295,pair,1.0982810016081,6,1,600,0.035,0.39,0.4,0.12,0.345,0.33,0.43,0.435,0.33,199.0
iid,296,pair,1.0,5,1,600,0.26,0.275,0.34,0.945,0.465,0.905,0.94,0.875,0.905,177.8
iid,297,pair,1.07192828313412,6,1,600,0.49,0.07,0.92,0.25,0.685,0.43,0.535,0.315,0.43,188.0
iid,298,pair,1.1200588311261506,6,1,600,0.85,0.21,0.435,0.52,0.04,0.34,0.295,0.415,0.34,187.9
iid,299,pair,1.3353082403633598,7,1,600,0.895,0.635,0.235,0.64,0.88,0.445,0.695,0.275,0.445,186.6
iid,300,pair,1.0,5,1,600,0.2,0.42,0.085,0.86,0.255,0.62,0.71,0.81,0.62,178.5
iid,301,pair,1.1526309517526439,6,1,600,0.065,0.92,0.705,0.84,0.485,0.685,0.645,0.77,0.685,179.6
iid,302,pair,1.1062752266181801,6,1,600,0.62,0.455,0.53,0.385,0.95,0.225,0.275,0.58,0.225,191.6
iid,303,pair,1.1526703239750962,6,1,600,0.66,0.665,0.71,0.995,0.85,0.36,0.265,0.37,0.36,198.8
iid,304,block,1.174673546801586,6,6,100,0.745,0.005,0.7,0.38,0.91,0.315,0.37,0.255,0.23,263.1
iid,305,pair,1.116042545925297,6,1,600,0.835,0.755,0.905,0.635,0.605,0.55,0.365,0.525,0.55,191.9
iid,306,pair,1.0895455509225833,6,1,600,0.3,0.78,0.13,0.11,0.4,0.815,0.81,0.855,0.815,184.2
iid,307,pair,1.248086744685402,7,1,600,0.15,0.015,0.115,0.1,0.015,0.08,0.16,0.04,0.08,180.5
iid,308,pair,1.4770417973383259,8,1,600,0.585,0.135,0.795,0.6,0.19,0.385,0.135,0.01,0.385,184.5
iid,309,pair,1.2279557875270501,7,1,600,0.375,0.59,0.63,0.68,0.36,0.085,0.145,0.22,0.085,193.0
iid,310,pair,1.137141519837555,6,1,600,0.025,0.865,0.145,0.84,0.685,0.835,0.895,0.8,0.835,176.9
iid,311,pair,1.356823781169075,7,1,600,0.91,0.7,0.325,0.27,0.315,0.97,0.96,0.96,0.97,174.5
iid,312,pair,1.0,5,1,600,0.53,0.43,0.345,0.63,0.26,1.0,0.99,0.985,1.0,192.5
iid,313,pair,1.1330863814790713,6,1,600,0.58,0.035,0.045,0.29,0.105,0.61,0.665,0.83,0.61,192.1
iid,314,block,1.0984607457242936,6,6,100,0.16,0.525,0.54,0.005,0.145,0.72,0.73,0.745,0.71,223.0
iid,315,pair,1.1577587437742882,6,1,600,0.865,0.945,0.2,0.7,0.785,0.215,0.24,0.055,0.215,182.5
iid,316,block,1.1774009094469706,6,6,100,0.735,0.68,0.695,0.005,0.955,0.16,0.05,0.25,0.04,220.6
iid,317,pair,1.013136119822555,6,1,600,0.96,0.29,0.395,0.155,0.845,0.35,0.28,0.305,0.35,174.1
iid,318,pair,1.0290234417317825,6,1,600,0.99,0.89,0.565,0.82,0.69,0.115,0.025,0.125,0.115,174.5
iid,319,pair,1.4991343419291585,8,1,600,0.395,0.155,0.91,0.76,0.455,0.16,0.135,0.105,0.16,167.9
iid,320,pair,1.3587513020869502,7,1,600,0.885,0.87,0.41,0.175,0.615,0.955,0.99,0.955,0.955,172.8
iid,321,pair,1.1581625225450716,6,1,600,0.875,0.365,0.175,0.075,0.905,0.815,0.885,0.895,0.815,160.8
iid,322,pair,1.058550523751455,6,1,600,0.765,0.56,0.65,0.255,0.435,0.98,0.985,0.92,0.98,154.3
iid,323,pair,1.1069970700449956,6,1,600,0.505,0.525,0.185,0.355,0.61,0.86,0.96,0.925,0.86,147.0
iid,324,pair,1.1354564200505215,6,1,600,0.695,0.41,0.73,0.62,0.63,0.53,0.495,0.71,0.53,134.5
iid,325,pair,1.415368537174682,8,1,600,0.565,0.76,0.295,0.465,0.62,0.05,0.01,0.025,0.05,127.3
iid,326,pair,1.0,5,1,600,0.79,0.785,0.25,0.53,0.77,0.665,0.33,0.43,0.665,123.1
iid,327,pair,1.3357672489709753,7,1,600,0.665,0.56,0.46,0.185,0.665,0.92,0.955,0.965,0.92,123.5
iid,328,pair,1.4017590882196895,8,1,600,0.775,0.145,0.76,0.615,0.415,0.73,0.775,0.8,0.73,124.3
iid,329,pair,1.116299739721499,6,1,600,0.36,0.49,0.65,0.015,0.88,0.37,0.47,0.44,0.37,122.8
iid,330,pair,1.5380970502695839,8,1,600,0.205,0.385,0.94,0.83,0.445,0.725,0.695,0.74,0.725,124.4
iid,331,pair,1.4446680129667027,8,1,600,0.725,0.08,0.285,0.49,0.13,0.49,0.265,0.4,0.49,124.3
iid,332,pair,1.3148855691265808,7,1,600,0.045,0.87,0.505,0.52,0.75,0.835,0.87,0.91,0.835,122.3
iid,333,pair,1.2178269661860173,7,1,600,0.11,0.2,0.02,0.94,0.13,0.08,0.145,0.14,0.08,121.8
iid,334,pair,1.240780926250289,7,1,600,0.25,0.32,0.015,0.085,0.4,0.2,0.22,0.33,0.2,123.7
iid,335,pair,1.1393670191826932,6,1,600,0.64,0.58,0.975,0.595,0.995,0.075,0.025,0.01,0.075,122.2
iid,336,pair,1.1451195381706911,6,1,600,0.99,0.585,0.19,0.09,0.14,0.545,0.685,0.745,0.545,124.1
iid,337,pair,1.2820037987631925,7,1,600,0.67,0.8,0.41,0.16,0.32,0.075,0.105,0.025,0.075,122.5
iid,338,pair,1.2691324678145488,7,1,600,0.815,0.935,0.99,0.49,0.485,0.675,0.7,0.715,0.675,121.8
iid,339,pair,1.2372092978036051,7,1,600,0.79,0.4,0.275,0.155,0.99,0.075,0.125,0.22,0.075,122.5
iid,340,pair,1.267510881974672,7,1,600,0.725,0.3,0.435,0.385,0.325,0.04,0.04,0.205,0.04,122.3
iid,341,pair,1.0821411607435245,6,1,600,0.805,0.575,0.28,0.15,0.91,0.96,0.85,0.825,0.96,121.0
iid,342,pair,1.0,5,1,600,0.68,0.27,0.575,0.04,0.5,0.845,0.63,0.635,0.845,121.7
iid,343,pair,1.5438293995261099,8,1,600,0.09,0.045,0.86,0.5,0.06,0.37,0.23,0.455,0.37,125.0
iid,344,block,1.3490898076017797,7,7,85,0.36,0.005,0.53,0.15,0.005,0.2,0.39,0.26,0.27,162.6
iid,345,pair,1.4717703059999772,8,1,600,0.7,0.3,0.14,0.51,0.525,0.055,0.085,0.29,0.055,120.8
iid,346,pair,1.0,5,1,600,0.445,0.815,0.51,0.475,0.595,0.815,0.815,0.885,0.815,122.5
iid,347,pair,1.3297113851788156,7,1,600,0.665,0.81,0.425,0.125,0.88,0.17,0.105,0.255,0.17,121.5
iid,348,pair,1.358195606098906,7,1,600,0.235,0.795,0.315,0.9,0.34,0.675,0.64,0.55,0.675,125.2
iid,349,pair,1.5197320555510885,8,1,600,0.595,0.64,0.415,0.46,0.86,0.93,0.91,0.91,0.93,122.3
iid,350,pair,1.0457473087971156,6,1,600,0.565,0.68,0.23,0.91,0.84,0.955,0.925,0.935,0.955,121.5
iid,351,pair,1.0523781828399146,6,1,600,0.15,0.015,0.34,0.04,0.015,0.245,0.31,0.185,0.245,121.5
iid,352,pair,1.3783296652768842,7,1,600,0.385,0.32,0.03,0.895,0.225,0.81,0.92,0.66,0.81,122.2
iid,353,pair,1.263236583469115,7,1,600,0.715,0.8,0.55,0.8,0.39,0.615,0.45,0.325,0.615,121.3
iid,354,pair,1.0,5,1,600,0.18,0.245,0.14,0.565,0.245,0.77,0.93,0.975,0.77,121.7
iid,355,pair,1.4265353514870875,8,1,600,0.295,0.05,0.145,0.5,0.09,0.54,0.515,0.385,0.54,124.4
iid,356,pair,1.0,5,1,600,0.34,0.855,0.71,0.605,0.2,0.29,0.34,0.365,0.29,119.7
iid,357,pair,1.0,5,1,600,0.025,0.865,0.87,0.42,0.965,0.525,0.505,0.835,0.525,121.9
iid,358,pair,1.0239937597166011,6,1,600,0.565,0.47,0.795,0.38,0.5,0.215,0.435,0.3,0.215,121.8
iid,359,pair,1.1703155564321013,6,1,600,0.15,0.78,0.845,0.13,0.165,0.135,0.145,0.185,0.135,121.2
iid,360,pair,1.1405676013095685,6,1,600,0.03,0.205,0.47,0.985,0.165,0.395,0.405,0.565,0.395,125.3
iid,361,pair,1.1379908383700392,6,1,600,0.305,0.82,0.17,0.225,0.11,0.09,0.195,0.1,0.09,121.0
iid,362,pair,1.0,5,1,600,0.77,0.5,0.925,0.02,0.415,0.45,0.675,0.38,0.45,122.0
iid,363,pair,1.0880674946319295,6,1,600,0.855,0.645,0.665,0.73,0.765,0.63,0.445,0.435,0.63,121.7
iid,364,pair,1.032685507459743,6,1,600,0.78,0.14,0.91,0.48,0.195,0.7,0.425,0.345,0.7,121.2
iid,365,pair,1.1062260728502025,6,1,600,0.87,0.975,0.28,0.52,0.12,0.86,0.83,0.835,0.86,121.2
iid,366,pair,1.3144929569248804,7,1,600,0.39,0.615,0.965,0.44,0.23,0.695,0.88,0.63,0.695,121.4
iid,367,pair,1.0834975374931597,6,1,600,0.025,0.4,0.33,0.045,0.09,0.775,0.695,0.59,0.775,124.6
iid,368,pair,1.847328089374266,10,1,600,0.705,0.78,0.335,0.245,0.55,0.12,0.16,0.425,0.12,120.6
iid,369,pair,1.0991920273846645,6,1,600,0.74,0.92,0.78,0.415,0.74,0.575,0.74,0.9,0.575,120.1
iid,370,pair,1.1804734538088604,6,1,600,0.15,0.695,0.7,0.59,0.71,0.83,0.845,0.74,0.83,122.1
iid,371,pair,1.0,5,1,600,0.585,0.335,0.185,0.825,0.455,0.585,0.505,0.425,0.585,120.4
iid,372,pair,1.0978576330705874,6,1,600,0.93,0.045,0.525,0.94,0.265,0.02,0.035,0.04,0.02,125.8
iid,373,pair,1.0,5,1,600,0.2,0.275,0.98,0.145,0.06,0.475,0.755,0.77,0.475,120.0
iid,374,pair,1.1715894488595802,6,1,600,0.39,0.825,0.785,0.86,0.84,0.805,0.93,0.935,0.805,122.3
iid,375,pair,1.071449948472079,6,1,600,0.195,0.39,0.115,0.91,0.715,0.06,0.165,0.035,0.06,122.1
iid,376,pair,1.137303658724047,6,1,600,0.195,0.065,0.16,0.45,0.475,0.065,0.035,0.055,0.065,121.9
iid,377,pair,1.1711021975061042,6,1,600,0.46,0.36,0.815,0.225,0.475,0.42,0.51,0.435,0.42,121.3
iid,378,pair,1.0,5,1,600,0.685,0.29,0.98,0.095,0.24,0.575,0.42,0.385,0.575,121.3
iid,379,pair,1.055727654799041,6,1,600,0.355,0.315,0.29,0.185,0.55,0.9,0.78,0.81,0.9,119.8
iid,380,pair,1.0930360404910038,6,1,600,0.885,0.735,0.815,0.835,0.575,0.44,0.28,0.255,0.44,124.7
iid,381,pair,1.0874760086697457,6,1,600,0.06,0.805,0.415,0.115,0.59,0.94,0.95,0.88,0.94,120.0
iid,382,pair,1.1451145975405488,6,1,600,0.16,0.355,0.45,0.015,0.54,0.025,0.01,0.06,0.025,121.6
iid,383,pair,1.2100466455919898,7,1,600,0.555,0.2,0.68,0.47,0.035,0.03,0.065,0.04,0.03,120.6
iid,384,pair,1.0538447884577458,6,1,600,0.1,0.155,0.695,0.37,0.65,0.77,0.645,0.86,0.77,125.7
iid,385,pair,1.171332006389348,6,1,600,0.27,0.79,0.14,0.115,0.93,0.125,0.04,0.11,0.125,120.2
iid,386,pair,1.1080891426756003,6,1,600,0.405,0.24,0.88,0.995,0.59,0.63,0.51,0.645,0.63,120.4
iid,387,pair,1.3950699307498076,7,1,600,0.02,0.2,0.705,0.405,0.165,0.83,0.655,0.73,0.83,122.5
iid,388,pair,1.1793094147483743,6,1,600,0.845,0.9,0.425,0.315,0.8,0.85,0.615,0.845,0.85,121.7
iid,389,pair,1.0876948911254107,6,1,600,0.405,0.265,0.81,0.28,0.815,0.96,0.955,0.855,0.96,120.9
iid,390,pair,1.2275490145749695,7,1,600,0.98,0.695,0.635,0.015,0.49,0.765,0.61,0.62,0.765,122.7
iid,391,pair,1.163992316645324,6,1,600,0.095,0.92,0.56,0.155,0.355,0.665,0.77,0.755,0.665,120.7
iid,392,pair,1.1332661757393772,6,1,600,0.54,0.58,0.58,0.555,0.405,0.9,0.8,0.54,0.9,124.4
iid,393,pair,1.3521552525898615,7,1,600,0.4,0.84,0.86,0.025,0.145,0.71,0.825,0.695,0.71,120.1
iid,394,block,1.1870852696813046,6,6,100,0.05,0.01,0.08,0.825,0.055,0.365,0.235,0.345,0.285,161.2
iid,395,pair,1.1487174901699133,6,1,600,0.46,0.66,0.15,0.14,0.675,0.77,0.79,0.945,0.77,121.5
iid,396,pair,1.1449291803588342,6,1,600,0.15,0.775,0.91,0.575,0.825,0.725,0.655,0.715,0.725,124.1
iid,397,pair,1.1760839613443372,6,1,600,0.21,0.535,0.305,0.91,0.265,0.055,0.22,0.455,0.055,120.9
iid,398,pair,1.0734507873632981,6,1,600,0.35,0.73,0.94,0.095,0.5,0.85,0.875,0.845,0.85,121.1
iid,399,pair,1.05203211675588,6,1,600,0.755,0.11,0.705,0.45,0.995,0.155,0.425,0.325,0.155,121.6
iid,400,pair,1.0908274467429075,6,1,600,0.75,0.45,0.065,0.92,0.71,0.125,0.05,0.035,0.125,122.3
iid,401,pair,1.0,5,1,600,0.92,0.885,0.79,0.905,0.595,0.43,0.56,0.48,0.43,120.6
iid,402,pair,1.1122793952205423,6,1,600,0.9,0.745,0.055,0.875,0.99,0.1,0.13,0.26,0.1,121.8
iid,403,pair,1.0930900085833573,6,1,600,0.155,0.335,0.68,0.49,0.04,0.345,0.27,0.22,0.345,120.7
iid,404,pair,1.0712688202545633,6,1,600,0.03,0.92,0.165,0.065,0.015,0.52,0.38,0.44,0.52,121.4
iid,405,pair,1.0612592534979264,6,1,600,0.875,0.945,0.07,0.88,0.99,0.29,0.385,0.525,0.29,122.2
iid,406,pair,1.0,5,1,600,0.595,0.675,0.525,0.875,0.535,0.11,0.085,0.14,0.11,120.8
iid,407,pair,1.214526012572257,7,1,600,0.53,0.73,0.675,0.215,0.665,0.965,0.975,0.955,0.965,120.3
iid,408,pair,1.2826631740643724,7,1,600,0.645,0.205,0.85,0.89,0.61,0.975,0.96,0.875,0.975,120.3
iid,409,pair,1.2939189700517266,7,1,600,0.435,0.185,0.365,0.435,0.485,0.235,0.08,0.16,0.235,121.2
iid,410,pair,1.1842941508170857,6,1,600,0.635,0.605,0.655,0.61,0.82,0.685,0.725,0.845,0.685,122.5
iid,411,pair,1.0476257468237173,6,1,600,0.37,0.235,0.1,0.34,0.3,0.905,0.855,0.885,0.905,122.0
iid,412,pair,1.3523022008394467,7,1,600,0.145,0.16,0.355,0.455,0.305,0.08,0.07,0.055,0.08,121.3
iid,413,pair,1.026300126281292,6,1,600,0.875,0.955,0.6,0.39,0.58,0.395,0.345,0.605,0.395,121.3
iid,414,pair,1.0468827691188032,6,1,600,0.915,0.75,0.75,0.475,0.965,0.86,0.825,0.74,0.86,122.9
iid,415,pair,1.1666504485473828,6,1,600,0.225,0.21,0.735,0.065,0.665,0.27,0.145,0.125,0.27,120.5
iid,416,pair,1.1734226483962455,6,1,600,0.15,0.73,0.945,0.6,0.25,0.47,0.6,0.225,0.47,121.2
iid,417,pair,1.2294230817307825,7,1,600,0.305,0.62,0.9,0.83,0.435,0.745,0.565,0.87,0.745,122.5
iid,418,block,1.0,5,5,120,0.065,0.235,0.005,0.87,0.435,0.955,0.94,0.93,0.965,161.7
iid,419,pair,1.0,5,1,600,0.29,0.66,0.255,0.585,0.715,0.17,0.02,0.075,0.17,121.3
iid,420,pair,1.0,5,1,600,0.82,0.95,0.025,0.99,0.94,0.82,0.755,0.72,0.82,120.8
iid,421,pair,1.0792466386447988,6,1,600,0.13,0.76,0.445,0.86,0.31,0.795,0.505,0.625,0.795,119.7
iid,422,pair,1.2793891709006435,7,1,600,0.265,0.465,0.105,0.93,0.77,0.62,0.775,0.76,0.62,121.3
iid,423,pair,1.075385959405443,6,1,600,0.875,0.435,0.615,0.58,0.965,0.735,0.505,0.605,0.735,121.7
iid,424,pair,1.1249905652287868,6,1,600,0.675,0.68,0.29,0.31,1.0,0.055,0.045,0.085,0.055,120.8
iid,425,pair,1.1287230222072409,6,1,600,0.46,0.535,0.075,0.47,0.665,0.99,0.995,1.0,0.99,121.9
iid,426,pair,1.0804815150015825,6,1,600,0.46,0.065,0.48,0.31,0.105,0.25,0.33,0.565,0.25,122.1
iid,427,pair,1.0,5,1,600,0.96,0.58,0.17,0.525,0.905,0.88,0.735,0.91,0.88,120.6
iid,428,pair,1.3508600857224602,7,1,600,0.28,0.725,0.39,0.615,0.415,0.35,0.18,0.375,0.35,120.9
iid,429,pair,1.2172510748739642,7,1,600,0.3,0.085,0.465,0.42,0.23,0.17,0.29,0.07,0.17,122.0
iid,430,pair,1.0616290644876767,6,1,600,0.86,0.935,0.83,0.885,0.66,0.92,0.91,0.915,0.92,121.6
iid,431,pair,1.4385444982402982,8,1,600,0.36,0.85,0.72,0.885,0.815,0.33,0.29,0.305,0.33,122.7
iid,432,pair,1.1533172087862336,6,1,600,0.205,0.21,0.26,0.765,0.19,0.355,0.36,0.6,0.355,119.7
iid,433,pair,1.1442552062644618,6,1,600,0.09,0.57,0.9,0.95,0.685,0.215,0.19,0.075,0.215,120.3
iid,434,pair,1.122397869959951,6,1,600,0.245,0.37,0.63,0.625,0.35,0.89,0.975,0.95,0.89,120.8
iid,435,pair,1.155886533485623,6,1,600,0.31,0.32,0.17,0.58,0.465,0.025,0.015,0.02,0.025,121.7
iid,436,pair,1.089365942683174,6,1,600,0.86,0.415,0.4,0.215,0.755,0.22,0.195,0.305,0.22,121.4
iid,437,pair,1.4691551920977557,8,1,600,0.75,0.115,0.73,0.805,0.255,0.525,0.355,0.065,0.525,122.5
iid,438,pair,1.3241742893730262,7,1,600,0.235,0.42,0.02,0.2,0.73,0.345,0.285,0.35,0.345,121.3
iid,439,pair,1.0117458381828839,6,1,600,0.945,0.24,0.96,0.325,0.435,0.08,0.13,0.25,0.08,120.6
iid,440,pair,1.1245673821537263,6,1,600,0.075,0.9,0.135,0.02,0.41,0.615,0.54,0.82,0.615,120.8
iid,441,block,1.2310881507310723,7,7,85,0.07,0.02,0.845,0.6,0.005,0.03,0.015,0.155,0.02,162.0
iid,442,pair,1.1795167561469366,6,1,600,0.05,0.33,0.44,0.535,0.155,0.95,0.995,0.92,0.95,121.2
iid,443,pair,1.1962467985168648,6,1,600,0.445,0.675,0.27,0.285,0.62,0.6,0.635,0.425,0.6,119.6
iid,444,pair,1.2127991612081197,7,1,600,0.385,0.795,0.3,0.825,0.035,0.085,0.22,0.495,0.085,120.3
iid,445,pair,1.466442517895883,8,1,600,0.8,0.145,0.725,0.43,0.42,0.6,0.665,0.75,0.6,121.2
iid,446,pair,1.0,5,1,600,0.525,0.475,0.34,0.255,0.38,0.06,0.18,0.125,0.06,121.0
iid,447,pair,1.0623862010727807,6,1,600,0.15,0.045,0.29,0.97,0.59,0.6,0.585,0.59,0.6,121.3
iid,448,pair,1.1056132897307027,6,1,600,0.69,0.34,0.175,0.98,0.13,0.805,0.745,0.495,0.805,121.3
iid,449,pair,1.0614944763735454,6,1,600,0.58,0.385,0.135,0.495,0.585,0.175,0.02,0.02,0.175,121.0
iid,450,pair,1.4258570614100343,8,1,600,0.655,0.735,0.335,0.175,0.45,0.255,0.14,0.07,0.255,121.1
iid,451,pair,1.053431972620913,6,1,600,0.465,0.785,0.125,0.26,0.775,0.06,0.21,0.215,0.06,120.2
iid,452,pair,1.0951429587304409,6,1,600,0.585,0.715,0.68,0.34,0.73,0.815,0.66,0.645,0.815,120.6
iid,453,pair,1.0888684643612168,6,1,600,0.735,0.895,0.185,0.615,0.705,0.94,0.91,0.64,0.94,123.3
iid,454,pair,1.1409138636496212,6,1,600,0.945,0.365,0.015,0.275,0.38,0.73,0.845,0.745,0.73,121.6
iid,455,pair,1.2394897378238436,7,1,600,0.245,0.36,0.71,0.8,0.17,0.37,0.505,0.655,0.37,120.2
iid,456,pair,1.5180104696119336,8,1,600,0.21,0.615,0.18,0.65,0.475,0.33,0.215,0.4,0.33,120.3
iid,457,pair,1.0398434717874216,6,1,600,0.41,0.91,0.73,0.295,0.96,0.34,0.385,0.01,0.34,121.1
iid,458,pair,1.363588875809584,7,1,600,0.97,0.525,0.18,0.985,0.755,0.665,0.68,0.575,0.665,120.2
iid,459,block,1.2993832205089457,7,7,85,0.765,0.01,0.955,0.53,0.725,0.5,0.19,0.415,0.11,161.8
iid,460,pair,1.0884514099381488,6,1,600,0.885,0.94,0.885,0.615,0.355,0.715,0.695,0.755,0.715,122.1
iid,461,block,1.0568252742530841,6,6,100,0.065,0.79,0.675,0.005,0.605,0.045,0.135,0.1,0.035,162.1
iid,462,pair,1.0387304026232238,6,1,600,0.925,0.52,0.215,0.635,0.97,0.92,0.835,0.79,0.92,121.3
iid,463,pair,1.072497639745331,6,1,600,0.41,0.66,0.755,0.55,0.18,0.085,0.21,0.12,0.085,119.8
iid,464,pair,1.0168314925937707,6,1,600,0.26,0.65,0.275,0.155,0.6,0.275,0.31,0.435,0.275,119.9
iid,465,pair,1.2112701321542654,7,1,600,0.55,0.71,0.215,0.705,0.595,1.0,1.0,0.985,1.0,123.1
iid,466,pair,1.3943722003162276,7,1,600,0.195,0.9,0.275,0.5,0.46,0.175,0.12,0.11,0.175,120.5
iid,467,pair,1.2064055427480813,7,1,600,0.33,0.63,0.525,0.29,0.545,0.805,0.83,0.6,0.805,122.3
iid,468,pair,1.1035882599673887,6,1,600,0.62,0.995,0.67,0.26,0.975,0.365,0.465,0.2,0.365,120.8
iid,469,pair,1.1188037232388885,6,1,600,0.055,0.025,0.58,0.95,0.015,0.03,0.085,0.03,0.03,122.2
iid,470,pair,1.0227673248289118,6,1,600,0.595,0.51,0.3,0.85,0.63,0.78,0.8,0.785,0.78,120.4
iid,471,pair,1.2325408126133683,7,1,600,0.31,0.245,0.425,0.47,0.405,0.85,0.775,0.885,0.85,122.0
iid,472,pair,1.2026314856085152,7,1,600,0.51,0.97,0.655,0.23,0.96,0.895,0.84,0.87,0.895,120.3
iid,473,pair,1.3320260334056484,7,1,600,0.78,0.165,0.905,0.945,0.135,0.195,0.45,0.46,0.195,121.4
iid,474,pair,1.32440059555721,7,1,600,0.295,0.605,0.945,0.05,0.79,0.885,0.975,0.975,0.885,120.3
iid,475,pair,1.10163692121367,6,1,600,0.675,0.925,0.255,0.335,0.41,0.375,0.235,0.16,0.375,121.6
iid,476,pair,1.2713298783896279,7,1,600,0.14,0.72,0.775,0.095,0.425,0.185,0.18,0.255,0.185,120.4
iid,477,pair,1.2455585709960306,7,1,600,0.9,0.5,0.26,0.565,0.63,0.22,0.32,0.64,0.22,122.2
iid,478,pair,1.2190604418345607,7,1,600,0.565,0.55,0.14,0.4,0.495,0.645,0.655,0.77,0.645,123.5
iid,479,pair,1.1686003936221767,6,1,600,0.055,0.9,0.815,0.365,0.33,0.835,0.94,0.79,0.835,122.2
iid,480,pair,1.2562061839060665,7,1,600,0.765,0.09,0.665,0.27,0.11,0.635,0.595,0.76,0.635,122.4
iid,481,pair,1.005123486454129,6,1,600,0.335,0.39,0.755,0.355,0.195,0.92,0.905,0.96,0.92,121.3
iid,482,pair,1.2269874360762112,7,1,600,0.38,0.31,0.49,0.6,0.485,0.14,0.385,0.065,0.14,122.0
iid,483,pair,1.0793738215099888,6,1,600,0.42,0.215,0.66,0.775,0.135,0.64,0.64,0.745,0.64,122.1
iid,484,pair,1.3142914641526104,7,1,600,0.83,0.885,0.355,0.54,0.265,0.925,0.93,0.65,0.925,121.9
iid,485,pair,1.2354727245413757,7,1,600,0.53,0.22,0.16,0.585,0.53,0.525,0.74,0.36,0.525,121.8
iid,486,block,1.0,5,5,120,0.42,0.01,0.935,0.805,0.675,0.18,0.165,0.315,0.2,161.1
iid,487,pair,1.0656914880319113,6,1,600,0.795,0.825,0.33,0.075,0.605,0.88,0.89,0.895,0.88,120.9
iid,488,pair,1.0290093427548939,6,1,600,0.74,0.03,0.345,0.48,0.06,0.715,0.7,0.67,0.715,121.9
iid,489,pair,1.2982850147872953,7,1,600,0.61,0.685,0.085,0.965,0.755,0.52,0.69,0.81,0.52,123.6
iid,490,pair,1.1617439215108931,6,1,600,0.84,0.86,0.275,0.89,0.725,0.925,0.81,0.895,0.925,121.3
iid,491,pair,1.1425678216705921,6,1,600,0.24,0.23,0.92,0.49,0.15,0.18,0.255,0.32,0.18,121.7
iid,492,pair,1.0,5,1,600,0.385,0.84,0.48,0.905,0.885,0.03,0.035,0.01,0.03,118.9
iid,493,pair,1.1138773996594435,6,1,600,0.945,0.82,0.04,0.68,0.565,0.29,0.275,0.41,0.29,121.4
iid,494,pair,1.0,5,1,600,0.105,0.02,0.445,0.995,0.035,0.98,0.985,0.925,0.98,123.7
iid,495,pair,1.1381979538454023,6,1,600,0.045,0.885,0.47,0.72,0.56,0.675,0.57,0.605,0.675,122.2
iid,496,pair,1.216815864997606,7,1,600,0.545,0.81,0.57,0.555,0.36,0.68,0.67,0.515,0.68,119.7
iid,497,pair,1.6483085058604732,9,1,600,0.89,0.55,0.485,0.345,0.55,0.595,0.415,0.46,0.595,122.7
iid,498,block,2.008168517783174,11,11,54,0.675,0.875,0.01,0.2,0.855,0.865,0.565,0.755,0.84,159.5
iid,499,pair,1.0288719413109482,6,1,600,0.65,0.84,0.38,0.99,0.7,0.67,0.61,0.225,0.67,121.3
iid,500,pair,1.1138906897339451,6,1,600,0.125,0.48,0.47,0.33,0.56,0.78,0.825,0.835,0.78,121.1
iid,501,pair,1.1823732023469757,6,1,600,0.255,0.335,0.3,0.37,0.37,0.065,0.06,0.06,0.065,122.6
iid,502,pair,1.071612948924858,6,1,600,0.175,0.54,0.97,0.11,0.395,0.58,0.365,0.53,0.58,122.3
iid,503,block,1.2110270584084954,7,7,85,0.95,0.42,0.425,0.01,0.81,0.9,0.955,0.87,0.9,162.0
iid,504,pair,1.0681330784568057,6,1,600,0.05,0.18,0.77,0.49,0.04,0.875,0.905,0.945,0.875,118.1
iid,505,pair,1.1602391775592489,6,1,600,0.47,0.7,0.6,0.825,0.78,0.635,0.805,0.685,0.635,120.7
iid,506,pair,1.1179725183569535,6,1,600,0.645,0.11,0.445,0.15,0.23,0.59,0.445,0.475,0.59,122.0
iid,507,pair,1.12270688168387,6,1,600,0.22,0.79,0.26,0.915,0.905,0.125,0.16,0.16,0.125,122.0
iid,508,pair,1.287357501249636,7,1,600,0.27,0.62,0.87,0.655,0.485,0.445,0.595,0.585,0.445,123.6
iid,509,pair,1.0511426142850397,6,1,600,0.715,0.16,0.765,0.35,0.295,0.005,0.015,0.005,0.005,122.8
iid,510,pair,1.0212645312903648,6,1,600,0.665,0.915,0.235,0.065,0.825,0.44,0.255,0.65,0.44,121.6
iid,511,pair,1.1375522599587273,6,1,600,0.915,0.765,0.38,0.88,0.67,0.295,0.52,0.46,0.295,122.0
iid,512,pair,1.0486657197656963,6,1,600,0.25,0.665,0.295,0.905,0.61,1.0,0.985,0.985,1.0,121.5
iid,513,pair,1.0961780428427912,6,1,600,0.125,0.175,0.565,0.275,0.6,0.27,0.26,0.345,0.27,122.4
iid,514,pair,1.0138562097550576,6,1,600,0.09,0.83,0.135,0.535,0.79,0.14,0.255,0.09,0.14,120.8
iid,515,pair,1.106122654381842,6,1,600,0.68,0.865,0.665,0.31,0.81,0.025,0.025,0.01,0.025,118.5
iid,516,pair,1.0832609812805036,6,1,600,0.465,0.545,0.705,0.105,0.725,0.66,0.415,0.595,0.66,124.7
iid,517,pair,1.0508889652088516,6,1,600,0.48,0.16,0.98,0.72,0.55,0.11,0.125,0.255,0.11,123.0
iid,518,pair,1.0206627518409774,6,1,600,0.545,0.765,0.92,0.225,0.905,0.86,0.91,0.895,0.86,122.9
iid,519,pair,1.069627534033046,6,1,600,0.22,0.64,0.305,0.92,0.07,0.62,0.38,0.67,0.62,123.7
iid,520,pair,1.0,5,1,600,0.86,0.555,0.995,0.89,0.98,0.67,0.69,0.605,0.67,123.3
iid,521,pair,1.0784321173443736,6,1,600,0.82,0.235,0.875,0.305,0.765,0.74,0.71,0.725,0.74,121.7
iid,522,pair,1.1457802938341497,6,1,600,0.37,0.775,0.895,0.135,0.415,0.63,0.76,0.61,0.63,121.4
iid,523,pair,1.0,5,1,600,0.41,0.14,0.505,0.85,0.31,0.46,0.34,0.41,0.46,122.2
iid,524,pair,1.0688121633671204,6,1,600,0.04,0.1,0.015,0.835,0.09,0.88,0.82,0.475,0.88,123.6
iid,525,pair,1.235103017374158,7,1,600,0.95,0.355,0.47,0.585,0.835,0.66,0.595,0.72,0.66,118.6
iid,526,pair,1.2788086911352532,7,1,600,0.815,0.755,0.925,0.33,0.825,0.615,0.69,0.83,0.615,121.0
iid,527,pair,1.0,5,1,600,0.275,0.87,0.2,0.39,0.375,0.145,0.105,0.275,0.145,121.7
iid,528,pair,1.3269102969730469,7,1,600,0.49,0.335,0.915,0.65,0.71,0.48,0.275,0.35,0.48,125.3
iid,529,pair,1.0,5,1,600,0.385,0.755,0.195,0.27,0.925,0.26,0.045,0.25,0.26,122.9
iid,530,pair,1.1057657104603067,6,1,600,0.015,0.585,0.175,0.62,0.285,0.48,0.38,0.145,0.48,123.0
iid,531,pair,1.0008695715027667,6,1,600,0.23,0.96,0.935,0.535,0.475,0.685,0.72,0.36,0.685,123.3
iid,532,block,1.033740740789597,6,6,100,0.765,0.06,0.61,0.25,0.01,0.09,0.06,0.165,0.155,161.9
iid,533,pair,1.0,5,1,600,0.175,0.345,0.53,0.88,0.09,0.9,0.815,0.795,0.9,121.9
iid,534,pair,1.0501911671976867,6,1,600,0.265,0.99,0.915,0.53,0.48,0.11,0.075,0.23,0.11,121.4
iid,535,pair,1.2851294864707958,7,1,600,0.665,0.265,0.37,0.33,0.46,0.51,0.17,0.255,0.51,122.0
iid,536,pair,1.0207291964699903,6,1,600,0.64,0.645,0.215,0.8,0.475,0.49,0.445,0.305,0.49,121.3
iid,537,pair,1.1308548634857318,6,1,600,0.535,0.065,0.825,0.89,0.385,0.82,0.935,0.935,0.82,122.6
iid,538,pair,1.0681414963731037,6,1,600,0.91,0.64,0.965,0.64,0.435,0.665,0.8,0.765,0.665,120.8
iid,539,pair,1.0902028741971148,6,1,600,0.105,0.305,0.47,0.6,0.09,0.425,0.29,0.495,0.425,122.8
iid,540,pair,1.0264038350858864,6,1,600,0.455,0.19,0.9,0.175,0.035,0.155,0.135,0.025,0.155,122.7
iid,541,pair,1.0848217280702512,6,1,600,0.99,0.705,0.72,0.695,0.88,0.95,0.915,0.975,0.95,122.7
iid,542,pair,1.4146992055780188,8,1,600,0.08,0.06,0.91,0.6,0.695,0.61,0.79,0.88,0.61,121.0
iid,543,pair,1.077938391643466,6,1,600,0.885,0.63,0.6,0.36,0.3,0.395,0.535,0.545,0.395,124.9
iid,544,pair,1.0886122356049612,6,1,600,0.555,0.905,0.155,0.455,0.635,0.265,0.165,0.195,0.265,122.6
iid,545,pair,1.1594013017132625,6,1,600,0.39,0.22,0.425,0.515,0.155,0.26,0.29,0.19,0.26,122.1
iid,546,pair,1.4617578382162173,8,1,600,0.78,0.22,0.53,0.095,0.1,0.17,0.23,0.265,0.17,120.3
iid,547,pair,1.4369441073285396,8,1,600,0.37,0.545,0.28,0.35,0.25,0.315,0.34,0.41,0.315,122.5
iid,548,pair,1.0900047500131944,6,1,600,0.96,0.845,0.315,0.63,0.73,0.495,0.48,0.285,0.495,121.0
iid,549,pair,1.2898226661740728,7,1,600,0.74,0.645,0.265,0.425,0.675,0.965,0.975,0.98,0.965,119.0
iid,550,pair,1.0,5,1,600,0.545,0.39,0.27,0.105,0.495,0.54,0.605,0.315,0.54,121.3
iid,551,pair,1.0952263205616983,6,1,600,0.945,0.62,0.26,0.56,0.985,0.455,0.585,0.485,0.455,122.3
iid,552,pair,1.4704705290848028,8,1,600,0.035,0.21,0.82,0.06,0.25,0.36,0.335,0.335,0.36,122.0
iid,553,pair,1.0024472567979354,6,1,600,0.355,0.305,0.355,0.255,0.155,0.11,0.02,0.065,0.11,123.1
iid,554,pair,1.160713057536271,6,1,600,0.12,0.815,0.215,0.505,0.73,0.545,0.685,0.685,0.545,121.8
iid,555,pair,1.260369778804941,7,1,600,0.305,0.99,0.925,0.235,0.71,0.06,0.045,0.035,0.06,121.4
iid,556,pair,1.2599216034602356,7,1,600,0.905,0.865,0.17,0.17,0.99,0.535,0.67,0.515,0.535,121.8
iid,557,pair,1.148272262964611,6,1,600,0.47,0.665,0.795,0.79,0.095,0.855,0.835,0.815,0.855,122.3
iid,558,pair,1.0593159703221398,6,1,600,0.48,0.15,0.975,0.82,0.3,0.975,0.995,1.0,0.975,121.5
iid,559,pair,1.0766908026461266,6,1,600,0.455,0.625,0.65,0.155,0.705,0.695,0.58,0.715,0.695,122.1
iid,560,pair,1.220791039820899,7,1,600,0.275,0.415,0.53,0.725,0.14,0.87,0.885,0.815,0.87,121.2
iid,561,pair,1.1073732704813068,6,1,600,0.745,0.405,0.2,0.245,0.2,0.755,0.745,0.795,0.755,121.2
iid,562,pair,1.077263041662803,6,1,600,0.95,0.255,0.92,0.595,0.675,0.67,0.645,0.605,0.67,120.3
iid,563,block,1.3237675104653068,7,7,85,0.22,0.57,0.01,0.045,0.44,0.955,0.985,0.97,0.935,162.8
iid,564,pair,1.0,5,1,600,0.17,0.75,0.66,0.95,0.385,0.25,0.095,0.175,0.25,121.4
iid,565,pair,1.1135866408227815,6,1,600,0.945,0.87,0.16,0.95,0.58,0.85,0.88,0.81,0.85,122.8
iid,566,pair,1.4225550348750968,8,1,600,0.5,0.4,0.08,0.905,0.915,0.14,0.185,0.375,0.14,122.3
iid,567,pair,1.0,5,1,600,0.54,0.865,0.065,0.155,0.81,0.66,0.55,0.7,0.66,121.0
iid,568,pair,1.3115648688326977,7,1,600,0.47,0.83,0.25,0.22,0.515,0.12,0.08,0.025,0.12,121.6
iid,569,pair,1.0400657501826394,6,1,600,0.865,0.61,0.145,0.595,0.365,0.615,0.615,0.72,0.615,122.4
iid,570,pair,1.0,5,1,600,0.115,0.96,0.75,0.875,0.035,0.935,0.87,0.925,0.935,121.9
iid,571,pair,1.0460721557559882,6,1,600,0.92,0.995,0.24,0.04,0.94,0.275,0.38,0.585,0.275,122.8
iid,572,pair,1.3311389753860428,7,1,600,0.55,0.665,0.24,0.185,0.515,0.82,0.775,0.94,0.82,121.7
iid,573,pair,1.072527360522316,6,1,600,0.045,0.99,0.89,0.54,0.27,0.895,0.91,0.88,0.895,119.4
iid,574,pair,1.2335197875549655,7,1,600,0.15,0.885,0.84,0.71,0.525,0.615,0.555,0.635,0.615,120.9
iid,575,pair,1.2234786568602503,7,1,600,0.925,0.46,0.335,0.16,0.95,0.3,0.375,0.475,0.3,121.5
iid,576,pair,1.0454377095491931,6,1,600,0.4,0.33,0.57,0.325,0.385,0.615,0.77,0.71,0.615,123.8
iid,577,block,1.0777157413854705,6,6,100,0.8,1.0,0.005,0.76,0.38,0.23,0.305,0.525,0.165,163.0
iid,578,pair,1.0750784870070187,6,1,600,0.27,0.675,0.74,0.19,0.66,0.12,0.215,0.21,0.12,123.5
iid,579,pair,1.2365108514190317,7,1,600,0.805,0.69,0.025,0.565,0.68,0.35,0.405,0.36,0.35,120.3
iid,580,pair,1.0445562512207354,6,1,600,0.76,0.83,0.99,0.655,0.165,0.835,0.935,0.915,0.835,122.0
iid,581,pair,1.0,5,1,600,0.59,0.97,0.105,0.375,0.475,0.47,0.58,0.48,0.47,121.4
iid,582,pair,1.1392506923630343,6,1,600,0.035,0.505,0.955,0.42,0.64,0.29,0.125,0.115,0.29,120.5
iid,583,pair,1.0932282777911044,6,1,600,0.285,0.24,0.57,0.195,0.085,0.455,0.52,0.37,0.455,121.4
iid,584,pair,1.0,5,1,600,0.165,0.66,0.775,0.785,0.46,0.815,0.775,0.865,0.815,121.5
iid,585,pair,1.164718551423871,6,1,600,0.08,0.215,0.635,0.29,0.035,0.435,0.53,0.36,0.435,120.9
iid,586,pair,1.0693586093294702,6,1,600,0.485,0.63,0.645,0.745,0.515,0.89,0.835,0.82,0.89,120.3
iid,587,pair,1.1142532615865266,6,1,600,0.535,0.945,0.99,0.13,0.745,0.2,0.36,0.47,0.2,124.0
iid,588,pair,1.2787636766813502,7,1,600,0.73,0.13,0.365,0.06,0.505,0.755,0.655,0.755,0.755,135.0
iid,589,pair,1.1220679779666054,6,1,600,0.065,0.805,0.44,0.845,0.31,0.265,0.52,0.445,0.265,131.5
iid,590,block,1.0773811316142545,6,6,100,0.005,0.23,0.585,0.98,0.025,0.315,0.38,0.14,0.28,195.0
iid,591,pair,1.0,5,1,600,0.6,0.09,0.15,0.73,0.83,0.375,0.56,0.465,0.375,144.0
iid,592,pair,1.028723829788416,6,1,600,0.82,0.97,0.12,0.015,0.9,0.115,0.155,0.105,0.115,142.5
iid,593,pair,1.0,5,1,600,0.29,0.14,0.315,0.67,0.575,0.15,0.24,0.15,0.15,140.7
iid,594,pair,1.0604587024631373,6,1,600,0.995,0.735,0.635,0.165,0.995,0.07,0.32,0.175,0.07,157.5
iid,595,pair,1.0,5,1,600,0.195,0.45,0.665,0.24,0.165,0.07,0.05,0.08,0.07,159.0
iid,596,pair,1.0304108180253406,6,1,600,0.775,0.265,0.5,0.525,0.135,0.54,0.575,0.67,0.54,167.9
iid,597,pair,1.0,5,1,600,0.89,0.34,0.32,0.48,0.65,0.9,0.91,0.925,0.9,157.7
iid,598,block,1.185340739176871,6,6,100,0.745,0.66,0.005,0.115,0.47,0.225,0.43,0.23,0.375,224.9
iid,599,pair,1.0,5,1,600,0.915,0.165,0.585,0.61,0.615,0.84,0.87,0.83,0.84,167.4
iid,600,pair,1.1565561974912237,6,1,600,0.75,0.315,0.41,0.425,0.4,0.57,0.63,0.71,0.57,159.3
iid,601,pair,1.103028059589726,6,1,600,0.15,0.9,0.465,0.605,0.24,0.945,0.92,0.95,0.945,167.2
iid,602,pair,1.1533716482545784,6,1,600,0.29,0.335,0.025,0.82,0.265,0.965,0.935,0.89,0.965,164.3
iid,603,pair,1.2467920227565878,7,1,600,0.645,0.45,0.015,0.285,0.115,0.82,0.555,0.54,0.82,160.1
iid,604,pair,1.0662399339998168,6,1,600,0.51,0.68,0.7,0.665,0.295,0.595,0.39,0.34,0.595,159.0
iid,605,pair,1.3474814652262923,7,1,600,0.49,0.505,0.785,0.98,0.585,0.295,0.175,0.25,0.295,166.6
iid,606,pair,1.0,5,1,600,0.3,0.885,0.495,0.365,0.13,0.85,0.81,0.785,0.85,166.1
iid,607,pair,1.0882212172811592,6,1,600,0.75,0.285,0.26,0.98,0.46,0.65,0.63,0.745,0.65,172.6
iid,608,pair,1.0828947580409947,6,1,600,0.85,0.125,0.975,0.165,0.83,0.535,0.38,0.455,0.535,153.9
iid,609,pair,1.327258990649749,7,1,600,0.62,0.755,0.535,0.685,0.545,0.095,0.15,0.07,0.095,166.5
iid,610,pair,1.012498832828568,6,1,600,0.135,0.435,0.66,0.95,0.175,0.72,0.69,0.87,0.72,171.5
iid,611,pair,1.077506057349742,6,1,600,0.02,0.71,0.795,0.205,0.445,0.1,0.09,0.085,0.1,170.3
iid,612,pair,1.1533739260386835,6,1,600,0.88,1.0,0.235,0.065,0.685,0.25,0.245,0.3,0.25,165.3
iid,613,block,1.2687711324498199,7,7,85,0.635,0.12,0.675,0.565,0.005,0.525,0.33,0.31,0.255,223.8
iid,614,pair,1.1333749135749303,6,1,600,0.645,0.2,0.465,0.095,0.43,0.59,0.385,0.54,0.59,165.8
iid,615,pair,1.002007797416363,6,1,600,0.43,0.215,0.855,0.415,0.75,0.52,0.705,0.78,0.52,164.0
iid,616,pair,1.1692594979430497,6,1,600,0.375,0.97,0.525,0.585,0.465,0.94,0.905,0.93,0.94,173.1
iid,617,pair,1.1300373612148924,6,1,600,0.1,0.66,0.975,0.11,0.195,0.5,0.445,0.37,0.5,160.3
iid,618,pair,1.0383661899060832,6,1,600,0.135,0.28,0.95,0.32,0.09,0.43,0.67,0.865,0.43,159.6
iid,619,pair,1.0740642890674696,6,1,600,0.88,1.0,0.255,0.62,0.85,0.13,0.1,0.215,0.13,161.3
iid,620,pair,1.291990922197006,7,1,600,0.65,0.275,0.44,0.705,0.94,0.715,0.59,0.855,0.715,161.2
iid,621,pair,1.1580791613310037,6,1,600,0.36,0.465,0.31,0.58,0.155,0.965,0.97,0.77,0.965,167.5
iid,622,pair,1.0138121384392536,6,1,600,0.855,0.67,0.96,0.91,0.875,0.335,0.45,0.25,0.335,160.0
iid,623,pair,1.0722972261089336,6,1,600,0.285,0.115,0.085,0.935,0.945,0.145,0.075,0.015,0.145,175.0
iid,624,pair,1.1064029178906374,6,1,600,0.35,0.68,0.92,0.41,0.97,0.295,0.29,0.21,0.295,168.3
iid,625,pair,1.218651926428958,7,1,600,0.32,0.025,0.925,0.21,0.52,0.935,0.915,0.97,0.935,168.8
iid,626,pair,1.0,5,1,600,0.855,0.05,0.755,0.645,0.095,0.975,0.965,0.925,0.975,157.6
iid,627,pair,1.2988231671412467,7,1,600,0.74,0.775,0.03,0.065,0.99,0.735,0.575,0.635,0.735,176.6
iid,628,pair,1.1543557197475165,6,1,600,0.63,0.845,0.05,0.755,0.92,0.685,0.635,0.83,0.685,162.3
iid,629,pair,1.3668138311869513,7,1,600,0.46,0.93,0.42,0.32,0.32,0.845,0.85,0.875,0.845,165.2
iid,630,pair,1.208375189931083,7,1,600,0.08,0.455,0.575,0.81,0.03,0.85,0.85,0.86,0.85,165.8
iid,631,pair,1.036456517934772,6,1,600,0.72,0.175,0.335,0.195,0.535,0.065,0.145,0.205,0.065,158.4
iid,632,pair,1.2475340460038016,7,1,600,0.05,0.16,0.29,0.165,0.365,0.085,0.045,0.075,0.085,155.1
iid,633,pair,1.103353814871708,6,1,600,0.63,0.77,0.535,0.645,0.455,0.45,0.72,0.73,0.45,164.3
iid,634,pair,1.1879866805607489,6,1,600,0.845,0.225,0.485,0.15,0.5,0.9,0.89,0.86,0.9,165.8
iid,635,pair,1.2562871152560364,7,1,600,0.715,0.295,0.515,0.495,0.945,0.47,0.575,0.625,0.47,162.1
iid,636,pair,1.2266545462626284,7,1,600,0.33,0.22,0.04,0.945,0.565,0.585,0.62,0.69,0.585,165.1
iid,637,pair,1.5637304795463602,8,1,600,0.945,0.73,0.96,0.4,0.755,0.535,0.63,0.515,0.535,172.1
iid,638,pair,1.0640416815553289,6,1,600,0.44,0.345,0.795,0.3,0.685,0.015,0.01,0.065,0.015,169.5
iid,639,block,1.2822665896294156,7,7,85,0.055,0.34,0.89,0.005,0.265,0.63,0.685,0.645,0.545,221.9
iid,640,block,1.1026644978303919,6,6,100,0.01,0.035,0.02,0.485,0.155,0.78,0.86,0.82,0.815,228.8
iid,641,pair,1.0985825471249266,6,1,600,0.29,0.605,0.13,0.105,0.235,0.915,0.845,0.77,0.915,166.3
iid,642,pair,1.1094555818210605,6,1,600,0.785,0.18,0.355,0.865,0.52,0.13,0.265,0.185,0.13,160.8
iid,643,pair,1.1695889283842034,6,1,600,0.315,0.98,0.47,0.18,0.54,0.9,0.81,0.875,0.9,163.8
iid,644,pair,1.1370507773532745,6,1,600,0.24,0.245,0.85,0.505,0.26,0.35,0.205,0.31,0.35,167.8
iid,645,pair,1.0876073544648737,6,1,600,0.75,0.61,0.07,0.88,0.955,0.86,0.82,0.82,0.86,161.5
iid,646,pair,1.0631593698871387,6,1,600,0.54,0.74,0.865,0.16,0.7,0.09,0.05,0.025,0.09,174.9
iid,647,pair,1.0877233777041844,6,1,600,0.67,0.48,0.505,0.03,0.36,0.455,0.6,0.56,0.455,165.7
iid,648,pair,1.1016795514119277,6,1,600,0.47,0.865,0.7,0.69,0.795,0.795,0.725,0.78,0.795,173.3
iid,649,pair,1.0981908307981174,6,1,600,0.025,0.345,0.195,0.195,0.29,0.58,0.685,0.69,0.58,166.8
iid,650,pair,1.0,5,1,600,0.175,0.725,0.025,0.415,0.745,0.7,0.87,0.925,0.7,172.6
iid,651,block,1.0742103450287361,6,6,100,0.445,0.985,0.01,0.44,0.915,0.905,0.935,0.945,0.88,213.7
iid,652,pair,1.0342334559384034,6,1,600,0.05,0.715,0.465,0.64,0.035,0.865,0.785,0.775,0.865,166.9
iid,653,pair,1.26357764565824,7,1,600,0.725,0.14,0.265,0.175,0.09,0.255,0.1,0.4,0.255,156.9
iid,654,pair,1.3015020875057985,7,1,600,0.855,0.87,0.3,0.72,0.76,0.7,0.71,0.8,0.7,163.8
iid,655,pair,1.1606505295848044,6,1,600,0.22,0.745,0.505,0.96,0.545,0.795,0.875,0.715,0.795,169.0
iid,656,pair,1.0846776518823664,6,1,600,0.255,0.27,0.17,0.97,0.315,0.18,0.135,0.125,0.18,157.8
iid,657,pair,1.3051852565862228,7,1,600,0.755,0.375,0.61,0.8,0.505,0.13,0.35,0.095,0.13,169.8
iid,658,pair,1.2634948115412048,7,1,600,0.345,0.275,0.86,0.235,0.96,0.625,0.69,0.695,0.625,163.0
iid,659,pair,1.0028550733692436,6,1,600,0.89,0.93,0.175,0.775,0.67,0.48,0.505,0.465,0.48,169.0
iid,660,pair,1.0164205733904816,6,1,600,0.56,0.74,0.885,0.805,0.94,0.93,0.925,0.87,0.93,166.4
iid,661,pair,1.0975949992531502,6,1,600,0.105,0.86,0.9,0.67,0.53,0.475,0.375,0.39,0.475,158.6
iid,662,pair,1.1674105761404892,6,1,600,0.205,0.33,0.77,0.56,0.74,0.015,0.045,0.09,0.015,175.1
iid,663,pair,1.0393560034849447,6,1,600,0.175,0.04,0.53,0.96,0.05,0.785,0.64,0.56,0.785,168.7
iid,664,pair,1.1922712285311905,6,1,600,0.375,0.325,0.99,0.84,0.105,0.755,0.75,0.88,0.755,162.4
iid,665,pair,1.0,5,1,600,0.04,0.425,0.95,0.475,0.09,0.89,0.95,0.865,0.89,163.1
iid,666,pair,1.2087197186658851,7,1,600,0.36,0.955,0.35,0.645,0.34,0.695,0.725,0.505,0.695,172.5
iid,667,pair,1.1269481304114732,6,1,600,0.445,0.665,0.67,0.44,0.5,0.195,0.195,0.085,0.195,160.2
iid,668,pair,1.3821683352536636,7,1,600,0.885,0.5,0.56,0.42,0.96,0.145,0.17,0.195,0.145,179.6
iid,669,pair,1.2592726368684357,7,1,600,0.47,0.14,0.925,0.3,0.61,0.215,0.105,0.115,0.215,174.9
iid,670,pair,1.0638896878141655,6,1,600,0.995,0.055,0.87,0.62,0.69,0.925,0.94,0.935,0.925,163.7
iid,671,pair,1.0526622724244834,6,1,600,0.285,0.775,0.12,0.195,0.845,0.24,0.365,0.27,0.24,162.8
iid,672,pair,1.1217510519522107,6,1,600,0.845,0.995,0.91,0.195,0.68,0.03,0.005,0.095,0.03,172.8
iid,673,pair,1.240227139519832,7,1,600,0.845,0.54,0.585,0.095,0.24,0.24,0.115,0.02,0.24,160.4
iid,674,pair,1.0,5,1,600,0.62,0.825,0.805,0.31,0.52,0.17,0.195,0.57,0.17,173.8
iid,675,pair,1.0795644432345646,6,1,600,0.965,0.735,0.61,0.68,0.555,0.935,0.945,0.99,0.935,164.8
iid,676,pair,1.0,5,1,600,0.565,0.29,0.775,0.455,0.165,0.58,0.415,0.315,0.58,155.9
iid,677,pair,1.0519518652851059,6,1,600,0.48,0.365,0.1,0.465,0.505,0.135,0.145,0.225,0.135,167.8
iid,678,pair,1.0658998514943603,6,1,600,0.625,0.325,0.425,0.9,0.04,0.4,0.24,0.58,0.4,167.5
iid,679,block,1.0,5,5,120,0.975,0.985,0.83,0.01,0.94,0.11,0.19,0.3,0.13,221.2
iid,680,pair,1.4536255378487162,8,1,600,0.945,0.97,0.635,0.91,0.9,0.185,0.19,0.43,0.185,170.0
iid,681,block,1.6908581968283243,9,9,66,0.005,0.02,0.05,0.15,0.065,0.435,0.235,0.21,0.455,227.9
iid,682,pair,1.0238697051936256,6,1,600,0.89,0.915,0.225,0.095,0.67,0.73,0.725,0.715,0.73,166.4
iid,683,pair,1.0765364975009466,6,1,600,0.62,0.51,0.895,0.73,1.0,0.975,0.975,0.83,0.975,164.3
iid,684,pair,1.194274067427965,6,1,600,0.235,0.735,0.88,0.49,0.67,0.775,0.82,0.88,0.775,165.1
iid,685,pair,3.647053047369577,19,1,600,0.9,0.035,0.895,0.09,0.13,0.685,0.5,0.63,0.685,168.1
iid,686,pair,1.2177973827705078,7,1,600,0.845,0.03,0.605,0.745,0.29,0.625,0.485,0.5,0.625,165.9
iid,687,pair,1.0790947816344436,6,1,600,0.035,0.385,0.43,0.9,0.52,0.835,0.76,0.49,0.835,160.2
iid,688,pair,1.2243525676460212,7,1,600,0.195,0.435,0.835,0.52,0.48,0.46,0.71,0.495,0.46,169.2
iid,689,pair,1.02727243686788,6,1,600,0.895,0.835,0.76,0.82,0.775,0.935,0.855,0.715,0.935,163.0
iid,690,pair,1.3373634648985135,7,1,600,0.685,0.935,0.08,0.6,0.615,0.865,0.905,0.685,0.865,159.1
iid,691,pair,1.0933718426995631,6,1,600,0.99,0.415,0.895,0.08,0.665,0.825,0.755,0.455,0.825,166.7
iid,692,pair,1.0715910812684666,6,1,600,0.29,0.04,0.605,0.305,0.565,0.8,0.845,0.745,0.8,168.0
iid,693,pair,1.0859341221775425,6,1,600,0.28,0.42,0.66,0.48,0.395,0.825,0.845,0.95,0.825,174.0
iid,694,pair,1.2629846194017205,7,1,600,0.6,0.475,0.615,0.42,0.495,0.66,0.58,0.445,0.66,166.7
iid,695,pair,1.710816113378093,9,1,600,0.11,0.09,0.345,0.645,0.1,0.095,0.015,0.13,0.095,160.7
iid,696,pair,1.1077162714340874,6,1,600,0.055,0.825,0.775,0.485,0.035,0.145,0.33,0.19,0.145,164.9
iid,697,pair,1.4159682110228085,8,1,600,0.05,0.13,0.89,0.035,0.12,0.57,0.475,0.55,0.57,156.2
iid,698,pair,1.1303249488301434,6,1,600,0.95,0.69,0.72,0.845,0.835,0.675,0.69,0.61,0.675,163.2
iid,699,pair,1.504850735696488,8,1,600,0.725,0.185,0.145,0.42,0.205,0.335,0.35,0.36,0.335,164.6
iid,700,pair,1.0758394728776839,6,1,600,0.9,0.205,0.605,0.905,0.4,0.34,0.1,0.185,0.34,170.5
iid,701,pair,1.2962085440426527,7,1,600,0.405,0.56,0.97,0.66,0.135,0.025,0.055,0.34,0.025,161.6
iid,702,pair,1.0511777810493919,6,1,600,0.285,0.825,0.75,0.855,0.025,0.015,0.11,0.335,0.015,155.0
iid,703,pair,1.15232846434897,6,1,600,0.695,0.66,0.97,0.775,0.395,0.43,0.455,0.39,0.43,175.3
iid,704,pair,1.0085379403831678,6,1,600,0.25,0.935,0.545,0.275,0.39,0.025,0.015,0.045,0.025,161.9
iid,705,pair,1.045032335189994,6,1,600,0.465,0.49,0.03,0.215,0.1,0.655,0.68,0.58,0.655,160.9
iid,706,pair,1.502895452487368,8,1,600,0.03,0.585,0.92,0.02,0.135,0.18,0.175,0.165,0.18,162.6
iid,707,pair,1.438550995974989,8,1,600,0.445,0.715,0.92,0.16,0.065,0.71,0.7,0.57,0.71,165.0
iid,708,pair,1.3268307163872082,7,1,600,0.715,0.785,0.945,0.175,0.16,0.545,0.56,0.555,0.545,164.4
iid,709,pair,1.2453094036372323,7,1,600,0.84,0.725,0.785,0.17,0.775,0.375,0.275,0.205,0.375,157.5
iid,710,pair,1.4476980491612477,8,1,600,0.775,0.43,0.565,0.495,0.875,0.905,0.855,0.925,0.905,160.9
iid,711,pair,1.191665111762612,6,1,600,0.38,0.305,0.54,0.615,0.66,0.035,0.075,0.04,0.035,165.2
iid,712,pair,1.1575589347133661,6,1,600,0.935,0.375,0.12,0.62,0.87,0.2,0.355,0.17,0.2,168.5
iid,713,pair,1.1395983988926925,6,1,600,0.66,0.845,0.015,0.18,0.16,0.455,0.295,0.215,0.455,158.7
iid,714,pair,1.0368139572878796,6,1,600,0.97,0.83,0.105,0.225,0.3,0.815,0.91,0.805,0.815,153.3
iid,715,pair,1.0400472933649785,6,1,600,0.83,0.745,0.37,0.93,0.765,0.15,0.04,0.185,0.15,143.5
iid,716,pair,1.3100860002388897,7,1,600,0.865,0.99,0.55,1.0,0.295,0.2,0.43,0.61,0.2,142.6
iid,717,pair,1.0,5,1,600,0.035,0.12,0.965,0.375,0.615,0.515,0.195,0.15,0.515,140.7
iid,718,pair,1.1559515720877003,6,1,600,0.355,0.405,0.055,0.915,0.685,0.505,0.75,0.84,0.505,140.0
iid,719,pair,1.2356241545115403,7,1,600,0.49,0.795,0.86,0.99,0.125,0.455,0.63,0.775,0.455,133.1
