tag,rep,domi
S2_pre_independent,0,0.01058205856598704
S2_pre_independent,1,0.007209221319918413
S2_pre_independent,2,0.010602982866389166
S2_pre_independent,3,0.0045813514781158915
S2_pre_independent,4,0.009290101471776335
S2_pre_independent,5,0.008512965080889057
S2_pre_independent,6,0.008674023547367238
S2_pre_independent,7,0.0082237469032167
S2_pre_independent,8,0.007160665433687097
S2_pre_independent,9,0.010251937520699528
S2_pre_independent,10,0.008036999331727745
S2_pre_independent,11,0.005675207986609809
S2_pre_independent,12,0.007771415726517628
S2_pre_independent,13,0.005547807177205044
S2_pre_independent,14,0.005084909621289935
S2_pre_independent,15,0.009767976886799978
S2_pre_independent,16,0.004628303515624044
S2_pre_independent,17,0.015476045934345706
S2_pre_independent,18,0.016389763859833817
S2_pre_independent,19,0.009782310572160835
S2_pre_independent,20,0.0091538910524962
S2_pre_independent,21,0.009240069339089718
S2_pre_independent,22,0.013325045736339192
S2_pre_independent,23,0.009411494751348837
S2_pre_independent,24,0.009773658668083662
S2_pre_independent,25,0.006962372786671445
S2_pre_independent,26,0.009289377394641196
S2_pre_independent,27,0.008056423508725707
S2_pre_independent,28,0.01178057299761015
S2_pre_independent,29,0.009120800018723507
S2_pre_independent,30,0.019576416890577875
S2_pre_independent,31,0.00934476975135512
S2_pre_independent,32,0.007732101438862049
S2_pre_independent,33,0.00794692037374789
S2_pre_independent,34,0.01598900504836198
S2_pre_independent,35,0.0055080030570726635
S2_pre_independent,36,0.007182790923083715
S2_pre_independent,37,0.006717058472348825
S2_pre_independent,38,0.011461337993726506
S2_pre_independent,39,0.009500455047938061
S2_pre_independent,40,0.011040058244321749
S2_pre_independent,41,0.0120052890538358
S2_pre_independent,42,0.011061452496330837
S2_pre_independent,43,0.011180624169923714
S2_pre_independent,44,0.010465659825507068
S2_pre_independent,45,0.01110593866058629
S2_pre_independent,46,0.006060070904334136
S2_pre_independent,47,0.005980187841247542
S2_pre_independent,48,0.01016169650269827
S2_pre_independent,49,0.007913914678517209
S2_pre_independent,50,0.013034771448095395
S2_pre_independent,51,0.01365359153611978
S2_pre_independent,52,0.00796093271952314
S2_pre_independent,53,0.014042409029507485
S2_pre_independent,54,0.018998804134825686
S2_pre_independent,55,0.010419265437777714
S2_pre_independent,56,0.00415023234498868
S2_pre_independent,57,0.009501209978186598
S2_pre_independent,58,0.010626807125025728
S2_pre_independent,59,0.010664673942473168
S2_pre_independent,60,0.009932043212409258
S2_pre_independent,61,0.008827198306418094
S2_pre_independent,62,0.011586465248235811
S2_pre_independent,63,0.007015941535121417
S2_pre_independent,64,0.017820872721377334
S2_pre_independent,65,0.016526692806782872
S2_pre_independent,66,0.008286209285375712
S2_pre_independent,67,0.007509821161367558
S2_pre_independent,68,0.009723674724823272
S2_pre_independent,69,0.008486001726311532
S2_pre_independent,70,0.005280136578140748
S2_pre_independent,71,0.0077096490437416065
S2_pre_independent,72,0.013595173242574976
S2_pre_independent,73,0.012334658551226507
S2_pre_independent,74,0.009439708865014662
S2_pre_independent,75,0.016175151071234684
S2_pre_independent,76,0.010907105386121607
S2_pre_independent,77,0.009207738770169449
S2_pre_independent,78,0.010472333629697239
S2_pre_independent,79,0.007200582986360615
S2_pre_independent,80,0.015633986191233795
S2_pre_independent,81,0.011616220660236376
S2_pre_independent,82,0.00673160174067533
S2_pre_independent,83,0.013071869559309501
S2_pre_independent,84,0.010573123448677446
S2_pre_independent,85,0.015763121079020337
S2_pre_independent,86,0.01407588796774295
S2_pre_independent,87,0.010307831367466935
S2_pre_independent,88,0.010117078906914934
S2_pre_independent,89,0.009083847262067124
S2_pre_independent,90,0.01064857759033666
S2_pre_independent,91,0.011313513520708973
S2_pre_independent,92,0.007615982525717158
S2_pre_independent,93,0.010895000849840297
S2_pre_independent,94,0.007206740066072026
S2_pre_independent,95,0.017273114602639694
S2_pre_independent,96,0.016838468623022518
S2_pre_independent,97,0.007111913052214813
S2_pre_independent,98,0.01090324323254288
S2_pre_independent,99,0.004850120317357209
S2_pre_independent,100,0.008711124425609285
S2_pre_independent,101,0.004887054574406413
S2_pre_independent,102,0.014300673670803565
S2_pre_independent,103,0.00681450948972584
S2_pre_independent,104,0.00914127358924377
S2_pre_independent,105,0.005332548646072244
S2_pre_independent,106,0.013361984720191344
S2_pre_independent,107,0.010543985838904035
S2_pre_independent,108,0.009889078141387841
S2_pre_independent,109,0.016856517575784213
S2_pre_independent,110,0.008372770978789301
S2_pre_independent,111,0.006917089203554383
S2_pre_independent,112,0.009873583145182607
S2_pre_independent,113,0.007968478304064774
S2_pre_independent,114,0.007724950561370125
S2_pre_independent,115,0.013001849346817806
S2_pre_independent,116,0.00610146428729319
S2_pre_independent,117,0.007960709341237049
S2_pre_independent,118,0.004988988172698772
S2_pre_independent,119,0.0057802898413066295
S2_pre_independent,120,0.006508407161292862
S2_pre_independent,121,0.02287788408846625
S2_pre_independent,122,0.00791657789991973
S2_pre_independent,123,0.008213269754180352
S2_pre_independent,124,0.011380609543206077
S2_pre_independent,125,0.005916432807495653
S2_pre_independent,126,0.006953561508126427
S2_pre_independent,127,0.01263485179102597
S2_pre_independent,128,0.01022516836820131
S2_pre_independent,129,0.011416698167273864
S2_pre_independent,130,0.008584656440711047
S2_pre_independent,131,0.0066992238310250585
S2_pre_independent,132,0.011823799103645172
S2_pre_independent,133,0.004393767166307239
S2_pre_independent,134,0.00864727528379916
S2_pre_independent,135,0.008541068909704741
S2_pre_independent,136,0.009377074088434245
S2_pre_independent,137,0.011012421551972462
S2_pre_independent,138,0.006985753249604265
S2_pre_independent,139,0.006702540840253679
S2_pre_independent,140,0.007603388181064652
S2_pre_independent,141,0.01337628090560461
S2_pre_independent,142,0.006538289534649966
S2_pre_independent,143,0.006917683470519798
S2_pre_independent,144,0.010359402071613122
S2_pre_independent,145,0.0069855988608540365
S2_pre_independent,146,0.0051144781633643
S2_pre_independent,147,0.012426290421751585
S2_pre_independent,148,0.009923840863022004
S2_pre_independent,149,0.008922658978156583
S2_pre_independent,150,0.008448809807366064
S2_pre_independent,151,0.011274874726015405
S2_pre_independent,152,0.014386412597161335
S2_pre_independent,153,0.014701945365063196
S2_pre_independent,154,0.012418314516005502
S2_pre_independent,155,0.008705938761434329
S2_pre_independent,156,0.010623975445985145
S2_pre_independent,157,0.004205458660605288
S2_pre_independent,158,0.02251174355713559
S2_pre_independent,159,0.01025225910837202
S2_pre_independent,160,0.008840384457311501
S2_pre_independent,161,0.009459222068218587
S2_pre_independent,162,0.006643953317660767
S2_pre_independent,163,0.01189773259146909
S2_pre_independent,164,0.009149509055633054
S2_pre_independent,165,0.008190621482075056
S2_pre_independent,166,0.017496565191489122
S2_pre_independent,167,0.012462431489374204
S2_pre_independent,168,0.005726136637684398
S2_pre_independent,169,0.00834966940693338
S2_pre_independent,170,0.01117188236624056
S2_pre_independent,171,0.013480508005719205
S2_pre_independent,172,0.0068262641578269445
S2_pre_independent,173,0.008251843527013136
S2_pre_independent,174,0.016321056573942005
S2_pre_independent,175,0.013741396469368894
S2_pre_independent,176,0.006374155409243354
S2_pre_independent,177,0.015571474166337307
S2_pre_independent,178,0.011736108047311955
S2_pre_independent,179,0.009612979657358078
S2_pre_independent,180,0.005349303757863133
S2_pre_independent,181,0.009960415399955735
S2_pre_independent,182,0.013214768843832658
S2_pre_independent,183,0.01364019392231075
S2_pre_independent,184,0.01895281975490093
S2_pre_independent,185,0.006411822852097515
S2_pre_independent,186,0.007823544078104483
S2_pre_independent,187,0.008922116924089174
S2_pre_independent,188,0.0064224469125173655
S2_pre_independent,189,0.007951476395702706
S2_pre_independent,190,0.009715910404971773
S2_pre_independent,191,0.008564979930143934
S2_pre_independent,192,0.008109426957191967
S2_pre_independent,193,0.008262274101313416
S2_pre_independent,194,0.017342658071227923
S2_pre_independent,195,0.012204845369829354
S2_pre_independent,196,0.0195266521664621
S2_pre_independent,197,0.011065515332892684
S2_pre_independent,198,0.014868896557131084
S2_pre_independent,199,0.007839235751655238
S2_pre_independent,200,0.013571179673995903
S2_pre_independent,201,0.011492885430265165
S2_pre_independent,202,0.011288715727592713
S2_pre_independent,203,0.01035289673101003
S2_pre_independent,204,0.007609879814851617
S2_pre_independent,205,0.005971991480246075
S2_pre_independent,206,0.008355582996106392
S2_pre_independent,207,0.010006734016861252
S2_pre_independent,208,0.005807580685853075
S2_pre_independent,209,0.011361087593945385
S2_pre_independent,210,0.008895764343845869
S2_pre_independent,211,0.009978940358606803
S2_pre_independent,212,0.01927849752844013
S2_pre_independent,213,0.014120497497590812
S2_pre_independent,214,0.008747512558676895
S2_pre_independent,215,0.008032814876445027
S2_pre_independent,216,0.010844602124246094
S2_pre_independent,217,0.014438958706854521
S2_pre_independent,218,0.008353615796656833
S2_pre_independent,219,0.011738201512653479
S2_pre_independent,220,0.011703237103763087
S2_pre_independent,221,0.004849798924279725
S2_pre_independent,222,0.009722901500828662
S2_pre_independent,223,0.008079414078471014
S2_pre_independent,224,0.012301797604231002
S2_pre_independent,225,0.007380160738845731
S2_pre_independent,226,0.00838948589770494
S2_pre_independent,227,0.006410279340659297
S2_pre_independent,228,0.006653212961871269
S2_pre_independent,229,0.01326700640674261
S2_pre_independent,230,0.01424147128914477
S2_pre_independent,231,0.011690552533780263
S2_pre_independent,232,0.010010584409561485
S2_pre_independent,233,0.01271109202127052
S2_pre_independent,234,0.007181244725659841
S2_pre_independent,235,0.023934191082190637
S2_pre_independent,236,0.012983215795772995
S2_pre_independent,237,0.007931297775516821
S2_pre_independent,238,0.007302044356508386
S2_pre_independent,239,0.010054673693393745
S2_pre_independent,240,0.00698517204741389
S2_pre_independent,241,0.015917134547022815
S2_pre_independent,242,0.0058283766767379674
S2_pre_independent,243,0.009337751126327287
S2_pre_independent,244,0.014995397366002639
S2_pre_independent,245,0.007892198757713409
S2_pre_independent,246,0.009977001771382277
S2_pre_independent,247,0.007879310666398798
S2_pre_independent,248,0.017171939398795022
S2_pre_independent,249,0.011170654665833446
S2_pre_independent,250,0.008144013794342264
S2_pre_independent,251,0.011274142084332528
S2_pre_independent,252,0.008225927253943777
S2_pre_independent,253,0.012810144620325481
S2_pre_independent,254,0.007167564626379352
S2_pre_independent,255,0.007181447133928209
S2_pre_independent,256,0.022340343757165648
S2_pre_independent,257,0.015151453017905325
S2_pre_independent,258,0.0074276774109613974
S2_pre_independent,259,0.004738574338534196
S2_pre_independent,260,0.008381077102890266
S2_pre_independent,261,0.0068954394693552246
S2_pre_independent,262,0.0072727042089320015
S2_pre_independent,263,0.012312587113603612
S2_pre_independent,264,0.021696236423129456
S2_pre_independent,265,0.008929081775360004
S2_pre_independent,266,0.004706793000095022
S2_pre_independent,267,0.011313471843610756
S2_pre_independent,268,0.008249697995879046
S2_pre_independent,269,0.005959229517499054
S2_pre_independent,270,0.016386405087034372
S2_pre_independent,271,0.011695556236568816
S2_pre_independent,272,0.005438047930779177
S2_pre_independent,273,0.008111526764556842
S2_pre_independent,274,0.010366015986583488
S2_pre_independent,275,0.011562509403476362
S2_pre_independent,276,0.010997131054893305
S2_pre_independent,277,0.0056821976543273145
S2_pre_independent,278,0.01131944214944225
S2_pre_independent,279,0.016562580623735723
S2_pre_independent,280,0.011762116278004164
S2_pre_independent,281,0.006723515269095426
S2_pre_independent,282,0.006504539293040956
S2_pre_independent,283,0.017325025752897627
S2_pre_independent,284,0.017985790053612227
S2_pre_independent,285,0.011178873099940478
S2_pre_independent,286,0.010013930946162208
S2_pre_independent,287,0.011374154903725398
S2_pre_independent,288,0.014946508061989494
S2_pre_independent,289,0.014781666521903603
S2_pre_independent,290,0.008815889766493612
S2_pre_independent,291,0.008625705293232144
S2_pre_independent,292,0.008698984746441596
S2_pre_independent,293,0.019842265972556117
S2_pre_independent,294,0.012090848780264896
S2_pre_independent,295,0.011150006604467855
S2_pre_independent,296,0.005267968998908579
S2_pre_independent,297,0.010687144885236144
S2_pre_independent,298,0.006152374909379255
S2_pre_independent,299,0.008394629983398794
S2_pre_independent,300,0.009048493301800242
S2_pre_independent,301,0.013457375207341915
S2_pre_independent,302,0.014578549777722216
S2_pre_independent,303,0.013251113198808895
S2_pre_independent,304,0.008777286224136649
S2_pre_independent,305,0.014685052760182504
S2_pre_independent,306,0.006109402978751177
S2_pre_independent,307,0.006826053817071909
S2_pre_independent,308,0.010571532225104985
S2_pre_independent,309,0.007800810249044332
S2_pre_independent,310,0.00809967542197354
S2_pre_independent,311,0.006717130700252927
S2_pre_independent,312,0.009466974209234813
S2_pre_independent,313,0.013725354483877794
S2_pre_independent,314,0.009469024371482782
S2_pre_independent,315,0.008446521453240319
S2_pre_independent,316,0.013298171523929092
S2_pre_independent,317,0.0091933652401619
S2_pre_independent,318,0.01001613687687719
S2_pre_independent,319,0.009147148318036091
S2_pre_independent,320,0.00737422434426227
S2_pre_independent,321,0.012863055321375327
S2_pre_independent,322,0.009591818389234952
S2_pre_independent,323,0.019748594341223225
S2_pre_independent,324,0.008067352859027821
S2_pre_independent,325,0.00837273275928263
S2_pre_independent,326,0.006122532760403754
S2_pre_independent,327,0.01113553954267843
S2_pre_independent,328,0.011065838480315282
S2_pre_independent,329,0.010390814733576725
S2_pre_independent,330,0.007537818796805151
S2_pre_independent,331,0.012984533029596346
S2_pre_independent,332,0.021231131108905288
S2_pre_independent,333,0.009292063664227523
S2_pre_independent,334,0.011852057683778394
S2_pre_independent,335,0.004756393429513395
S2_pre_independent,336,0.006130951793262618
S2_pre_independent,337,0.009240002194128127
S2_pre_independent,338,0.013080047592858524
S2_pre_independent,339,0.007067144949464588
S2_pre_independent,340,0.005916823985425257
S2_pre_independent,341,0.013626505475909934
S2_pre_independent,342,0.011261996167433619
S2_pre_independent,343,0.017512175715773903
S2_pre_independent,344,0.013954921918800434
S2_pre_independent,345,0.010225303194264512
S2_pre_independent,346,0.011530078922511677
S2_pre_independent,347,0.01145672563640776
S2_pre_independent,348,0.010648115363896427
S2_pre_independent,349,0.014900133016865436
S2_pre_independent,350,0.009387199773949195
S2_pre_independent,351,0.006804764746578318
S2_pre_independent,352,0.015588081072440474
S2_pre_independent,353,0.008572280289623091
S2_pre_independent,354,0.015130027914111999
S2_pre_independent,355,0.01236509842234046
S2_pre_independent,356,0.007889582322440525
S2_pre_independent,357,0.008037290886019122
S2_pre_independent,358,0.01522761216000168
S2_pre_independent,359,0.011405758672476285
S2_pre_independent,360,0.010052404255763925
S2_pre_independent,361,0.012685203771090503
S2_pre_independent,362,0.007523643672991298
S2_pre_independent,363,0.0140010678062219
S2_pre_independent,364,0.007274144307528818
S2_pre_independent,365,0.010494339910935402
S2_pre_independent,366,0.015311194444386
S2_pre_independent,367,0.008043590181363136
S2_pre_independent,368,0.012412938182326805
S2_pre_independent,369,0.00723033054443567
S2_pre_independent,370,0.010045559442659169
S2_pre_independent,371,0.007843160425414553
S2_pre_independent,372,0.006334839728793895
S2_pre_independent,373,0.009506919688948123
S2_pre_independent,374,0.010893153326225757
S2_pre_independent,375,0.017150231615336686
S2_pre_independent,376,0.010203104942051233
S2_pre_independent,377,0.012041352629955426
S2_pre_independent,378,0.011867362944706805
S2_pre_independent,379,0.007986702903012066
S2_pre_independent,380,0.00977940383448983
S2_pre_independent,381,0.01003576229700398
S2_pre_independent,382,0.0060327314101455976
S2_pre_independent,383,0.005753833602242242
S2_pre_independent,384,0.011110384637023074
S2_pre_independent,385,0.005454416629937953
S2_pre_independent,386,0.01304784446308771
S2_pre_independent,387,0.012856860086674082
S2_pre_independent,388,0.011253843315027101
S2_pre_independent,389,0.011221253208269832
S2_pre_independent,390,0.01680061216823736
S2_pre_independent,391,0.010113617213247661
S2_pre_independent,392,0.012300528102134667
S2_pre_independent,393,0.010053902243857937
S2_pre_independent,394,0.012300882447251915
S2_pre_independent,395,0.010998094743731812
S2_pre_independent,396,0.00867733303481133
S2_pre_independent,397,0.006901025721812726
S2_pre_independent,398,0.014263037674836276
S2_pre_independent,399,0.006699616027961763
S2_post_a0.7,0,0.028213845762377954
S2_post_a0.7,1,0.016819700477947563
S2_post_a0.7,2,0.023707936233857918
S2_post_a0.7,3,0.02563837731572738
S2_post_a0.7,4,0.027871274937852686
S2_post_a0.7,5,0.03521721583662751
S2_post_a0.7,6,0.030740987408199416
S2_post_a0.7,7,0.02433140572311565
S2_post_a0.7,8,0.021277380206777163
S2_post_a0.7,9,0.03474694899764863
S2_post_a0.7,10,0.025859730645128032
S2_post_a0.7,11,0.025237063038751728
S2_post_a0.7,12,0.031392455740338665
S2_post_a0.7,13,0.03475905452333272
S2_post_a0.7,14,0.027980463545622225
S2_post_a0.7,15,0.032814209917642057
S2_post_a0.7,16,0.043184643790918464
S2_post_a0.7,17,0.01779846056379064
S2_post_a0.7,18,0.014976881953234322
S2_post_a0.7,19,0.034142187359125664
S2_post_a0.7,20,0.028564923136163767
S2_post_a0.7,21,0.013905217361499744
S2_post_a0.7,22,0.01192725979704612
S2_post_a0.7,23,0.019942489496597826
S2_post_a0.7,24,0.03915867559687314
S2_post_a0.7,25,0.026107363649516824
S2_post_a0.7,26,0.013526793207467858
S2_post_a0.7,27,0.023282341352568903
S2_post_a0.7,28,0.027693004553752232
S2_post_a0.7,29,0.029916018964984747
S2_post_a0.7,30,0.0287376357062179
S2_post_a0.7,31,0.03368025029553001
S2_post_a0.7,32,0.03985217341234515
S2_post_a0.7,33,0.03903966037476936
S2_post_a0.7,34,0.0344349190783233
S2_post_a0.7,35,0.015657587167080766
S2_post_a0.7,36,0.03993402097524701
S2_post_a0.7,37,0.022321012374226346
S2_post_a0.7,38,0.02648669309015217
S2_post_a0.7,39,0.019726573954350624
S2_post_a0.7,40,0.03433741672859281
S2_post_a0.7,41,0.03739449960527752
S2_post_a0.7,42,0.021334133199219174
S2_post_a0.7,43,0.03727046243796117
S2_post_a0.7,44,0.0221427297661978
S2_post_a0.7,45,0.0255113875177555
S2_post_a0.7,46,0.025827229138317254
S2_post_a0.7,47,0.019731033981064794
S2_post_a0.7,48,0.026414987016536884
S2_post_a0.7,49,0.02448341601661852
S2_post_a0.7,50,0.036852278138562955
S2_post_a0.7,51,0.02083912106842689
S2_post_a0.7,52,0.03615720229616759
S2_post_a0.7,53,0.018992741460004403
S2_post_a0.7,54,0.03639620006088773
S2_post_a0.7,55,0.031691583975276494
S2_post_a0.7,56,0.018504825260441837
S2_post_a0.7,57,0.02354521175065205
S2_post_a0.7,58,0.027178665667542123
S2_post_a0.7,59,0.016527422656429813
S2_post_a0.7,60,0.01505029376438305
S2_post_a0.7,61,0.021705421476913234
S2_post_a0.7,62,0.027770801190464933
S2_post_a0.7,63,0.03347443420721641
S2_post_a0.7,64,0.020661955069260607
S2_post_a0.7,65,0.02669179791473475
S2_post_a0.7,66,0.01907318171642336
S2_post_a0.7,67,0.025096180003792767
S2_post_a0.7,68,0.02727058514207137
S2_post_a0.7,69,0.038638764790917435
S2_post_a0.7,70,0.020160057189048786
S2_post_a0.7,71,0.021956409189336057
S2_post_a0.7,72,0.022972645572786998
S2_post_a0.7,73,0.030105134283324286
S2_post_a0.7,74,0.02486044307459112
S2_post_a0.7,75,0.027246936115523646
S2_post_a0.7,76,0.025030826423609653
S2_post_a0.7,77,0.03172105510671086
S2_post_a0.7,78,0.03059036749778432
S2_post_a0.7,79,0.026289452294189886
S2_post_a0.7,80,0.0308511287180262
S2_post_a0.7,81,0.03000274174299422
S2_post_a0.7,82,0.026823082401365994
S2_post_a0.7,83,0.026429343881647416
S2_post_a0.7,84,0.018816130491623007
S2_post_a0.7,85,0.027296134977390363
S2_post_a0.7,86,0.030373980784722754
S2_post_a0.7,87,0.022055304591863223
S2_post_a0.7,88,0.018178355342058694
S2_post_a0.7,89,0.02338020456259926
S2_post_a0.7,90,0.024144236375584605
S2_post_a0.7,91,0.02533925595376374
S2_post_a0.7,92,0.01904304263697787
S2_post_a0.7,93,0.03490735524313138
S2_post_a0.7,94,0.02625051042445392
S2_post_a0.7,95,0.032382851874959595
S2_post_a0.7,96,0.025447722686643637
S2_post_a0.7,97,0.02889437416693097
S2_post_a0.7,98,0.021480245133990827
S2_post_a0.7,99,0.02950702101713487
S2_post_a0.7,100,0.01724973704875099
S2_post_a0.7,101,0.027020736484761
S2_post_a0.7,102,0.0398328449023273
S2_post_a0.7,103,0.02140696215241711
S2_post_a0.7,104,0.02614280743532449
S2_post_a0.7,105,0.022604731076113715
S2_post_a0.7,106,0.024593739380121438
S2_post_a0.7,107,0.018900425119370734
S2_post_a0.7,108,0.027694042424125875
S2_post_a0.7,109,0.018058226360725627
S2_post_a0.7,110,0.0251430610288903
S2_post_a0.7,111,0.029398361037991094
S2_post_a0.7,112,0.02168308203096192
S2_post_a0.7,113,0.021099832872344848
S2_post_a0.7,114,0.016812564781442774
S2_post_a0.7,115,0.04312431711329179
S2_post_a0.7,116,0.02951373543560276
S2_post_a0.7,117,0.020823726331589132
S2_post_a0.7,118,0.02537601633982778
S2_post_a0.7,119,0.02004179893230207
S2_post_a0.7,120,0.02821310602350735
S2_post_a0.7,121,0.03106766408111694
S2_post_a0.7,122,0.01865078989422475
S2_post_a0.7,123,0.02724484280205619
S2_post_a0.7,124,0.025580620726006753
S2_post_a0.7,125,0.01978941215851826
S2_post_a0.7,126,0.03115994083312934
S2_post_a0.7,127,0.029520737214224546
S2_post_a0.7,128,0.033203242600180705
S2_post_a0.7,129,0.03198005559139627
S2_post_a0.7,130,0.02643473835525345
S2_post_a0.7,131,0.03606686450666574
S2_post_a0.7,132,0.03293770910631366
S2_post_a0.7,133,0.012998459662191042
S2_post_a0.7,134,0.03899668731249761
S2_post_a0.7,135,0.021128984020853725
S2_post_a0.7,136,0.013053792166954015
S2_post_a0.7,137,0.025054339432033945
S2_post_a0.7,138,0.020237780810878903
S2_post_a0.7,139,0.03438976410554906
S2_post_a0.7,140,0.021420000461409128
S2_post_a0.7,141,0.03024770253433129
S2_post_a0.7,142,0.026739189003811337
S2_post_a0.7,143,0.015925298800774534
S2_post_a0.7,144,0.035214803896575386
S2_post_a0.7,145,0.018383930484255462
S2_post_a0.7,146,0.02168090392597133
S2_post_a0.7,147,0.029983901200082208
S2_post_a0.7,148,0.023592567131859532
S2_post_a0.7,149,0.025561253094240843
S2_post_a0.7,150,0.02048530038998786
S2_post_a0.7,151,0.035744305938712806
S2_post_a0.7,152,0.014781400105388531
S2_post_a0.7,153,0.021484853893066536
S2_post_a0.7,154,0.02766830866129588
S2_post_a0.7,155,0.01784022332384705
S2_post_a0.7,156,0.030579514619762715
S2_post_a0.7,157,0.02774857835387934
S2_post_a0.7,158,0.020340740251792777
S2_post_a0.7,159,0.02013819193135946
S2_post_a0.7,160,0.022337896732550266
S2_post_a0.7,161,0.023408874706995153
S2_post_a0.7,162,0.03302632052379151
S2_post_a0.7,163,0.014026632129696903
S2_post_a0.7,164,0.010933254390398606
S2_post_a0.7,165,0.03334080728711131
S2_post_a0.7,166,0.018781329844079764
S2_post_a0.7,167,0.03409942353406992
S2_post_a0.7,168,0.01565362413790261
S2_post_a0.7,169,0.026954146691617442
S2_post_a0.7,170,0.03277480981059311
S2_post_a0.7,171,0.028956419196510375
S2_post_a0.7,172,0.028570346930420598
S2_post_a0.7,173,0.03932076007636809
S2_post_a0.7,174,0.025528061993682627
S2_post_a0.7,175,0.01921258215425592
S2_post_a0.7,176,0.030705441202250938
S2_post_a0.7,177,0.015870647299919494
S2_post_a0.7,178,0.022301088206095887
S2_post_a0.7,179,0.03491809331698814
S2_post_a0.7,180,0.02350694288842403
S2_post_a0.7,181,0.03209949763477704
S2_post_a0.7,182,0.017536001685032332
S2_post_a0.7,183,0.01866571334381817
S2_post_a0.7,184,0.022816166969797713
S2_post_a0.7,185,0.041954436197197964
S2_post_a0.7,186,0.032406173305957964
S2_post_a0.7,187,0.024424555148455873
S2_post_a0.7,188,0.01707006024017632
S2_post_a0.7,189,0.018245828089136218
S2_post_a0.7,190,0.025864425528045132
S2_post_a0.7,191,0.025341173863798083
S2_post_a0.7,192,0.023795450141331553
S2_post_a0.7,193,0.030568311934987324
S2_post_a0.7,194,0.01415071550328717
S2_post_a0.7,195,0.02225212610799554
S2_post_a0.7,196,0.016542454143425367
S2_post_a0.7,197,0.019561496985379012
S2_post_a0.7,198,0.018979695668379204
S2_post_a0.7,199,0.03077031344305947
S2_post_a0.7,200,0.017889492766028248
S2_post_a0.7,201,0.034929695930198346
S2_post_a0.7,202,0.03777248343298911
S2_post_a0.7,203,0.021227633826218728
S2_post_a0.7,204,0.02397968900975167
S2_post_a0.7,205,0.030858742288809804
S2_post_a0.7,206,0.029617995861866753
S2_post_a0.7,207,0.01719878657776519
S2_post_a0.7,208,0.019966702000150605
S2_post_a0.7,209,0.03199370065253593
S2_post_a0.7,210,0.024717701270332793
S2_post_a0.7,211,0.02619078216140469
S2_post_a0.7,212,0.028220369081104035
S2_post_a0.7,213,0.025473964298185603
S2_post_a0.7,214,0.023629269807178055
S2_post_a0.7,215,0.020636972875006432
S2_post_a0.7,216,0.025803341989356632
S2_post_a0.7,217,0.02098973164412099
S2_post_a0.7,218,0.028013928238382224
S2_post_a0.7,219,0.016065170638444037
S2_post_a0.7,220,0.030840203749188166
S2_post_a0.7,221,0.02452952007245246
S2_post_a0.7,222,0.0269047041173458
S2_post_a0.7,223,0.024881084755476124
S2_post_a0.7,224,0.019181941743215525
S2_post_a0.7,225,0.02644169634311
S2_post_a0.7,226,0.020330202811423614
S2_post_a0.7,227,0.01701240500592638
S2_post_a0.7,228,0.020942783838086232
S2_post_a0.7,229,0.03650113112463105
S2_post_a0.7,230,0.026629310762440017
S2_post_a0.7,231,0.02345773762242276
S2_post_a0.7,232,0.032959260251076206
S2_post_a0.7,233,0.032051445934261125
S2_post_a0.7,234,0.02429818693098129
S2_post_a0.7,235,0.027269291731878198
S2_post_a0.7,236,0.032556362004782624
S2_post_a0.7,237,0.013733851505100425
S2_post_a0.7,238,0.015205164870780052
S2_post_a0.7,239,0.03389728426725913
S2_post_a0.7,240,0.01235609953013972
S2_post_a0.7,241,0.02085214344453501
S2_post_a0.7,242,0.034321063094066684
S2_post_a0.7,243,0.009812256866474023
S2_post_a0.7,244,0.029449853527897307
S2_post_a0.7,245,0.019908946943015593
S2_post_a0.7,246,0.03220310134241977
S2_post_a0.7,247,0.01578315528422447
S2_post_a0.7,248,0.019008488474278273
S2_post_a0.7,249,0.03832927403978248
S2_post_a0.7,250,0.02635623708757029
S2_post_a0.7,251,0.01812435583098848
S2_post_a0.7,252,0.024006043155664347
S2_post_a0.7,253,0.03460798245107988
S2_post_a0.7,254,0.031626181826450495
S2_post_a0.7,255,0.02757004941347585
S2_post_a0.7,256,0.01627198392409035
S2_post_a0.7,257,0.021058365620690633
S2_post_a0.7,258,0.020565178486585456
S2_post_a0.7,259,0.024056621474983775
S2_post_a0.7,260,0.020966684028882465
S2_post_a0.7,261,0.04555158525312386
S2_post_a0.7,262,0.019427013550227024
S2_post_a0.7,263,0.011535872308194417
S2_post_a0.7,264,0.019628925786605578
S2_post_a0.7,265,0.024183520859041963
S2_post_a0.7,266,0.03260723568364954
S2_post_a0.7,267,0.020347807484839553
S2_post_a0.7,268,0.02131126238289749
S2_post_a0.7,269,0.01136918515403229
S2_post_a0.7,270,0.019189572639922492
S2_post_a0.7,271,0.028342602697232877
S2_post_a0.7,272,0.022668891850323725
S2_post_a0.7,273,0.025589776395873454
S2_post_a0.7,274,0.03365830820524174
S2_post_a0.7,275,0.014741836700572719
S2_post_a0.7,276,0.02316167622715737
S2_post_a0.7,277,0.019328781804066608
S2_post_a0.7,278,0.023219428909643458
S2_post_a0.7,279,0.025947341379784827
S2_post_a0.7,280,0.014863099451656758
S2_post_a0.7,281,0.03550369683640575
S2_post_a0.7,282,0.03149143696748524
S2_post_a0.7,283,0.03715485588916234
S2_post_a0.7,284,0.03008253086803725
S2_post_a0.7,285,0.02602391087087108
S2_post_a0.7,286,0.014532172053871584
S2_post_a0.7,287,0.025598071648927245
S2_post_a0.7,288,0.031428938994572775
S2_post_a0.7,289,0.02866958983205503
S2_post_a0.7,290,0.04139278667917967
S2_post_a0.7,291,0.01867032338897534
S2_post_a0.7,292,0.03472027400228761
S2_post_a0.7,293,0.026831931212234927
S2_post_a0.7,294,0.018333064680712496
S2_post_a0.7,295,0.016307721737970127
S2_post_a0.7,296,0.021820795380913083
S2_post_a0.7,297,0.020145100303198493
S2_post_a0.7,298,0.02473559036303774
S2_post_a0.7,299,0.026019895987130504
S2_post_a0.7,300,0.029256517942941596
S2_post_a0.7,301,0.02457663224177642
S2_post_a0.7,302,0.01788521198035875
S2_post_a0.7,303,0.024910412140453086
S2_post_a0.7,304,0.018895726211392905
S2_post_a0.7,305,0.02034774344527568
S2_post_a0.7,306,0.018499103589740162
S2_post_a0.7,307,0.03174139875911397
S2_post_a0.7,308,0.03369599216872743
S2_post_a0.7,309,0.02539380796850832
S2_post_a0.7,310,0.024162164571786438
S2_post_a0.7,311,0.018412199728184753
S2_post_a0.7,312,0.02944126705129646
S2_post_a0.7,313,0.027895991223173766
S2_post_a0.7,314,0.022109975188911335
S2_post_a0.7,315,0.02355136623328713
S2_post_a0.7,316,0.026194846464712374
S2_post_a0.7,317,0.03684111269534451
S2_post_a0.7,318,0.027943658870195787
S2_post_a0.7,319,0.02464216270539854
S2_post_a0.7,320,0.025365124786851823
S2_post_a0.7,321,0.02690258147140323
S2_post_a0.7,322,0.030786181353459785
S2_post_a0.7,323,0.014200696771609511
S2_post_a0.7,324,0.03010962507638615
S2_post_a0.7,325,0.04166931920608263
S2_post_a0.7,326,0.028878362769585664
S2_post_a0.7,327,0.027014151671756803
S2_post_a0.7,328,0.023631671443846702
S2_post_a0.7,329,0.026814301116000028
S2_post_a0.7,330,0.019144549813458145
S2_post_a0.7,331,0.022777207013041867
S2_post_a0.7,332,0.019165643632111262
S2_post_a0.7,333,0.02248046920808422
S2_post_a0.7,334,0.025939144455167096
S2_post_a0.7,335,0.019771741292776035
S2_post_a0.7,336,0.03433742033920595
S2_post_a0.7,337,0.02486841658703831
S2_post_a0.7,338,0.02361074065187685
S2_post_a0.7,339,0.02951761936852737
S2_post_a0.7,340,0.029743930595448553
S2_post_a0.7,341,0.017979364079784954
S2_post_a0.7,342,0.026807255521112072
S2_post_a0.7,343,0.03515729696753844
S2_post_a0.7,344,0.016809614879168766
S2_post_a0.7,345,0.02657348661045278
S2_post_a0.7,346,0.014711561841056486
S2_post_a0.7,347,0.02936881324555518
S2_post_a0.7,348,0.018211970226847285
S2_post_a0.7,349,0.022619521069693782
S2_post_a0.7,350,0.03737453274874447
S2_post_a0.7,351,0.021137481694935456
S2_post_a0.7,352,0.03235025551809434
S2_post_a0.7,353,0.02373157274650506
S2_post_a0.7,354,0.02679883121125437
S2_post_a0.7,355,0.02259799050933564
S2_post_a0.7,356,0.018423258326882408
S2_post_a0.7,357,0.04392482777872564
S2_post_a0.7,358,0.020621634791690546
S2_post_a0.7,359,0.02328563541064499
S2_post_a0.7,360,0.018231877929546503
S2_post_a0.7,361,0.03363575666116825
S2_post_a0.7,362,0.029997564842160873
S2_post_a0.7,363,0.016475582038772085
S2_post_a0.7,364,0.0325863814810079
S2_post_a0.7,365,0.02125376924874267
S2_post_a0.7,366,0.01965888675744587
S2_post_a0.7,367,0.025083345486464292
S2_post_a0.7,368,0.03805125039456847
S2_post_a0.7,369,0.026583870559845124
S2_post_a0.7,370,0.02464826246708096
S2_post_a0.7,371,0.018877935032231452
S2_post_a0.7,372,0.029551255946158594
S2_post_a0.7,373,0.016923794823263005
S2_post_a0.7,374,0.01946906042507157
S2_post_a0.7,375,0.017449816918769123
S2_post_a0.7,376,0.030155483619823453
S2_post_a0.7,377,0.026950379554463666
S2_post_a0.7,378,0.01936438380830996
S2_post_a0.7,379,0.021713509120465435
S2_post_a0.7,380,0.015571626678884343
S2_post_a0.7,381,0.029582993740334906
S2_post_a0.7,382,0.035367221013388406
S2_post_a0.7,383,0.023542743687469336
S2_post_a0.7,384,0.024062268827270916
S2_post_a0.7,385,0.024750058046047574
S2_post_a0.7,386,0.025470837468968277
S2_post_a0.7,387,0.021707472721763654
S2_post_a0.7,388,0.0422134888659782
S2_post_a0.7,389,0.03309618345979892
S2_post_a0.7,390,0.03242649992759805
S2_post_a0.7,391,0.01492727404548333
S2_post_a0.7,392,0.011503064722379275
S2_post_a0.7,393,0.03576205089051543
S2_post_a0.7,394,0.0201282052447036
S2_post_a0.7,395,0.01693748600001621
S2_post_a0.7,396,0.015245552960752029
S2_post_a0.7,397,0.027183008468716796
S2_post_a0.7,398,0.02173659483598156
S2_post_a0.7,399,0.03665621013474585
S3_pre_gaussian_tau0.5,0,0.19933178664072804
S3_pre_gaussian_tau0.5,1,0.2322619716190517
S3_pre_gaussian_tau0.5,2,0.19597181474153347
S3_pre_gaussian_tau0.5,3,0.20531012632525059
S3_pre_gaussian_tau0.5,4,0.1835500290877512
S3_pre_gaussian_tau0.5,5,0.20306137152835735
S3_pre_gaussian_tau0.5,6,0.19699922664730485
S3_pre_gaussian_tau0.5,7,0.19310614833599127
S3_pre_gaussian_tau0.5,8,0.19159984179114442
S3_pre_gaussian_tau0.5,9,0.17382858150042635
S3_pre_gaussian_tau0.5,10,0.20675983643090623
S3_pre_gaussian_tau0.5,11,0.22660224622917946
S3_pre_gaussian_tau0.5,12,0.22190643112677755
S3_pre_gaussian_tau0.5,13,0.1972984337006003
S3_pre_gaussian_tau0.5,14,0.18611295142540563
S3_pre_gaussian_tau0.5,15,0.18238859759379444
S3_pre_gaussian_tau0.5,16,0.16997383032503022
S3_pre_gaussian_tau0.5,17,0.16643656377109872
S3_pre_gaussian_tau0.5,18,0.22932940474344576
S3_pre_gaussian_tau0.5,19,0.1923872350714939
S3_pre_gaussian_tau0.5,20,0.18249789934784477
S3_pre_gaussian_tau0.5,21,0.2367745163848478
S3_pre_gaussian_tau0.5,22,0.21421388635490057
S3_pre_gaussian_tau0.5,23,0.2055821836779872
S3_pre_gaussian_tau0.5,24,0.22904097567203285
S3_pre_gaussian_tau0.5,25,0.22065197344447318
S3_pre_gaussian_tau0.5,26,0.22665119466846528
S3_pre_gaussian_tau0.5,27,0.20105251881188746
S3_pre_gaussian_tau0.5,28,0.18704938321241782
S3_pre_gaussian_tau0.5,29,0.2221728310007718
S3_pre_gaussian_tau0.5,30,0.2095198479014595
S3_pre_gaussian_tau0.5,31,0.17618188998835738
S3_pre_gaussian_tau0.5,32,0.21624846136242315
S3_pre_gaussian_tau0.5,33,0.20201181267902912
S3_pre_gaussian_tau0.5,34,0.192094594315527
S3_pre_gaussian_tau0.5,35,0.19523070238941642
S3_pre_gaussian_tau0.5,36,0.21132593762339802
S3_pre_gaussian_tau0.5,37,0.24209697141463238
S3_pre_gaussian_tau0.5,38,0.20849930905067948
S3_pre_gaussian_tau0.5,39,0.18264630070073018
S3_pre_gaussian_tau0.5,40,0.18180363771007846
S3_pre_gaussian_tau0.5,41,0.23402278140132493
S3_pre_gaussian_tau0.5,42,0.18648680758931047
S3_pre_gaussian_tau0.5,43,0.2020621372166711
S3_pre_gaussian_tau0.5,44,0.18681965166286707
S3_pre_gaussian_tau0.5,45,0.20253992022150547
S3_pre_gaussian_tau0.5,46,0.1912047974919595
S3_pre_gaussian_tau0.5,47,0.2087225235092922
S3_pre_gaussian_tau0.5,48,0.21100742519196647
S3_pre_gaussian_tau0.5,49,0.20353689890418236
S3_pre_gaussian_tau0.5,50,0.18461292491331482
S3_pre_gaussian_tau0.5,51,0.20559844549833528
S3_pre_gaussian_tau0.5,52,0.2153090501317978
S3_pre_gaussian_tau0.5,53,0.22369943077069587
S3_pre_gaussian_tau0.5,54,0.19724364795745108
S3_pre_gaussian_tau0.5,55,0.24171700113338535
S3_pre_gaussian_tau0.5,56,0.20293958079034802
S3_pre_gaussian_tau0.5,57,0.1783813092573947
S3_pre_gaussian_tau0.5,58,0.2136967275100714
S3_pre_gaussian_tau0.5,59,0.19954052792669597
S3_pre_gaussian_tau0.5,60,0.23838001096550476
S3_pre_gaussian_tau0.5,61,0.1867405039979504
S3_pre_gaussian_tau0.5,62,0.18028004943037157
S3_pre_gaussian_tau0.5,63,0.18921409830189262
S3_pre_gaussian_tau0.5,64,0.22431808197398873
S3_pre_gaussian_tau0.5,65,0.1219430508876882
S3_pre_gaussian_tau0.5,66,0.13001710659854604
S3_pre_gaussian_tau0.5,67,0.19262529696176633
S3_pre_gaussian_tau0.5,68,0.17405465127281783
S3_pre_gaussian_tau0.5,69,0.15580773756846478
S3_pre_gaussian_tau0.5,70,0.22041720404078946
S3_pre_gaussian_tau0.5,71,0.22518986991949586
S3_pre_gaussian_tau0.5,72,0.20625562392740404
S3_pre_gaussian_tau0.5,73,0.22821046235945008
S3_pre_gaussian_tau0.5,74,0.18207678215607181
S3_pre_gaussian_tau0.5,75,0.1785319753160839
S3_pre_gaussian_tau0.5,76,0.2602240910252025
S3_pre_gaussian_tau0.5,77,0.23105687892746607
S3_pre_gaussian_tau0.5,78,0.21876474724894024
S3_pre_gaussian_tau0.5,79,0.21633618476006022
S3_pre_gaussian_tau0.5,80,0.20480636744297387
S3_pre_gaussian_tau0.5,81,0.18695964922725672
S3_pre_gaussian_tau0.5,82,0.2038033287204457
S3_pre_gaussian_tau0.5,83,0.23501030677801094
S3_pre_gaussian_tau0.5,84,0.1979568116324555
S3_pre_gaussian_tau0.5,85,0.2276381004795005
S3_pre_gaussian_tau0.5,86,0.19697969498461543
S3_pre_gaussian_tau0.5,87,0.19442094140750932
S3_pre_gaussian_tau0.5,88,0.2008325086290741
S3_pre_gaussian_tau0.5,89,0.20940060486244239
S3_pre_gaussian_tau0.5,90,0.19959630974864995
S3_pre_gaussian_tau0.5,91,0.22080471307266825
S3_pre_gaussian_tau0.5,92,0.18154655600618863
S3_pre_gaussian_tau0.5,93,0.22518398453138033
S3_pre_gaussian_tau0.5,94,0.17984577847997807
S3_pre_gaussian_tau0.5,95,0.13450388937383995
S3_pre_gaussian_tau0.5,96,0.23225610856110324
S3_pre_gaussian_tau0.5,97,0.19297912703774456
S3_pre_gaussian_tau0.5,98,0.21477002133544643
S3_pre_gaussian_tau0.5,99,0.22762703235088955
S3_pre_gaussian_tau0.5,100,0.20338721945363858
S3_pre_gaussian_tau0.5,101,0.21847843591274296
S3_pre_gaussian_tau0.5,102,0.17020237035053754
S3_pre_gaussian_tau0.5,103,0.19357362303216608
S3_pre_gaussian_tau0.5,104,0.2129887308030809
S3_pre_gaussian_tau0.5,105,0.2078416566733785
S3_pre_gaussian_tau0.5,106,0.1526072904290321
S3_pre_gaussian_tau0.5,107,0.20710524302543432
S3_pre_gaussian_tau0.5,108,0.21025346508293952
S3_pre_gaussian_tau0.5,109,0.20843679320853825
S3_pre_gaussian_tau0.5,110,0.20942011776382596
S3_pre_gaussian_tau0.5,111,0.16773430550659674
S3_pre_gaussian_tau0.5,112,0.22331640321678314
S3_pre_gaussian_tau0.5,113,0.20920368064399497
S3_pre_gaussian_tau0.5,114,0.15055829769436624
S3_pre_gaussian_tau0.5,115,0.18791585099728447
S3_pre_gaussian_tau0.5,116,0.1738886141331868
S3_pre_gaussian_tau0.5,117,0.2182542852700542
S3_pre_gaussian_tau0.5,118,0.20820382113435354
S3_pre_gaussian_tau0.5,119,0.19709877311859625
S3_pre_gaussian_tau0.5,120,0.17513624747491363
S3_pre_gaussian_tau0.5,121,0.2615230563065638
S3_pre_gaussian_tau0.5,122,0.23190265435576896
S3_pre_gaussian_tau0.5,123,0.202815120099209
S3_pre_gaussian_tau0.5,124,0.24587064565618588
S3_pre_gaussian_tau0.5,125,0.16911443026272055
S3_pre_gaussian_tau0.5,126,0.15569637778378675
S3_pre_gaussian_tau0.5,127,0.18067343208394648
S3_pre_gaussian_tau0.5,128,0.2023339318620785
S3_pre_gaussian_tau0.5,129,0.18646192191088673
S3_pre_gaussian_tau0.5,130,0.15761839148679657
S3_pre_gaussian_tau0.5,131,0.23024899659302545
S3_pre_gaussian_tau0.5,132,0.21587573891213818
S3_pre_gaussian_tau0.5,133,0.20214154035694376
S3_pre_gaussian_tau0.5,134,0.184647712145237
S3_pre_gaussian_tau0.5,135,0.20708257564906019
S3_pre_gaussian_tau0.5,136,0.20550560991322442
S3_pre_gaussian_tau0.5,137,0.17914644510391486
S3_pre_gaussian_tau0.5,138,0.2045436461320902
S3_pre_gaussian_tau0.5,139,0.20429878491793518
S3_pre_gaussian_tau0.5,140,0.18483532900824295
S3_pre_gaussian_tau0.5,141,0.19000432317704607
S3_pre_gaussian_tau0.5,142,0.1622391532686267
S3_pre_gaussian_tau0.5,143,0.19840846235709542
S3_pre_gaussian_tau0.5,144,0.2095477967311794
S3_pre_gaussian_tau0.5,145,0.13988490975508316
S3_pre_gaussian_tau0.5,146,0.26009438152331654
S3_pre_gaussian_tau0.5,147,0.1933902648426895
S3_pre_gaussian_tau0.5,148,0.20530562170618083
S3_pre_gaussian_tau0.5,149,0.2222770031763477
S3_pre_gaussian_tau0.5,150,0.1851437619164611
S3_pre_gaussian_tau0.5,151,0.21043301452751617
S3_pre_gaussian_tau0.5,152,0.19151542036617641
S3_pre_gaussian_tau0.5,153,0.19093950597556253
S3_pre_gaussian_tau0.5,154,0.19785522875140016
S3_pre_gaussian_tau0.5,155,0.2126341708723558
S3_pre_gaussian_tau0.5,156,0.20371449351925985
S3_pre_gaussian_tau0.5,157,0.20339588189655133
S3_pre_gaussian_tau0.5,158,0.20857813257727997
S3_pre_gaussian_tau0.5,159,0.16657535144522795
S3_pre_gaussian_tau0.5,160,0.2007613961449093
S3_pre_gaussian_tau0.5,161,0.19947905401263943
S3_pre_gaussian_tau0.5,162,0.24109336533063042
S3_pre_gaussian_tau0.5,163,0.22219386100244565
S3_pre_gaussian_tau0.5,164,0.24069524998309255
S3_pre_gaussian_tau0.5,165,0.22476717703665772
S3_pre_gaussian_tau0.5,166,0.2112253748579258
S3_pre_gaussian_tau0.5,167,0.1797876045572453
S3_pre_gaussian_tau0.5,168,0.23368032802893346
S3_pre_gaussian_tau0.5,169,0.23877008327246507
S3_pre_gaussian_tau0.5,170,0.18471852978186698
S3_pre_gaussian_tau0.5,171,0.1935558278143712
S3_pre_gaussian_tau0.5,172,0.21620719703640257
S3_pre_gaussian_tau0.5,173,0.16593111709088415
S3_pre_gaussian_tau0.5,174,0.20299203631239138
S3_pre_gaussian_tau0.5,175,0.16933818524450928
S3_pre_gaussian_tau0.5,176,0.2015464866992409
S3_pre_gaussian_tau0.5,177,0.21117837540873596
S3_pre_gaussian_tau0.5,178,0.18308471976371443
S3_pre_gaussian_tau0.5,179,0.18325525426290223
S3_pre_gaussian_tau0.5,180,0.18678524954166953
S3_pre_gaussian_tau0.5,181,0.19474697457333523
S3_pre_gaussian_tau0.5,182,0.206140075138602
S3_pre_gaussian_tau0.5,183,0.18049278851594552
S3_pre_gaussian_tau0.5,184,0.1755311344616728
S3_pre_gaussian_tau0.5,185,0.1978484321809324
S3_pre_gaussian_tau0.5,186,0.1450254324632363
S3_pre_gaussian_tau0.5,187,0.19538122162848603
S3_pre_gaussian_tau0.5,188,0.19814703194941652
S3_pre_gaussian_tau0.5,189,0.2516093162344002
S3_pre_gaussian_tau0.5,190,0.20564808798375722
S3_pre_gaussian_tau0.5,191,0.1971038798757312
S3_pre_gaussian_tau0.5,192,0.21844746494414435
S3_pre_gaussian_tau0.5,193,0.16885664651370025
S3_pre_gaussian_tau0.5,194,0.1838162033376296
S3_pre_gaussian_tau0.5,195,0.22478663673177257
S3_pre_gaussian_tau0.5,196,0.23244834464928887
S3_pre_gaussian_tau0.5,197,0.22866243976632683
S3_pre_gaussian_tau0.5,198,0.22211099603119866
S3_pre_gaussian_tau0.5,199,0.2359756579031007
S3_pre_gaussian_tau0.5,200,0.17576872705440216
S3_pre_gaussian_tau0.5,201,0.17325028054688252
S3_pre_gaussian_tau0.5,202,0.2125810896698881
S3_pre_gaussian_tau0.5,203,0.22393731903644998
S3_pre_gaussian_tau0.5,204,0.18971927313072934
S3_pre_gaussian_tau0.5,205,0.19376607821168523
S3_pre_gaussian_tau0.5,206,0.22448053588573735
S3_pre_gaussian_tau0.5,207,0.22005848421240826
S3_pre_gaussian_tau0.5,208,0.20539058715812253
S3_pre_gaussian_tau0.5,209,0.21919859557925037
S3_pre_gaussian_tau0.5,210,0.17756840988592337
S3_pre_gaussian_tau0.5,211,0.2374522861880175
S3_pre_gaussian_tau0.5,212,0.23607781068070155
S3_pre_gaussian_tau0.5,213,0.1957014771972827
S3_pre_gaussian_tau0.5,214,0.19582057984033696
S3_pre_gaussian_tau0.5,215,0.22935529453897496
S3_pre_gaussian_tau0.5,216,0.1932182319267981
S3_pre_gaussian_tau0.5,217,0.19188028575978366
S3_pre_gaussian_tau0.5,218,0.15753041578427762
S3_pre_gaussian_tau0.5,219,0.19048397607216083
S3_pre_gaussian_tau0.5,220,0.20159992948955852
S3_pre_gaussian_tau0.5,221,0.22590384461370228
S3_pre_gaussian_tau0.5,222,0.2257430103926552
S3_pre_gaussian_tau0.5,223,0.21631113518708522
S3_pre_gaussian_tau0.5,224,0.17946966743508153
S3_pre_gaussian_tau0.5,225,0.20439140260715583
S3_pre_gaussian_tau0.5,226,0.19952891821100716
S3_pre_gaussian_tau0.5,227,0.217650865781696
S3_pre_gaussian_tau0.5,228,0.23807243045072957
S3_pre_gaussian_tau0.5,229,0.18404435883210812
S3_pre_gaussian_tau0.5,230,0.1967816287214461
S3_pre_gaussian_tau0.5,231,0.19140233080077884
S3_pre_gaussian_tau0.5,232,0.1873123097925231
S3_pre_gaussian_tau0.5,233,0.2106086186287599
S3_pre_gaussian_tau0.5,234,0.20750419748406568
S3_pre_gaussian_tau0.5,235,0.19669010192271053
S3_pre_gaussian_tau0.5,236,0.18476083803819288
S3_pre_gaussian_tau0.5,237,0.23493202616006537
S3_pre_gaussian_tau0.5,238,0.19975982119332425
S3_pre_gaussian_tau0.5,239,0.22106762684782266
S3_pre_gaussian_tau0.5,240,0.21855140008394924
S3_pre_gaussian_tau0.5,241,0.21549673276201453
S3_pre_gaussian_tau0.5,242,0.1723259322476789
S3_pre_gaussian_tau0.5,243,0.2033558361304566
S3_pre_gaussian_tau0.5,244,0.20089452890315673
S3_pre_gaussian_tau0.5,245,0.1731622535810602
S3_pre_gaussian_tau0.5,246,0.1660200273064718
S3_pre_gaussian_tau0.5,247,0.1874836563459481
S3_pre_gaussian_tau0.5,248,0.18638193840914674
S3_pre_gaussian_tau0.5,249,0.19767896307452393
S3_pre_gaussian_tau0.5,250,0.2049155635638753
S3_pre_gaussian_tau0.5,251,0.26321695361517783
S3_pre_gaussian_tau0.5,252,0.19881112831301317
S3_pre_gaussian_tau0.5,253,0.20212190356507653
S3_pre_gaussian_tau0.5,254,0.19117905224932175
S3_pre_gaussian_tau0.5,255,0.18837497609504483
S3_pre_gaussian_tau0.5,256,0.1703084572776703
S3_pre_gaussian_tau0.5,257,0.1728929113478146
S3_pre_gaussian_tau0.5,258,0.21501576946372047
S3_pre_gaussian_tau0.5,259,0.1897261757866895
S3_pre_gaussian_tau0.5,260,0.2119213482364466
S3_pre_gaussian_tau0.5,261,0.21895923868119826
S3_pre_gaussian_tau0.5,262,0.2099294594719856
S3_pre_gaussian_tau0.5,263,0.1759912905281089
S3_pre_gaussian_tau0.5,264,0.16809991973068472
S3_pre_gaussian_tau0.5,265,0.19709871163518988
S3_pre_gaussian_tau0.5,266,0.1852452868801997
S3_pre_gaussian_tau0.5,267,0.20774505910676444
S3_pre_gaussian_tau0.5,268,0.23099370698510358
S3_pre_gaussian_tau0.5,269,0.18690221210123426
S3_pre_gaussian_tau0.5,270,0.16224064581262532
S3_pre_gaussian_tau0.5,271,0.21201095376363188
S3_pre_gaussian_tau0.5,272,0.2564740874596234
S3_pre_gaussian_tau0.5,273,0.24048598452700443
S3_pre_gaussian_tau0.5,274,0.21757706047460657
S3_pre_gaussian_tau0.5,275,0.18878119449277486
S3_pre_gaussian_tau0.5,276,0.17102616206977128
S3_pre_gaussian_tau0.5,277,0.15246051323462773
S3_pre_gaussian_tau0.5,278,0.22046657365782707
S3_pre_gaussian_tau0.5,279,0.17918998759309535
S3_pre_gaussian_tau0.5,280,0.2183418181457517
S3_pre_gaussian_tau0.5,281,0.22520383752983486
S3_pre_gaussian_tau0.5,282,0.19072359544431228
S3_pre_gaussian_tau0.5,283,0.22403299069727822
S3_pre_gaussian_tau0.5,284,0.2252849540706201
S3_pre_gaussian_tau0.5,285,0.22333460467831845
S3_pre_gaussian_tau0.5,286,0.23676145426240458
S3_pre_gaussian_tau0.5,287,0.2159860198005923
S3_pre_gaussian_tau0.5,288,0.16631561759653213
S3_pre_gaussian_tau0.5,289,0.20067760375532906
S3_pre_gaussian_tau0.5,290,0.2226857951612824
S3_pre_gaussian_tau0.5,291,0.1880324086737839
S3_pre_gaussian_tau0.5,292,0.20022875974569798
S3_pre_gaussian_tau0.5,293,0.17554427013635054
S3_pre_gaussian_tau0.5,294,0.21099445456341037
S3_pre_gaussian_tau0.5,295,0.1727130737777971
S3_pre_gaussian_tau0.5,296,0.21203445565415047
S3_pre_gaussian_tau0.5,297,0.16123467070218656
S3_pre_gaussian_tau0.5,298,0.220441317713163
S3_pre_gaussian_tau0.5,299,0.17702643079465208
S3_pre_gaussian_tau0.5,300,0.1920987629330666
S3_pre_gaussian_tau0.5,301,0.17286355804124964
S3_pre_gaussian_tau0.5,302,0.23775400318714812
S3_pre_gaussian_tau0.5,303,0.1759641375033345
S3_pre_gaussian_tau0.5,304,0.19750260961614918
S3_pre_gaussian_tau0.5,305,0.20021929835232388
S3_pre_gaussian_tau0.5,306,0.22867923391818445
S3_pre_gaussian_tau0.5,307,0.20000259610972204
S3_pre_gaussian_tau0.5,308,0.15513084914716613
S3_pre_gaussian_tau0.5,309,0.22166414253926447
S3_pre_gaussian_tau0.5,310,0.22293273963529137
S3_pre_gaussian_tau0.5,311,0.20870609268240026
S3_pre_gaussian_tau0.5,312,0.18624938686816073
S3_pre_gaussian_tau0.5,313,0.1906623082611687
S3_pre_gaussian_tau0.5,314,0.1732229879687388
S3_pre_gaussian_tau0.5,315,0.19966933123436048
S3_pre_gaussian_tau0.5,316,0.22258884598549145
S3_pre_gaussian_tau0.5,317,0.19817458784039665
S3_pre_gaussian_tau0.5,318,0.18935562527409155
S3_pre_gaussian_tau0.5,319,0.2149866470710129
S3_pre_gaussian_tau0.5,320,0.17055549518741042
S3_pre_gaussian_tau0.5,321,0.17693360233219124
S3_pre_gaussian_tau0.5,322,0.1948506511995789
S3_pre_gaussian_tau0.5,323,0.1765234099934756
S3_pre_gaussian_tau0.5,324,0.16816962324809115
S3_pre_gaussian_tau0.5,325,0.2457308153597353
S3_pre_gaussian_tau0.5,326,0.2040041717155967
S3_pre_gaussian_tau0.5,327,0.15866075462656104
S3_pre_gaussian_tau0.5,328,0.19102293891726418
S3_pre_gaussian_tau0.5,329,0.24323577420420772
S3_pre_gaussian_tau0.5,330,0.2291783574713726
S3_pre_gaussian_tau0.5,331,0.23083326424002992
S3_pre_gaussian_tau0.5,332,0.20653407240082444
S3_pre_gaussian_tau0.5,333,0.19349964254796292
S3_pre_gaussian_tau0.5,334,0.19371965625991416
S3_pre_gaussian_tau0.5,335,0.2278399575289889
S3_pre_gaussian_tau0.5,336,0.22234505578491914
S3_pre_gaussian_tau0.5,337,0.20181464623338607
S3_pre_gaussian_tau0.5,338,0.22081281552596854
S3_pre_gaussian_tau0.5,339,0.22860498459277911
S3_pre_gaussian_tau0.5,340,0.16343072465430275
S3_pre_gaussian_tau0.5,341,0.1657626115300821
S3_pre_gaussian_tau0.5,342,0.19796259472479782
S3_pre_gaussian_tau0.5,343,0.17931890919107518
S3_pre_gaussian_tau0.5,344,0.2249678708749494
S3_pre_gaussian_tau0.5,345,0.2415632795556366
S3_pre_gaussian_tau0.5,346,0.17019058873557835
S3_pre_gaussian_tau0.5,347,0.21582984600054012
S3_pre_gaussian_tau0.5,348,0.1723814562061845
S3_pre_gaussian_tau0.5,349,0.19986432135312837
S3_pre_gaussian_tau0.5,350,0.171471417901778
S3_pre_gaussian_tau0.5,351,0.1823312332574134
S3_pre_gaussian_tau0.5,352,0.21034558183602448
S3_pre_gaussian_tau0.5,353,0.19827189601897688
S3_pre_gaussian_tau0.5,354,0.21079575598223466
S3_pre_gaussian_tau0.5,355,0.19785942885065877
S3_pre_gaussian_tau0.5,356,0.19189415369112117
S3_pre_gaussian_tau0.5,357,0.16864471834089567
S3_pre_gaussian_tau0.5,358,0.23765162554409658
S3_pre_gaussian_tau0.5,359,0.20038641997180795
S3_pre_gaussian_tau0.5,360,0.17193553746861445
S3_pre_gaussian_tau0.5,361,0.1397742939413149
S3_pre_gaussian_tau0.5,362,0.19597092393121862
S3_pre_gaussian_tau0.5,363,0.18194063313967668
S3_pre_gaussian_tau0.5,364,0.22683282417863104
S3_pre_gaussian_tau0.5,365,0.17736004950631923
S3_pre_gaussian_tau0.5,366,0.18144049627521275
S3_pre_gaussian_tau0.5,367,0.18564044299227822
S3_pre_gaussian_tau0.5,368,0.1621530898165635
S3_pre_gaussian_tau0.5,369,0.21458959171354675
S3_pre_gaussian_tau0.5,370,0.22732293114325763
S3_pre_gaussian_tau0.5,371,0.20773471937652932
S3_pre_gaussian_tau0.5,372,0.1814005308769131
S3_pre_gaussian_tau0.5,373,0.18842706754806393
S3_pre_gaussian_tau0.5,374,0.19133990979449012
S3_pre_gaussian_tau0.5,375,0.15841330575034274
S3_pre_gaussian_tau0.5,376,0.17055576319908416
S3_pre_gaussian_tau0.5,377,0.18709048159691655
S3_pre_gaussian_tau0.5,378,0.21161733324168752
S3_pre_gaussian_tau0.5,379,0.21578384978901388
S3_pre_gaussian_tau0.5,380,0.20907276876457104
S3_pre_gaussian_tau0.5,381,0.17648214317378574
S3_pre_gaussian_tau0.5,382,0.23190093945576074
S3_pre_gaussian_tau0.5,383,0.24456320337976267
S3_pre_gaussian_tau0.5,384,0.15635938318786202
S3_pre_gaussian_tau0.5,385,0.20836992139174182
S3_pre_gaussian_tau0.5,386,0.253813358216358
S3_pre_gaussian_tau0.5,387,0.20620967485535457
S3_pre_gaussian_tau0.5,388,0.188893377247203
S3_pre_gaussian_tau0.5,389,0.1977647624383576
S3_pre_gaussian_tau0.5,390,0.21661340988154976
S3_pre_gaussian_tau0.5,391,0.2198668244299311
S3_pre_gaussian_tau0.5,392,0.1954350338076849
S3_pre_gaussian_tau0.5,393,0.24058332745821742
S3_pre_gaussian_tau0.5,394,0.17479498692400153
S3_pre_gaussian_tau0.5,395,0.22871038533228738
S3_pre_gaussian_tau0.5,396,0.20706736390931457
S3_pre_gaussian_tau0.5,397,0.2236499787152706
S3_pre_gaussian_tau0.5,398,0.2521923901370249
S3_pre_gaussian_tau0.5,399,0.22768127624322698
S3_post_clayton_tau0.5,0,0.21089118261843254
S3_post_clayton_tau0.5,1,0.22864107147611445
S3_post_clayton_tau0.5,2,0.19692808000358797
S3_post_clayton_tau0.5,3,0.2583927207204786
S3_post_clayton_tau0.5,4,0.2125240080315116
S3_post_clayton_tau0.5,5,0.21998052546083624
S3_post_clayton_tau0.5,6,0.20943162855553332
S3_post_clayton_tau0.5,7,0.21911832879925086
S3_post_clayton_tau0.5,8,0.19113735539037124
S3_post_clayton_tau0.5,9,0.24911860870385105
S3_post_clayton_tau0.5,10,0.2633513148009985
S3_post_clayton_tau0.5,11,0.215113953331731
S3_post_clayton_tau0.5,12,0.22564624688592083
S3_post_clayton_tau0.5,13,0.19640997592265697
S3_post_clayton_tau0.5,14,0.17917070516484124
S3_post_clayton_tau0.5,15,0.21376090852968765
S3_post_clayton_tau0.5,16,0.18883798986424472
S3_post_clayton_tau0.5,17,0.2371638797050606
S3_post_clayton_tau0.5,18,0.18443765528578338
S3_post_clayton_tau0.5,19,0.19175343771947517
S3_post_clayton_tau0.5,20,0.20753061196190936
S3_post_clayton_tau0.5,21,0.2354179126996292
S3_post_clayton_tau0.5,22,0.2682102958471728
S3_post_clayton_tau0.5,23,0.1742217366220542
S3_post_clayton_tau0.5,24,0.20080199254402897
S3_post_clayton_tau0.5,25,0.22905683505871766
S3_post_clayton_tau0.5,26,0.175808327473848
S3_post_clayton_tau0.5,27,0.2099190270311695
S3_post_clayton_tau0.5,28,0.23329041718698296
S3_post_clayton_tau0.5,29,0.2576790615334641
S3_post_clayton_tau0.5,30,0.2084434592682305
S3_post_clayton_tau0.5,31,0.1924439053925755
S3_post_clayton_tau0.5,32,0.20479649075370832
S3_post_clayton_tau0.5,33,0.17079229289623044
S3_post_clayton_tau0.5,34,0.19735222548785725
S3_post_clayton_tau0.5,35,0.26037306764296764
S3_post_clayton_tau0.5,36,0.20514030753192714
S3_post_clayton_tau0.5,37,0.19519127673071157
S3_post_clayton_tau0.5,38,0.1887016926293148
S3_post_clayton_tau0.5,39,0.19428332089960598
S3_post_clayton_tau0.5,40,0.15836585548473092
S3_post_clayton_tau0.5,41,0.2044782113835546
S3_post_clayton_tau0.5,42,0.23810461689748275
S3_post_clayton_tau0.5,43,0.2136230780988444
S3_post_clayton_tau0.5,44,0.2028115466481082
S3_post_clayton_tau0.5,45,0.17954335515355968
S3_post_clayton_tau0.5,46,0.17399517395208797
S3_post_clayton_tau0.5,47,0.22964662145775172
S3_post_clayton_tau0.5,48,0.22184344784829646
S3_post_clayton_tau0.5,49,0.24961870895079485
S3_post_clayton_tau0.5,50,0.2408680550753055
S3_post_clayton_tau0.5,51,0.2645450762288317
S3_post_clayton_tau0.5,52,0.23148725519711855
S3_post_clayton_tau0.5,53,0.22485104773196252
S3_post_clayton_tau0.5,54,0.22984042411190098
S3_post_clayton_tau0.5,55,0.20477889303350727
S3_post_clayton_tau0.5,56,0.1954182013850474
S3_post_clayton_tau0.5,57,0.28750442981240854
S3_post_clayton_tau0.5,58,0.2207144067649649
S3_post_clayton_tau0.5,59,0.1796903875401732
S3_post_clayton_tau0.5,60,0.20481978050959482
S3_post_clayton_tau0.5,61,0.22533064804912506
S3_post_clayton_tau0.5,62,0.2859971709505529
S3_post_clayton_tau0.5,63,0.22693649897096435
S3_post_clayton_tau0.5,64,0.1874298717037215
S3_post_clayton_tau0.5,65,0.2204440646067205
S3_post_clayton_tau0.5,66,0.2120807359236796
S3_post_clayton_tau0.5,67,0.19991401164125122
S3_post_clayton_tau0.5,68,0.1986420324829976
S3_post_clayton_tau0.5,69,0.21723088506863908
S3_post_clayton_tau0.5,70,0.20017511898065976
S3_post_clayton_tau0.5,71,0.21560301392852876
S3_post_clayton_tau0.5,72,0.26275373009765324
S3_post_clayton_tau0.5,73,0.23005888042877487
S3_post_clayton_tau0.5,74,0.24056259033152028
S3_post_clayton_tau0.5,75,0.17196688246198155
S3_post_clayton_tau0.5,76,0.162734833274373
S3_post_clayton_tau0.5,77,0.21873857676339714
S3_post_clayton_tau0.5,78,0.21045585404386014
S3_post_clayton_tau0.5,79,0.2133425122885959
S3_post_clayton_tau0.5,80,0.21445423211466386
S3_post_clayton_tau0.5,81,0.18854703914722348
S3_post_clayton_tau0.5,82,0.15835157438142033
S3_post_clayton_tau0.5,83,0.18057803050509902
S3_post_clayton_tau0.5,84,0.19635091842459396
S3_post_clayton_tau0.5,85,0.2251378391164658
S3_post_clayton_tau0.5,86,0.2037850708565605
S3_post_clayton_tau0.5,87,0.19589353144235355
S3_post_clayton_tau0.5,88,0.19933472550566078
S3_post_clayton_tau0.5,89,0.1954223957262835
S3_post_clayton_tau0.5,90,0.2030941455589934
S3_post_clayton_tau0.5,91,0.19969285269692216
S3_post_clayton_tau0.5,92,0.17631212533217377
S3_post_clayton_tau0.5,93,0.2192409255557588
S3_post_clayton_tau0.5,94,0.21459195938045061
S3_post_clayton_tau0.5,95,0.20100435185648546
S3_post_clayton_tau0.5,96,0.21771710835124258
S3_post_clayton_tau0.5,97,0.19653211821708227
S3_post_clayton_tau0.5,98,0.24477350657725871
S3_post_clayton_tau0.5,99,0.217598668998638
S3_post_clayton_tau0.5,100,0.2022289901457066
S3_post_clayton_tau0.5,101,0.20648464180034676
S3_post_clayton_tau0.5,102,0.1873688592632785
S3_post_clayton_tau0.5,103,0.1911626690639494
S3_post_clayton_tau0.5,104,0.22215664929303092
S3_post_clayton_tau0.5,105,0.18288480126086704
S3_post_clayton_tau0.5,106,0.22583072999028397
S3_post_clayton_tau0.5,107,0.19884890481449347
S3_post_clayton_tau0.5,108,0.21464921079793964
S3_post_clayton_tau0.5,109,0.21920796917867236
S3_post_clayton_tau0.5,110,0.24178313693351772
S3_post_clayton_tau0.5,111,0.23395896876021993
S3_post_clayton_tau0.5,112,0.20147677247431295
S3_post_clayton_tau0.5,113,0.2974983157027882
S3_post_clayton_tau0.5,114,0.20671296916296367
S3_post_clayton_tau0.5,115,0.22438857773595489
S3_post_clayton_tau0.5,116,0.216879863454853
S3_post_clayton_tau0.5,117,0.18424685031765886
S3_post_clayton_tau0.5,118,0.20669970757323508
S3_post_clayton_tau0.5,119,0.18335141341826855
S3_post_clayton_tau0.5,120,0.2454451275675371
S3_post_clayton_tau0.5,121,0.1986458894083012
S3_post_clayton_tau0.5,122,0.21835481128953704
S3_post_clayton_tau0.5,123,0.19103745806764394
S3_post_clayton_tau0.5,124,0.21578179343676318
S3_post_clayton_tau0.5,125,0.25828394900664575
S3_post_clayton_tau0.5,126,0.22965222271091212
S3_post_clayton_tau0.5,127,0.2350365483791892
S3_post_clayton_tau0.5,128,0.2154269914767868
S3_post_clayton_tau0.5,129,0.2367400614904822
S3_post_clayton_tau0.5,130,0.1881753546887941
S3_post_clayton_tau0.5,131,0.16244540453455114
S3_post_clayton_tau0.5,132,0.21260682192394587
S3_post_clayton_tau0.5,133,0.21593259811189602
S3_post_clayton_tau0.5,134,0.24602298024254354
S3_post_clayton_tau0.5,135,0.2306818512187081
S3_post_clayton_tau0.5,136,0.18464071265841087
S3_post_clayton_tau0.5,137,0.16530506141244627
S3_post_clayton_tau0.5,138,0.21419706908312053
S3_post_clayton_tau0.5,139,0.21222515306485645
S3_post_clayton_tau0.5,140,0.24551840912693335
S3_post_clayton_tau0.5,141,0.2619672412312868
S3_post_clayton_tau0.5,142,0.262186272219604
S3_post_clayton_tau0.5,143,0.21236218373122684
S3_post_clayton_tau0.5,144,0.22806167797269294
S3_post_clayton_tau0.5,145,0.2099349157138417
S3_post_clayton_tau0.5,146,0.22974976638523703
S3_post_clayton_tau0.5,147,0.20044694715443878
S3_post_clayton_tau0.5,148,0.2253992519522967
S3_post_clayton_tau0.5,149,0.24391501337189503
S3_post_clayton_tau0.5,150,0.19285872723462738
S3_post_clayton_tau0.5,151,0.21290907149663285
S3_post_clayton_tau0.5,152,0.2540488959583125
S3_post_clayton_tau0.5,153,0.16620642479119585
S3_post_clayton_tau0.5,154,0.20378333836226004
S3_post_clayton_tau0.5,155,0.2319427350431429
S3_post_clayton_tau0.5,156,0.24546381836119702
S3_post_clayton_tau0.5,157,0.20841085048364194
S3_post_clayton_tau0.5,158,0.1748544364266995
S3_post_clayton_tau0.5,159,0.2058451891697648
S3_post_clayton_tau0.5,160,0.21949301974921154
S3_post_clayton_tau0.5,161,0.19920339953820543
S3_post_clayton_tau0.5,162,0.24256731268924714
S3_post_clayton_tau0.5,163,0.19975962651404267
S3_post_clayton_tau0.5,164,0.21878083382366187
S3_post_clayton_tau0.5,165,0.2075213209952982
S3_post_clayton_tau0.5,166,0.2171699028504568
S3_post_clayton_tau0.5,167,0.26138951070804817
S3_post_clayton_tau0.5,168,0.2133481256176628
S3_post_clayton_tau0.5,169,0.2259412368157947
S3_post_clayton_tau0.5,170,0.21656384183502597
S3_post_clayton_tau0.5,171,0.169067935796535
S3_post_clayton_tau0.5,172,0.24456725354952757
S3_post_clayton_tau0.5,173,0.1788572722710371
S3_post_clayton_tau0.5,174,0.22308906668535045
S3_post_clayton_tau0.5,175,0.21546975196711005
S3_post_clayton_tau0.5,176,0.22738177882041377
S3_post_clayton_tau0.5,177,0.22143880944334082
S3_post_clayton_tau0.5,178,0.2614307948122834
S3_post_clayton_tau0.5,179,0.23877131670485863
S3_post_clayton_tau0.5,180,0.19189081375655848
S3_post_clayton_tau0.5,181,0.20634797457181797
S3_post_clayton_tau0.5,182,0.2411816475499755
S3_post_clayton_tau0.5,183,0.22750131652321404
S3_post_clayton_tau0.5,184,0.20608992171282958
S3_post_clayton_tau0.5,185,0.218566866666698
S3_post_clayton_tau0.5,186,0.19347961718173412
S3_post_clayton_tau0.5,187,0.24739379846984066
S3_post_clayton_tau0.5,188,0.20555152120986797
S3_post_clayton_tau0.5,189,0.22192572609906636
S3_post_clayton_tau0.5,190,0.18522979270262718
S3_post_clayton_tau0.5,191,0.187358818936866
S3_post_clayton_tau0.5,192,0.19949479580609708
S3_post_clayton_tau0.5,193,0.18817770702523307
S3_post_clayton_tau0.5,194,0.2017447951341742
S3_post_clayton_tau0.5,195,0.2231855378062546
S3_post_clayton_tau0.5,196,0.19061298816228778
S3_post_clayton_tau0.5,197,0.23341401756812097
S3_post_clayton_tau0.5,198,0.21492148453820947
S3_post_clayton_tau0.5,199,0.19697282383091785
S3_post_clayton_tau0.5,200,0.2360746541897938
S3_post_clayton_tau0.5,201,0.28581829756801747
S3_post_clayton_tau0.5,202,0.2419773462617858
S3_post_clayton_tau0.5,203,0.2470910918666167
S3_post_clayton_tau0.5,204,0.2305152299294413
S3_post_clayton_tau0.5,205,0.20443561756564455
S3_post_clayton_tau0.5,206,0.23085574964576328
S3_post_clayton_tau0.5,207,0.1567129989768281
S3_post_clayton_tau0.5,208,0.19914036244486777
S3_post_clayton_tau0.5,209,0.19252342015283697
S3_post_clayton_tau0.5,210,0.2465264554395925
S3_post_clayton_tau0.5,211,0.21115838407681942
S3_post_clayton_tau0.5,212,0.2216071801700874
S3_post_clayton_tau0.5,213,0.23350858592008628
S3_post_clayton_tau0.5,214,0.20473367209595628
S3_post_clayton_tau0.5,215,0.19677063324266975
S3_post_clayton_tau0.5,216,0.19561371253441706
S3_post_clayton_tau0.5,217,0.19256327652334315
S3_post_clayton_tau0.5,218,0.23327488904448668
S3_post_clayton_tau0.5,219,0.21271196651147672
S3_post_clayton_tau0.5,220,0.19677942462786602
S3_post_clayton_tau0.5,221,0.2020972000791854
S3_post_clayton_tau0.5,222,0.21691675195242643
S3_post_clayton_tau0.5,223,0.1562991304759236
S3_post_clayton_tau0.5,224,0.21336210128204147
S3_post_clayton_tau0.5,225,0.2087955832528805
S3_post_clayton_tau0.5,226,0.2049456600057753
S3_post_clayton_tau0.5,227,0.20947046231846533
S3_post_clayton_tau0.5,228,0.25705440891873543
S3_post_clayton_tau0.5,229,0.18020423111727446
S3_post_clayton_tau0.5,230,0.2322104604184756
S3_post_clayton_tau0.5,231,0.2201245821522022
S3_post_clayton_tau0.5,232,0.20709064060026217
S3_post_clayton_tau0.5,233,0.24310052259237613
S3_post_clayton_tau0.5,234,0.2382789600380537
S3_post_clayton_tau0.5,235,0.20543820755704978
S3_post_clayton_tau0.5,236,0.1891984042265129
S3_post_clayton_tau0.5,237,0.21636811177349147
S3_post_clayton_tau0.5,238,0.19357489899176494
S3_post_clayton_tau0.5,239,0.21026473663297374
S3_post_clayton_tau0.5,240,0.23606129544886256
S3_post_clayton_tau0.5,241,0.19545658335802418
S3_post_clayton_tau0.5,242,0.2636496308451699
S3_post_clayton_tau0.5,243,0.21845359223991423
S3_post_clayton_tau0.5,244,0.1801430088040119
S3_post_clayton_tau0.5,245,0.21701626280852837
S3_post_clayton_tau0.5,246,0.17033100726892547
S3_post_clayton_tau0.5,247,0.20411594719250692
S3_post_clayton_tau0.5,248,0.24108940385883848
S3_post_clayton_tau0.5,249,0.18695780474237056
S3_post_clayton_tau0.5,250,0.16550446983326905
S3_post_clayton_tau0.5,251,0.20140062137996972
S3_post_clayton_tau0.5,252,0.19711273966737597
S3_post_clayton_tau0.5,253,0.23759383153278124
S3_post_clayton_tau0.5,254,0.20971789111862682
S3_post_clayton_tau0.5,255,0.2659138281210158
S3_post_clayton_tau0.5,256,0.1968970585247578
S3_post_clayton_tau0.5,257,0.22119599573712678
S3_post_clayton_tau0.5,258,0.23419001546578233
S3_post_clayton_tau0.5,259,0.24567603008818129
S3_post_clayton_tau0.5,260,0.2156466288821024
S3_post_clayton_tau0.5,261,0.23269242013541946
S3_post_clayton_tau0.5,262,0.2120825225205869
S3_post_clayton_tau0.5,263,0.19083045378143204
S3_post_clayton_tau0.5,264,0.2224395074463521
S3_post_clayton_tau0.5,265,0.21744550155962017
S3_post_clayton_tau0.5,266,0.22561876419462124
S3_post_clayton_tau0.5,267,0.22773055921148933
S3_post_clayton_tau0.5,268,0.22975967575044365
S3_post_clayton_tau0.5,269,0.22593410741323527
S3_post_clayton_tau0.5,270,0.20749271134567193
S3_post_clayton_tau0.5,271,0.20766559711527233
S3_post_clayton_tau0.5,272,0.16428045327600183
S3_post_clayton_tau0.5,273,0.24717173690474592
S3_post_clayton_tau0.5,274,0.2645310813597379
S3_post_clayton_tau0.5,275,0.21555067387574844
S3_post_clayton_tau0.5,276,0.22664467510597808
S3_post_clayton_tau0.5,277,0.1998650170206271
S3_post_clayton_tau0.5,278,0.2266427816033576
S3_post_clayton_tau0.5,279,0.25015042351257355
S3_post_clayton_tau0.5,280,0.19511283993005124
S3_post_clayton_tau0.5,281,0.22575282343445524
S3_post_clayton_tau0.5,282,0.18347130857010363
S3_post_clayton_tau0.5,283,0.1690261193396303
S3_post_clayton_tau0.5,284,0.21995322216180924
S3_post_clayton_tau0.5,285,0.16173032104321727
S3_post_clayton_tau0.5,286,0.23632358609798576
S3_post_clayton_tau0.5,287,0.22506783274962006
S3_post_clayton_tau0.5,288,0.2143937617318139
S3_post_clayton_tau0.5,289,0.21475559538463473
S3_post_clayton_tau0.5,290,0.23680388779618955
S3_post_clayton_tau0.5,291,0.22005236860751687
S3_post_clayton_tau0.5,292,0.275418265750329
S3_post_clayton_tau0.5,293,0.22415642052227724
S3_post_clayton_tau0.5,294,0.1964033101505498
S3_post_clayton_tau0.5,295,0.2469645348154863
S3_post_clayton_tau0.5,296,0.23050212213286292
S3_post_clayton_tau0.5,297,0.23778878166820272
S3_post_clayton_tau0.5,298,0.2515932969044443
S3_post_clayton_tau0.5,299,0.21071663175673505
S3_post_clayton_tau0.5,300,0.22603388425582827
S3_post_clayton_tau0.5,301,0.19301441879603987
S3_post_clayton_tau0.5,302,0.22074301081976788
S3_post_clayton_tau0.5,303,0.20368954150692886
S3_post_clayton_tau0.5,304,0.22778196628057046
S3_post_clayton_tau0.5,305,0.1784470624280763
S3_post_clayton_tau0.5,306,0.23670465474835956
S3_post_clayton_tau0.5,307,0.16304288927712784
S3_post_clayton_tau0.5,308,0.2197034805978646
S3_post_clayton_tau0.5,309,0.17057049608070507
S3_post_clayton_tau0.5,310,0.1737350786143934
S3_post_clayton_tau0.5,311,0.2017954035327163
S3_post_clayton_tau0.5,312,0.1933139365570451
S3_post_clayton_tau0.5,313,0.19016073175448778
S3_post_clayton_tau0.5,314,0.18569657536676365
S3_post_clayton_tau0.5,315,0.21728472700434986
S3_post_clayton_tau0.5,316,0.22376381062403938
S3_post_clayton_tau0.5,317,0.1863929586326032
S3_post_clayton_tau0.5,318,0.24237089618702967
S3_post_clayton_tau0.5,319,0.22578705645413555
S3_post_clayton_tau0.5,320,0.2562113765895897
S3_post_clayton_tau0.5,321,0.20192050628641933
S3_post_clayton_tau0.5,322,0.19779721964583752
S3_post_clayton_tau0.5,323,0.23983700187142265
S3_post_clayton_tau0.5,324,0.20381806673161762
S3_post_clayton_tau0.5,325,0.25804604111409635
S3_post_clayton_tau0.5,326,0.20569382539107517
S3_post_clayton_tau0.5,327,0.2577823688807155
S3_post_clayton_tau0.5,328,0.22332220596736319
S3_post_clayton_tau0.5,329,0.23269163308618301
S3_post_clayton_tau0.5,330,0.2028180460440847
S3_post_clayton_tau0.5,331,0.2543084323349216
S3_post_clayton_tau0.5,332,0.19944958271064683
S3_post_clayton_tau0.5,333,0.20032332600075975
S3_post_clayton_tau0.5,334,0.1974381439583559
S3_post_clayton_tau0.5,335,0.23239531961387438
S3_post_clayton_tau0.5,336,0.18343557146365796
S3_post_clayton_tau0.5,337,0.2219423639143323
S3_post_clayton_tau0.5,338,0.2041366581464481
S3_post_clayton_tau0.5,339,0.2138771601706182
S3_post_clayton_tau0.5,340,0.22955074714604162
S3_post_clayton_tau0.5,341,0.22794428860980087
S3_post_clayton_tau0.5,342,0.20388561598621546
S3_post_clayton_tau0.5,343,0.22684592000608061
S3_post_clayton_tau0.5,344,0.1929902936922674
S3_post_clayton_tau0.5,345,0.2726084306090091
S3_post_clayton_tau0.5,346,0.25861512204837833
S3_post_clayton_tau0.5,347,0.25369073936625464
S3_post_clayton_tau0.5,348,0.20155470573504664
S3_post_clayton_tau0.5,349,0.17352053383818467
S3_post_clayton_tau0.5,350,0.232625619557838
S3_post_clayton_tau0.5,351,0.2401932657998791
S3_post_clayton_tau0.5,352,0.19479283931667313
S3_post_clayton_tau0.5,353,0.22497276754511875
S3_post_clayton_tau0.5,354,0.19560665809094324
S3_post_clayton_tau0.5,355,0.22348263114002087
S3_post_clayton_tau0.5,356,0.22910871114022546
S3_post_clayton_tau0.5,357,0.1831514093166371
S3_post_clayton_tau0.5,358,0.1727908451326825
S3_post_clayton_tau0.5,359,0.21508895126576855
S3_post_clayton_tau0.5,360,0.1575919218809152
S3_post_clayton_tau0.5,361,0.18981932229340215
S3_post_clayton_tau0.5,362,0.1968253375045208
S3_post_clayton_tau0.5,363,0.19904870037510447
S3_post_clayton_tau0.5,364,0.20757405972902898
S3_post_clayton_tau0.5,365,0.2255070395755796
S3_post_clayton_tau0.5,366,0.203100526605565
S3_post_clayton_tau0.5,367,0.21267928952881388
S3_post_clayton_tau0.5,368,0.20597379420768425
S3_post_clayton_tau0.5,369,0.20866066249149284
S3_post_clayton_tau0.5,370,0.2335272084832769
S3_post_clayton_tau0.5,371,0.23107135412313085
S3_post_clayton_tau0.5,372,0.23604592265170687
S3_post_clayton_tau0.5,373,0.17677598575869435
S3_post_clayton_tau0.5,374,0.19599733691871934
S3_post_clayton_tau0.5,375,0.1906097196470995
S3_post_clayton_tau0.5,376,0.1980101503948628
S3_post_clayton_tau0.5,377,0.22671522905113095
S3_post_clayton_tau0.5,378,0.18062023254901005
S3_post_clayton_tau0.5,379,0.24599286980723978
S3_post_clayton_tau0.5,380,0.21750479938919076
S3_post_clayton_tau0.5,381,0.19766840331814084
S3_post_clayton_tau0.5,382,0.2016995004959674
S3_post_clayton_tau0.5,383,0.21305699298819025
S3_post_clayton_tau0.5,384,0.21973943077079117
S3_post_clayton_tau0.5,385,0.18977790365560931
S3_post_clayton_tau0.5,386,0.19870516838205532
S3_post_clayton_tau0.5,387,0.20318216719432192
S3_post_clayton_tau0.5,388,0.1543775189725931
S3_post_clayton_tau0.5,389,0.2180198180292212
S3_post_clayton_tau0.5,390,0.20789335844582002
S3_post_clayton_tau0.5,391,0.21544689308455345
S3_post_clayton_tau0.5,392,0.26817852221071314
S3_post_clayton_tau0.5,393,0.19311336329917816
S3_post_clayton_tau0.5,394,0.22149264842430982
S3_post_clayton_tau0.5,395,0.21674181903185907
S3_post_clayton_tau0.5,396,0.21822271452240205
S3_post_clayton_tau0.5,397,0.20284514813432208
S3_post_clayton_tau0.5,398,0.19249929343851768
S3_post_clayton_tau0.5,399,0.18147232206304142
