variant,input,kernel,cell,stat,form,detect_rate,power_localised,n_reps
A,raw,bmctc,S4_r0.7,BMCTC-a1.01,raw,0.59,0.33,500
A,raw,bmctc,S4_r0.7,BMCTC-a1.01,studentised,0.482,0.232,500
A,raw,bmctc,S4_r0.7,BMCTC-a2,raw,0.796,0.574,500
A,raw,bmctc,S4_r0.7,BMCTC-a2,studentised,0.724,0.506,500
A,raw,bmctc,S4_r0.85,BMCTC-a1.01,raw,0.986,0.86,500
A,raw,bmctc,S4_r0.85,BMCTC-a1.01,studentised,0.962,0.798,500
A,raw,bmctc,S4_r0.85,BMCTC-a2,raw,0.998,0.94,500
A,raw,bmctc,S4_r0.85,BMCTC-a2,studentised,0.996,0.926,500
A,raw,bmctc,M1_s2,BMCTC-a1.01,raw,0.056,0.012,500
A,raw,bmctc,M1_s2,BMCTC-a1.01,studentised,0.072,0.012,500
A,raw,bmctc,M1_s2,BMCTC-a2,raw,0.054,0.004,500
A,raw,bmctc,M1_s2,BMCTC-a2,studentised,0.042,0.004,500
B,raw,domi,S4_r0.7,BMCTC-a1.01,raw,0.514,0.248,500
B,raw,domi,S4_r0.7,BMCTC-a1.01,studentised,0.452,0.168,500
B,raw,domi,S4_r0.7,BMCTC-a2,raw,0.848,0.622,500
B,raw,domi,S4_r0.7,BMCTC-a2,studentised,0.702,0.46,500
B,raw,domi,S4_r0.85,BMCTC-a1.01,raw,0.932,0.692,500
B,raw,domi,S4_r0.85,BMCTC-a1.01,studentised,0.904,0.626,500
B,raw,domi,S4_r0.85,BMCTC-a2,raw,0.994,0.9,500
B,raw,domi,S4_r0.85,BMCTC-a2,studentised,0.98,0.88,500
B,raw,domi,M1_s2,BMCTC-a1.01,raw,0.992,0.86,500
B,raw,domi,M1_s2,BMCTC-a1.01,studentised,0.992,0.894,500
B,raw,domi,M1_s2,BMCTC-a2,raw,0.566,0.3,500
B,raw,domi,M1_s2,BMCTC-a2,studentised,0.488,0.272,500
C,rank,bmctc,S4_r0.7,BMCTC-a1.01,raw,0.31,0.136,500
C,rank,bmctc,S4_r0.7,BMCTC-a1.01,studentised,0.258,0.086,500
C,rank,bmctc,S4_r0.7,BMCTC-a2,raw,0.384,0.154,500
C,rank,bmctc,S4_r0.7,BMCTC-a2,studentised,0.29,0.098,500
C,rank,bmctc,S4_r0.85,BMCTC-a1.01,raw,0.948,0.8,500
C,rank,bmctc,S4_r0.85,BMCTC-a1.01,studentised,0.838,0.674,500
C,rank,bmctc,S4_r0.85,BMCTC-a2,raw,0.928,0.77,500
C,rank,bmctc,S4_r0.85,BMCTC-a2,studentised,0.876,0.688,500
C,rank,bmctc,M1_s2,BMCTC-a1.01,raw,0.438,0.22,500
C,rank,bmctc,M1_s2,BMCTC-a1.01,studentised,0.436,0.226,500
C,rank,bmctc,M1_s2,BMCTC-a2,raw,0.128,0.048,500
C,rank,bmctc,M1_s2,BMCTC-a2,studentised,0.104,0.032,500
D,rank,domi,S4_r0.7,BMCTC-a1.01,raw,0.41,0.208,500
D,rank,domi,S4_r0.7,BMCTC-a1.01,studentised,0.28,0.096,500
D,rank,domi,S4_r0.7,BMCTC-a2,raw,0.448,0.234,500
D,rank,domi,S4_r0.7,BMCTC-a2,studentised,0.37,0.158,500
D,rank,domi,S4_r0.85,BMCTC-a1.01,raw,0.98,0.834,500
D,rank,domi,S4_r0.85,BMCTC-a1.01,studentised,0.906,0.694,500
D,rank,domi,S4_r0.85,BMCTC-a2,raw,0.96,0.822,500
D,rank,domi,S4_r0.85,BMCTC-a2,studentised,0.878,0.734,500
D,rank,domi,M1_s2,BMCTC-a1.01,raw,0.148,0.036,500
D,rank,domi,M1_s2,BMCTC-a1.01,studentised,0.142,0.034,500
D,rank,domi,M1_s2,BMCTC-a2,raw,0.182,0.058,500
D,rank,domi,M1_s2,BMCTC-a2,studentised,0.19,0.052,500
