level,method,rep,stat,tau_hat
0.5,CorrCUSUM,0,0.9954691911960899,334
0.5,DCC-CUSUM,0,2.719479911021037e-16,481
0.5,KCCA-logdet,0,1.0071404595889584,540
0.5,CorrCUSUM,1,1.3641095531140521,371
0.5,DCC-CUSUM,1,0.18721497853891048,403
0.5,KCCA-logdet,1,1.0103771449738363,537
0.5,CorrCUSUM,2,1.6869057780000458,397
0.5,DCC-CUSUM,2,0.20933654046264563,421
0.5,KCCA-logdet,2,0.5494513699573866,349
0.5,CorrCUSUM,3,0.6742466715655997,464
0.5,DCC-CUSUM,3,7.161208574285376e-17,465
0.5,KCCA-logdet,3,0.6373339191038245,61
0.5,CorrCUSUM,4,1.3711648928687725,311
0.5,DCC-CUSUM,4,0.019788625517039832,307
0.5,KCCA-logdet,4,0.9358272964612961,86
0.5,CorrCUSUM,5,0.8641284883882203,189
0.5,DCC-CUSUM,5,1.1101001980535091e-16,190
0.5,KCCA-logdet,5,1.0832923323836665,60
0.5,CorrCUSUM,6,0.9241351236913846,533
0.5,DCC-CUSUM,6,0.022815243457002032,534
0.5,KCCA-logdet,6,1.1066261411445204,533
0.5,CorrCUSUM,7,1.1046585526625277,360
0.5,DCC-CUSUM,7,1.195438044219664e-16,361
0.5,KCCA-logdet,7,0.5992146866853275,62
0.5,CorrCUSUM,8,1.0602884219506943,251
0.5,DCC-CUSUM,8,0.13428275178032845,266
0.5,KCCA-logdet,8,0.904923182490534,525
0.5,CorrCUSUM,9,1.0865679471074978,347
0.5,DCC-CUSUM,9,9.404868025614418e-17,348
0.5,KCCA-logdet,9,0.724308235873305,77
0.5,CorrCUSUM,10,1.4582470726922356,458
0.5,DCC-CUSUM,10,0.28489741620420844,477
0.5,KCCA-logdet,10,1.165079287536219,62
0.5,CorrCUSUM,11,1.2595633935968051,355
0.5,DCC-CUSUM,11,0.05687928545399866,167
0.5,KCCA-logdet,11,0.6958022560917964,531
0.5,CorrCUSUM,12,1.268083757139029,494
0.5,DCC-CUSUM,12,0.2502901887085566,518
0.5,KCCA-logdet,12,1.0227247451551578,539
0.5,CorrCUSUM,13,0.9784680388689694,73
0.5,DCC-CUSUM,13,8.441718890461135e-17,495
0.5,KCCA-logdet,13,1.3116678852704395,73
0.5,CorrCUSUM,14,1.3506302908737606,317
0.5,DCC-CUSUM,14,0.20172043296824332,318
0.5,KCCA-logdet,14,1.034196534003661,70
0.5,CorrCUSUM,15,0.6841964484809705,225
0.5,DCC-CUSUM,15,0.03047066854431497,224
0.5,KCCA-logdet,15,0.8724002672258739,60
0.5,CorrCUSUM,16,1.0961516892292889,100
0.5,DCC-CUSUM,16,0.109092314939272,108
0.5,KCCA-logdet,16,0.6516886585083305,71
0.5,CorrCUSUM,17,0.3315572407195926,106
0.5,DCC-CUSUM,17,4.8724015072460243e-17,484
0.5,KCCA-logdet,17,0.7158396446633203,539
0.5,CorrCUSUM,18,1.407723077174208,468
0.5,DCC-CUSUM,18,0.37108369198355035,484
0.5,KCCA-logdet,18,1.0443040366089615,539
0.5,CorrCUSUM,19,0.6218957904532983,104
0.5,DCC-CUSUM,19,0.10598041883882076,99
0.5,KCCA-logdet,19,0.6780315449812693,60
0.5,CorrCUSUM,20,1.349883294162709,476
0.5,DCC-CUSUM,20,1.329995643983726e-16,477
0.5,KCCA-logdet,20,1.759526195294017,497
0.5,CorrCUSUM,21,0.8191387567711776,418
0.5,DCC-CUSUM,21,6.529584578024469e-17,186
0.5,KCCA-logdet,21,0.6672562509628059,513
0.5,CorrCUSUM,22,0.5714392120344355,184
0.5,DCC-CUSUM,22,0.0,60
0.5,KCCA-logdet,22,1.2688799579948458,66
0.5,CorrCUSUM,23,0.8713347239172063,458
0.5,DCC-CUSUM,23,0.06079226670591811,460
0.5,KCCA-logdet,23,1.0674170174262707,62
0.5,CorrCUSUM,24,1.028059752367373,491
0.5,DCC-CUSUM,24,0.01713869336165371,492
0.5,KCCA-logdet,24,1.2949376178411052,66
0.5,CorrCUSUM,25,1.35039480986138,230
0.5,DCC-CUSUM,25,0.1251118403626461,231
0.5,KCCA-logdet,25,0.8703502004933595,538
0.5,CorrCUSUM,26,0.701133705614323,157
0.5,DCC-CUSUM,26,0.18152690212273193,176
0.5,KCCA-logdet,26,1.085591217494019,60
0.5,CorrCUSUM,27,1.6770801655450744,344
0.5,DCC-CUSUM,27,0.2665576500994826,412
0.5,KCCA-logdet,27,1.0405207725578929,60
0.5,CorrCUSUM,28,0.6477017943543462,347
0.5,DCC-CUSUM,28,0.0380625645071626,352
0.5,KCCA-logdet,28,0.5918451417532561,540
0.5,CorrCUSUM,29,1.612430999812427,312
0.5,DCC-CUSUM,29,0.2841462878426714,332
0.5,KCCA-logdet,29,0.8682794916449199,60
0.5,CorrCUSUM,30,0.7278827186860681,540
0.5,DCC-CUSUM,30,0.161209190442765,85
0.5,KCCA-logdet,30,0.9195417646966126,84
0.5,CorrCUSUM,31,1.2529545109429778,254
0.5,DCC-CUSUM,31,1.9404622281764688e-16,383
0.5,KCCA-logdet,31,0.6778097308685296,529
0.5,CorrCUSUM,32,0.6925819820298248,387
0.5,DCC-CUSUM,32,0.019541753772118756,388
0.5,KCCA-logdet,32,0.7244527638633795,535
0.5,CorrCUSUM,33,1.048357721015009,471
0.5,DCC-CUSUM,33,0.031682767995878394,472
0.5,KCCA-logdet,33,0.6464523630111683,538
0.5,CorrCUSUM,34,0.7614931107296316,89
0.5,DCC-CUSUM,34,0.029994790178554675,85
0.5,KCCA-logdet,34,0.8048603062693547,77
0.5,CorrCUSUM,35,1.5952379044952656,158
0.5,DCC-CUSUM,35,0.18764056746455512,172
0.5,KCCA-logdet,35,0.8623370943501213,505
0.5,CorrCUSUM,36,0.737524790512358,61
0.5,DCC-CUSUM,36,0.027427422721454778,61
0.5,KCCA-logdet,36,1.0070941856674291,63
0.5,CorrCUSUM,37,0.7058393083262079,198
0.5,DCC-CUSUM,37,0.05365264172766688,199
0.5,KCCA-logdet,37,0.8073245591637721,535
0.5,CorrCUSUM,38,1.6375654098470371,155
0.5,DCC-CUSUM,38,1.671701127595093e-16,156
0.5,KCCA-logdet,38,1.1057086590438738,71
0.5,CorrCUSUM,39,1.5923144119132377,426
0.5,DCC-CUSUM,39,0.3462378309617739,430
0.5,KCCA-logdet,39,1.0347452550182412,535
0.5,CorrCUSUM,40,1.2172229480202048,297
0.5,DCC-CUSUM,40,1.309457905072369e-16,298
0.5,KCCA-logdet,40,0.5157256870888514,374
0.5,CorrCUSUM,41,0.8022654494351109,378
0.5,DCC-CUSUM,41,0.010384979873490062,379
0.5,KCCA-logdet,41,0.7911080289630469,531
0.5,CorrCUSUM,42,1.2355705877342948,208
0.5,DCC-CUSUM,42,0.003062346194337685,209
0.5,KCCA-logdet,42,0.9577990077888534,534
0.5,CorrCUSUM,43,1.333140343492952,400
0.5,DCC-CUSUM,43,0.05544184766199383,401
0.5,KCCA-logdet,43,0.6689171564721884,540
0.5,CorrCUSUM,44,0.6236968057383312,107
0.5,DCC-CUSUM,44,0.06490114548019436,526
0.5,KCCA-logdet,44,0.21777324731799264,60
0.5,CorrCUSUM,45,0.9496022287725938,118
0.5,DCC-CUSUM,45,0.07064651775292685,118
0.5,KCCA-logdet,45,1.2221238735981164,62
0.5,CorrCUSUM,46,1.160075433082999,412
0.5,DCC-CUSUM,46,3.059414899898666e-16,540
0.5,KCCA-logdet,46,0.544768009283302,474
0.5,CorrCUSUM,47,0.8038760601683255,465
0.5,DCC-CUSUM,47,2.045275516413738e-16,470
0.5,KCCA-logdet,47,1.1631407109011007,67
0.5,CorrCUSUM,48,0.8799820163190541,466
0.5,DCC-CUSUM,48,0.1554141596355898,179
0.5,KCCA-logdet,48,0.44944363767059714,91
0.5,CorrCUSUM,49,0.7273446978750399,537
0.5,DCC-CUSUM,49,0.014560377642316238,538
0.5,KCCA-logdet,49,0.8246627328898531,66
0.5,CorrCUSUM,50,0.5049789205771431,410
0.5,DCC-CUSUM,50,0.030764832159948713,236
0.5,KCCA-logdet,50,1.0656998796034995,528
0.5,CorrCUSUM,51,1.5731675705083004,243
0.5,DCC-CUSUM,51,0.26106105834122895,250
0.5,KCCA-logdet,51,0.9329003454394982,83
0.5,CorrCUSUM,52,1.462898312820597,301
0.5,DCC-CUSUM,52,3.0140902347149826e-16,302
0.5,KCCA-logdet,52,0.751850990785717,69
0.5,CorrCUSUM,53,0.8011835036330214,225
0.5,DCC-CUSUM,53,1.529707449949333e-16,540
0.5,KCCA-logdet,53,0.7462677893251013,82
0.5,CorrCUSUM,54,1.1931408696763395,485
0.5,DCC-CUSUM,54,1.4418909111559454e-16,486
0.5,KCCA-logdet,54,0.7860019446857696,537
0.5,CorrCUSUM,55,0.9928972155951539,297
0.5,DCC-CUSUM,55,0.06793679219605887,298
0.5,KCCA-logdet,55,0.7044263807808722,98
0.5,CorrCUSUM,56,0.9126286054965731,176
0.5,DCC-CUSUM,56,0.0,60
0.5,KCCA-logdet,56,0.7043780307282093,500
0.5,CorrCUSUM,57,1.3550986785010222,247
0.5,DCC-CUSUM,57,0.0,60
0.5,KCCA-logdet,57,0.665260023497034,67
0.5,CorrCUSUM,58,0.5768081414532182,263
0.5,DCC-CUSUM,58,7.195290597909826e-17,424
0.5,KCCA-logdet,58,0.6069261074988519,88
0.5,CorrCUSUM,59,0.7885872675273786,503
0.5,DCC-CUSUM,59,3.8242686248733327e-17,540
0.5,KCCA-logdet,59,0.9445248347025866,71
0.5,CorrCUSUM,60,1.1388275862078214,472
0.5,DCC-CUSUM,60,0.0470089597576694,473
0.5,KCCA-logdet,60,0.6711495665150481,60
0.5,CorrCUSUM,61,1.1390717982150693,453
0.5,DCC-CUSUM,61,0.1883064030238639,415
0.5,KCCA-logdet,61,1.2038522062642414,481
0.5,CorrCUSUM,62,0.9467267520413143,275
0.5,DCC-CUSUM,62,5.674081522682434e-16,276
0.5,KCCA-logdet,62,0.6731422225106024,537
0.5,CorrCUSUM,63,1.8237561744464486,366
0.5,DCC-CUSUM,63,0.32954997157959715,373
0.5,KCCA-logdet,63,0.8069425633280403,534
0.5,CorrCUSUM,64,1.0805164044368307,432
0.5,DCC-CUSUM,64,0.12129675350186704,434
0.5,KCCA-logdet,64,0.7074780822590161,60
0.5,CorrCUSUM,65,0.9467107757032008,302
0.5,DCC-CUSUM,65,0.15220983188711298,303
0.5,KCCA-logdet,65,0.8266781548535502,540
0.5,CorrCUSUM,66,0.6564377017344213,83
0.5,DCC-CUSUM,66,6.402108957195358e-17,84
0.5,KCCA-logdet,66,0.8833975502612291,540
0.5,CorrCUSUM,67,0.6217456332406851,464
0.5,DCC-CUSUM,67,8.49837472194074e-17,386
0.5,KCCA-logdet,67,0.9567456478514764,540
0.5,CorrCUSUM,68,1.0785858050688888,106
0.5,DCC-CUSUM,68,0.018060915000608975,367
0.5,KCCA-logdet,68,0.5990017863133285,63
0.5,CorrCUSUM,69,0.96663008242015,253
0.5,DCC-CUSUM,69,5.436127030468094e-16,405
0.5,KCCA-logdet,69,0.6603015212108849,533
0.5,CorrCUSUM,70,0.7528582999337038,244
0.5,DCC-CUSUM,70,1.0424672992247307e-16,245
0.5,KCCA-logdet,70,0.505330503937507,539
0.5,CorrCUSUM,71,1.0945143188829753,234
0.5,DCC-CUSUM,71,2.031111558543837e-16,470
0.5,KCCA-logdet,71,0.7548861161698057,60
0.5,CorrCUSUM,72,0.629416098179352,72
0.5,DCC-CUSUM,72,1.7605799632287232e-16,512
0.5,KCCA-logdet,72,0.9413819322307719,69
0.5,CorrCUSUM,73,1.7559670884712166,183
0.5,DCC-CUSUM,73,2.4673614609367947e-16,183
0.5,KCCA-logdet,73,1.1448608753765344,107
0.5,CorrCUSUM,74,0.5623833472274259,515
0.5,DCC-CUSUM,74,0.04680736513399442,517
0.5,KCCA-logdet,74,0.7753092101676514,61
0.5,CorrCUSUM,75,1.2252438516337383,358
0.5,DCC-CUSUM,75,0.22760341019449837,361
0.5,KCCA-logdet,75,0.8482365569043478,175
0.5,CorrCUSUM,76,1.3306230733224496,363
0.5,DCC-CUSUM,76,1.4829663889786591e-16,364
0.5,KCCA-logdet,76,0.953271454801412,61
0.5,CorrCUSUM,77,1.0489652477727962,375
0.5,DCC-CUSUM,77,1.0707952149645332e-16,375
0.5,KCCA-logdet,77,1.2228776626978521,505
0.5,CorrCUSUM,78,0.7225456831907705,170
0.5,DCC-CUSUM,78,0.15068126538483861,176
0.5,KCCA-logdet,78,0.7263558590948249,68
0.5,CorrCUSUM,79,0.9200128758559479,533
0.5,DCC-CUSUM,79,0.06763665733495533,534
0.5,KCCA-logdet,79,0.8877746975468688,532
0.5,CorrCUSUM,80,1.0264744596714375,155
0.5,DCC-CUSUM,80,0.19702275730388327,164
0.5,KCCA-logdet,80,0.5454401773041746,77
0.5,CorrCUSUM,81,0.7243516101534727,105
0.5,DCC-CUSUM,81,8.817063774013517e-17,106
0.5,KCCA-logdet,81,0.8030474338681655,113
0.5,CorrCUSUM,82,0.9595528764424734,240
0.5,DCC-CUSUM,82,0.036669658437997577,245
0.5,KCCA-logdet,82,1.8073872906836026,530
0.5,CorrCUSUM,83,0.8968499524636941,420
0.5,DCC-CUSUM,83,0.04308368735890983,247
0.5,KCCA-logdet,83,0.9183114235588693,63
0.5,CorrCUSUM,84,0.8428093063924544,398
0.5,DCC-CUSUM,84,0.09012138233839803,402
0.5,KCCA-logdet,84,0.6247564978465974,86
0.5,CorrCUSUM,85,1.731912684281668,143
0.5,DCC-CUSUM,85,0.13495622536644863,144
0.5,KCCA-logdet,85,1.4470867516599755,79
0.5,CorrCUSUM,86,1.0833947323546007,471
0.5,DCC-CUSUM,86,0.06776085840543637,474
0.5,KCCA-logdet,86,1.1850658549743787,536
0.5,CorrCUSUM,87,0.8368614190772937,122
0.5,DCC-CUSUM,87,0.09575624703397081,127
0.5,KCCA-logdet,87,0.7825013559864876,60
0.5,CorrCUSUM,88,1.0964601842622927,423
0.5,DCC-CUSUM,88,0.02055488815889287,422
0.5,KCCA-logdet,88,0.8417082955177645,535
0.5,CorrCUSUM,89,0.6105846627344914,272
0.5,DCC-CUSUM,89,4.232190611526488e-16,482
0.5,KCCA-logdet,89,0.9952485888184653,60
0.5,CorrCUSUM,90,0.7792449193737105,372
0.5,DCC-CUSUM,90,0.019869229601976648,373
0.5,KCCA-logdet,90,0.9802810476191425,65
0.5,CorrCUSUM,91,0.9384502652615865,212
0.5,DCC-CUSUM,91,1.0605263455088549e-16,213
0.5,KCCA-logdet,91,0.6013164034971913,511
0.5,CorrCUSUM,92,0.9168341288691577,173
0.5,DCC-CUSUM,92,0.0053207065906887,174
0.5,KCCA-logdet,92,0.8602775684897918,63
0.5,CorrCUSUM,93,1.3847528131950058,304
0.5,DCC-CUSUM,93,0.16816689527497938,308
0.5,KCCA-logdet,93,0.8152548686714218,538
0.5,CorrCUSUM,94,1.349997417865947,333
0.5,DCC-CUSUM,94,0.01686421003187918,334
0.5,KCCA-logdet,94,0.7162344224982231,68
0.5,CorrCUSUM,95,0.6183735452657878,286
0.5,DCC-CUSUM,95,0.041558050045865116,287
0.5,KCCA-logdet,95,0.4976121699579456,537
0.5,CorrCUSUM,96,0.868809438652499,494
0.5,DCC-CUSUM,96,8.390374543182742e-17,495
0.5,KCCA-logdet,96,1.1216480765691599,539
0.5,CorrCUSUM,97,1.1072498235144292,522
0.5,DCC-CUSUM,97,0.0076926050592821945,526
0.5,KCCA-logdet,97,0.7321293692049321,540
0.5,CorrCUSUM,98,1.2914286521828686,236
0.5,DCC-CUSUM,98,0.08453721819063038,239
0.5,KCCA-logdet,98,1.692548704326848,540
0.5,CorrCUSUM,99,0.9432540428759592,126
0.5,DCC-CUSUM,99,0.14830462051021154,131
0.5,KCCA-logdet,99,0.7892960684078124,60
0.5,CorrCUSUM,100,0.9953232663295991,360
0.5,DCC-CUSUM,100,0.3036953398617845,371
0.5,KCCA-logdet,100,0.7459935990677206,121
0.5,CorrCUSUM,101,0.7200744567614875,385
0.5,DCC-CUSUM,101,8.505899324559125e-17,386
0.5,KCCA-logdet,101,0.572277070705309,537
0.5,CorrCUSUM,102,1.686491958262907,389
0.5,DCC-CUSUM,102,0.2652442833480837,393
0.5,KCCA-logdet,102,1.2151320245657486,60
0.5,CorrCUSUM,103,0.6957915591489958,97
0.5,DCC-CUSUM,103,1.552369782541175e-16,540
0.5,KCCA-logdet,103,1.2838532279489758,535
0.5,CorrCUSUM,104,1.5043988575790581,361
0.5,DCC-CUSUM,104,0.2051577737660964,362
0.5,KCCA-logdet,104,1.387377388316227,78
0.5,CorrCUSUM,105,1.3892807325568208,405
0.5,DCC-CUSUM,105,2.1217608889112048e-16,425
0.5,KCCA-logdet,105,1.0676079224562696,498
0.5,CorrCUSUM,106,0.6774968502414395,163
0.5,DCC-CUSUM,106,0.0334850666045697,164
0.5,KCCA-logdet,106,0.7879963217779394,62
0.5,CorrCUSUM,107,0.9864767845470139,451
0.5,DCC-CUSUM,107,0.1298463261980717,462
0.5,KCCA-logdet,107,0.8487305765030395,60
0.5,CorrCUSUM,108,0.7299701139603212,461
0.5,DCC-CUSUM,108,0.005545464707131994,462
0.5,KCCA-logdet,108,1.1677708378543292,476
0.5,CorrCUSUM,109,0.9783411244088638,430
0.5,DCC-CUSUM,109,0.02824327978599746,431
0.5,KCCA-logdet,109,0.587253887390235,514
0.5,CorrCUSUM,110,1.856983994008184,360
0.5,DCC-CUSUM,110,0.555876322244733,377
0.5,KCCA-logdet,110,0.7138363787483488,528
0.5,CorrCUSUM,111,1.439037893728448,373
0.5,DCC-CUSUM,111,0.026761390886801767,397
0.5,KCCA-logdet,111,0.8835976469310898,537
0.5,CorrCUSUM,112,1.0513035635788937,208
0.5,DCC-CUSUM,112,2.8441227402761677e-16,517
0.5,KCCA-logdet,112,1.0621148713284183,116
0.5,CorrCUSUM,113,1.3219783046166311,332
0.5,DCC-CUSUM,113,3.88913955191748e-15,352
0.5,KCCA-logdet,113,1.0006141311927574,540
0.5,CorrCUSUM,114,0.9412822682882349,327
0.5,DCC-CUSUM,114,2.6684896626893924e-16,422
0.5,KCCA-logdet,114,0.8674030234475701,535
0.5,CorrCUSUM,115,0.8472591845124667,516
0.5,DCC-CUSUM,115,0.00273084892286156,517
0.5,KCCA-logdet,115,0.5977154354620798,249
0.5,CorrCUSUM,116,1.1889654533915406,303
0.5,DCC-CUSUM,116,1.1756085032018023e-16,114
0.5,KCCA-logdet,116,1.0090757563261243,60
0.5,CorrCUSUM,117,0.5767894888436557,178
0.5,DCC-CUSUM,117,8.115947859453407e-17,179
0.5,KCCA-logdet,117,0.8943842701626809,540
0.5,CorrCUSUM,118,1.1247887474113278,216
0.5,DCC-CUSUM,118,0.15847466086147424,217
0.5,KCCA-logdet,118,0.6670114368431781,60
0.5,CorrCUSUM,119,0.8262834954430369,326
0.5,DCC-CUSUM,119,0.05335552869096255,332
0.5,KCCA-logdet,119,0.8100098390724163,63
0.5,CorrCUSUM,120,0.8459390163882597,192
0.5,DCC-CUSUM,120,0.04743005223816902,188
0.5,KCCA-logdet,120,0.8775454945227265,132
0.5,CorrCUSUM,121,0.6110891171023554,375
0.5,DCC-CUSUM,121,0.06005189479372411,171
0.5,KCCA-logdet,121,0.5347634518960374,540
0.5,CorrCUSUM,122,1.211777357235044,244
0.5,DCC-CUSUM,122,0.13395879464100513,247
0.5,KCCA-logdet,122,0.6334225922183195,88
0.5,CorrCUSUM,123,0.8665284479405604,261
0.5,DCC-CUSUM,123,0.23513532266021162,268
0.5,KCCA-logdet,123,0.7641769775446331,539
0.5,CorrCUSUM,124,1.1612939799172957,85
0.5,DCC-CUSUM,124,2.7081487447251156e-16,540
0.5,KCCA-logdet,124,0.9718954247825221,62
0.5,CorrCUSUM,125,1.0857541371920065,258
0.5,DCC-CUSUM,125,9.588999477923135e-17,536
0.5,KCCA-logdet,125,1.4276967119439339,537
0.5,CorrCUSUM,126,1.1706232914573345,399
0.5,DCC-CUSUM,126,2.2945611749239996e-16,540
0.5,KCCA-logdet,126,0.9149280418662366,536
0.5,CorrCUSUM,127,1.0286905019922399,378
0.5,DCC-CUSUM,127,0.1454509770762973,381
0.5,KCCA-logdet,127,0.6193436141921456,345
0.5,CorrCUSUM,128,1.1690932104809943,475
0.5,DCC-CUSUM,128,1.280775890385819e-16,476
0.5,KCCA-logdet,128,0.8635593093364118,61
0.5,CorrCUSUM,129,1.4329090032673926,390
0.5,DCC-CUSUM,129,1.3144152903268344e-16,383
0.5,KCCA-logdet,129,0.6143234790519162,60
0.5,CorrCUSUM,130,1.1687483979551092,196
0.5,DCC-CUSUM,130,1.4404745153689553e-16,204
0.5,KCCA-logdet,130,1.1387799177715225,60
0.5,CorrCUSUM,131,1.1641488621888874,153
0.5,DCC-CUSUM,131,0.3388990523446126,446
0.5,KCCA-logdet,131,1.9286240930910117,512
0.5,CorrCUSUM,132,1.610995009433593,268
0.5,DCC-CUSUM,132,0.00014580594197730656,253
0.5,KCCA-logdet,132,0.3783589432685855,154
0.5,CorrCUSUM,133,1.2552866021912583,228
0.5,DCC-CUSUM,133,1.400815433333232e-16,229
0.5,KCCA-logdet,133,0.6883642960245657,540
0.5,CorrCUSUM,134,0.5093280207223773,64
0.5,DCC-CUSUM,134,1.7166716938320295e-16,525
0.5,KCCA-logdet,134,1.0537415529253185,538
0.5,CorrCUSUM,135,1.5106778391235935,277
0.5,DCC-CUSUM,135,0.1237296572468449,279
0.5,KCCA-logdet,135,1.021277370500593,118
0.5,CorrCUSUM,136,0.6968624604974036,483
0.5,DCC-CUSUM,136,0.024508997780491565,484
0.5,KCCA-logdet,136,0.7577781794851953,526
0.5,CorrCUSUM,137,0.9103894221011957,436
0.5,DCC-CUSUM,137,0.08476043948799829,435
0.5,KCCA-logdet,137,0.5058410383973543,60
0.5,CorrCUSUM,138,1.2289410797410492,478
0.5,DCC-CUSUM,138,2.2067446361306122e-16,479
0.5,KCCA-logdet,138,0.7707683045466024,123
0.5,CorrCUSUM,139,0.7773192157425868,330
0.5,DCC-CUSUM,139,0.023122430157307573,331
0.5,KCCA-logdet,139,0.8450312696947395,540
0.5,CorrCUSUM,140,0.8120847114157821,144
0.5,DCC-CUSUM,140,1.2011036273676245e-16,430
0.5,KCCA-logdet,140,0.5611847343037236,491
0.5,CorrCUSUM,141,0.7190491445816299,322
0.5,DCC-CUSUM,141,9.53234364644353e-17,537
0.5,KCCA-logdet,141,0.8818711370503332,493
0.5,CorrCUSUM,142,0.5991963625044778,449
0.5,DCC-CUSUM,142,1.2407627094033481e-16,538
0.5,KCCA-logdet,142,0.6694460646575511,85
0.5,CorrCUSUM,143,0.885589092888723,190
0.5,DCC-CUSUM,143,1.079293589686474e-16,421
0.5,KCCA-logdet,143,0.6535861938025962,107
0.5,CorrCUSUM,144,1.2185574531689167,335
0.5,DCC-CUSUM,144,0.0027330315312368266,384
0.5,KCCA-logdet,144,0.6193777856870404,84
0.5,CorrCUSUM,145,0.8520414941764417,110
0.5,DCC-CUSUM,145,0.0,60
0.5,KCCA-logdet,145,0.9383164691100527,502
0.5,CorrCUSUM,146,0.9168516062721705,126
0.5,DCC-CUSUM,146,0.026688732544959366,339
0.5,KCCA-logdet,146,0.709728366267358,126
0.5,CorrCUSUM,147,1.0152524040596638,178
0.5,DCC-CUSUM,147,0.11263777169591571,189
0.5,KCCA-logdet,147,0.696304936982102,60
0.5,CorrCUSUM,148,0.9820652695386041,263
0.5,DCC-CUSUM,148,0.037923054088175305,264
0.5,KCCA-logdet,148,0.8183825907123418,61
0.5,CorrCUSUM,149,1.019960156668898,329
0.5,DCC-CUSUM,149,1.2350971262553874e-16,539
0.5,KCCA-logdet,149,0.8906431616859727,535
0.5,CorrCUSUM,150,0.92034144143612,413
0.5,DCC-CUSUM,150,1.529707449949333e-16,414
0.5,KCCA-logdet,150,0.908502163555701,538
0.5,CorrCUSUM,151,0.8846546046355932,250
0.5,DCC-CUSUM,151,7.988472238624296e-17,196
0.5,KCCA-logdet,151,0.5432187455000733,63
0.5,CorrCUSUM,152,0.8235558767174681,199
0.5,DCC-CUSUM,152,0.03866157316504259,222
0.5,KCCA-logdet,152,0.9152558409070758,60
0.5,CorrCUSUM,153,1.649997788070189,285
0.5,DCC-CUSUM,153,0.18267790894196978,318
0.5,KCCA-logdet,153,1.2442961784311195,72
0.5,CorrCUSUM,154,0.8976719892389906,257
0.5,DCC-CUSUM,154,0.1690024331936176,226
0.5,KCCA-logdet,154,0.7540785604894393,119
0.5,CorrCUSUM,155,0.9488410646542421,469
0.5,DCC-CUSUM,155,1.8073210241993974e-16,474
0.5,KCCA-logdet,155,0.5740146871958184,78
0.5,CorrCUSUM,156,0.9835408921459848,395
0.5,DCC-CUSUM,156,9.787294888101752e-17,395
0.5,KCCA-logdet,156,0.8908777448764595,62
0.5,CorrCUSUM,157,0.43605253151500234,248
0.5,DCC-CUSUM,157,0.0,60
0.5,KCCA-logdet,157,1.0534504099286148,66
0.5,CorrCUSUM,158,0.8764031913063376,362
0.5,DCC-CUSUM,158,8.61168638489995e-17,133
0.5,KCCA-logdet,158,1.1870841061975337,130
0.5,CorrCUSUM,159,0.758295282497911,458
0.5,DCC-CUSUM,159,0.03926057268530494,455
0.5,KCCA-logdet,159,0.6725225046794118,530
0.5,CorrCUSUM,160,0.7521392431020545,406
0.5,DCC-CUSUM,160,0.02608692825560987,407
0.5,KCCA-logdet,160,0.9775565497276572,88
0.5,CorrCUSUM,161,0.6752838972326068,509
0.5,DCC-CUSUM,161,0.003495858664056871,510
0.5,KCCA-logdet,161,0.6650306424425891,523
0.5,CorrCUSUM,162,0.8799731296765727,145
0.5,DCC-CUSUM,162,8.441718890461135e-17,103
0.5,KCCA-logdet,162,0.6863180649974929,539
0.5,CorrCUSUM,163,0.7354936708649662,126
0.5,DCC-CUSUM,163,8.209784080341502e-17,127
0.5,KCCA-logdet,163,0.7883239141847546,538
0.5,CorrCUSUM,164,0.6705539251994557,490
0.5,DCC-CUSUM,164,0.03746067195356059,396
0.5,KCCA-logdet,164,0.8537773042904567,92
0.5,CorrCUSUM,165,1.1767675550778673,381
0.5,DCC-CUSUM,165,9.164080741826098e-17,382
0.5,KCCA-logdet,165,1.1466837243873829,60
0.5,CorrCUSUM,166,0.9250755373931412,144
0.5,DCC-CUSUM,166,0.0953573686257393,145
0.5,KCCA-logdet,166,0.6376738781563887,63
0.5,CorrCUSUM,167,1.4401504496005364,138
0.5,DCC-CUSUM,167,0.47594799249217734,146
0.5,KCCA-logdet,167,0.73574057591387,442
0.5,CorrCUSUM,168,1.2929968832675283,215
0.5,DCC-CUSUM,168,1.4673860353217677e-16,167
0.5,KCCA-logdet,168,0.8502438519896793,72
0.5,CorrCUSUM,169,2.0343173818012135,301
0.5,DCC-CUSUM,169,0.523519337571971,320
0.5,KCCA-logdet,169,1.5130264832832983,538
0.5,CorrCUSUM,170,0.8504087285005691,66
0.5,DCC-CUSUM,170,0.002012009603346233,67
0.5,KCCA-logdet,170,0.5929483804840326,537
0.5,CorrCUSUM,171,1.0021409117975106,302
0.5,DCC-CUSUM,171,1.3965662459722616e-16,531
0.5,KCCA-logdet,171,1.1563201471238602,60
0.5,CorrCUSUM,172,0.9385845125927331,165
0.5,DCC-CUSUM,172,0.12792462868489382,443
0.5,KCCA-logdet,172,0.8150280207191736,530
0.5,CorrCUSUM,173,0.9705516884996789,452
0.5,DCC-CUSUM,173,0.06018361631764429,453
0.5,KCCA-logdet,173,0.8955339844507468,68
0.5,CorrCUSUM,174,0.9330867897285364,307
0.5,DCC-CUSUM,174,0.0078070565154023065,308
0.5,KCCA-logdet,174,0.6164150829104249,532
0.5,CorrCUSUM,175,1.0365394066390858,219
0.5,DCC-CUSUM,175,0.07224801786564605,220
0.5,KCCA-logdet,175,0.9613828285623156,536
0.5,CorrCUSUM,176,0.7635911214721188,484
0.5,DCC-CUSUM,176,9.914770508930863e-17,269
0.5,KCCA-logdet,176,0.9971954357940994,62
0.5,CorrCUSUM,177,1.1320477840932563,235
0.5,DCC-CUSUM,177,3.5806485495110315e-16,537
0.5,KCCA-logdet,177,0.6196357596805396,535
0.5,CorrCUSUM,178,0.9079237641147089,123
0.5,DCC-CUSUM,178,0.02284534317115724,124
0.5,KCCA-logdet,178,1.0284132578252823,128
0.5,CorrCUSUM,179,1.194348709896644,374
0.5,DCC-CUSUM,179,0.057895915064825,375
0.5,KCCA-logdet,179,0.5428563081126571,539
0.5,CorrCUSUM,180,1.36016900752752,349
0.5,DCC-CUSUM,180,1.4705729258424954e-16,350
0.5,KCCA-logdet,180,0.7574124006379737,538
0.5,CorrCUSUM,181,1.1085742773736105,102
0.5,DCC-CUSUM,181,3.059414899898666e-16,540
0.5,KCCA-logdet,181,0.5603128863385184,60
0.5,CorrCUSUM,182,0.6082938270902214,536
0.5,DCC-CUSUM,182,1.1047887138522962e-16,537
0.5,KCCA-logdet,182,0.8345875404573366,63
0.5,CorrCUSUM,183,0.8902556955895873,155
0.5,DCC-CUSUM,183,0.0930085374468987,540
0.5,KCCA-logdet,183,1.0095616418372975,115
0.5,CorrCUSUM,184,1.0341350931287026,387
0.5,DCC-CUSUM,184,9.008277205257185e-17,388
0.5,KCCA-logdet,184,1.1245434524674636,539
0.5,CorrCUSUM,185,0.8628170956338854,300
0.5,DCC-CUSUM,185,0.05443753797858714,346
0.5,KCCA-logdet,185,0.7383129555807582,72
0.5,CorrCUSUM,186,1.2398845804787528,122
0.5,DCC-CUSUM,186,0.05817026989347655,124
0.5,KCCA-logdet,186,1.4828025369770927,64
0.5,CorrCUSUM,187,1.0848140740383514,270
0.5,DCC-CUSUM,187,1.1784412947757825e-16,271
0.5,KCCA-logdet,187,1.3870531973244122,532
0.5,CorrCUSUM,188,0.8325332718798811,250
0.5,DCC-CUSUM,188,0.100283032056434,251
0.5,KCCA-logdet,188,0.8455165390584952,443
0.5,CorrCUSUM,189,0.8419934733022806,479
0.5,DCC-CUSUM,189,1.529707449949333e-16,540
0.5,KCCA-logdet,189,0.9050191213407355,536
0.5,CorrCUSUM,190,1.1485559318756684,147
0.5,DCC-CUSUM,190,1.6940093612401875e-16,288
0.5,KCCA-logdet,190,0.8745204582987405,539
0.5,CorrCUSUM,191,1.4361087607039078,238
0.5,DCC-CUSUM,191,0.024543129600363672,239
0.5,KCCA-logdet,191,0.7694156627725027,137
0.5,CorrCUSUM,192,0.5998480827461635,114
0.5,DCC-CUSUM,192,0.02282283690024157,115
0.5,KCCA-logdet,192,0.655776418118262,508
0.5,CorrCUSUM,193,1.0260518071793534,325
0.5,DCC-CUSUM,193,0.034256135653590855,326
0.5,KCCA-logdet,193,0.8541795775364446,84
0.5,CorrCUSUM,194,0.863831737293955,60
0.5,DCC-CUSUM,194,9.348212194134814e-17,61
0.5,KCCA-logdet,194,0.60850397566863,524
0.5,CorrCUSUM,195,0.8070507793452375,258
0.5,DCC-CUSUM,195,1.529707449949333e-16,259
0.5,KCCA-logdet,195,0.3539113011158418,537
0.5,CorrCUSUM,196,1.0046662953948737,69
0.5,DCC-CUSUM,196,9.631491351532838e-17,70
0.5,KCCA-logdet,196,1.0261663258954146,479
0.5,CorrCUSUM,197,1.1935586450280666,316
0.5,DCC-CUSUM,197,1.4042678980640203e-16,317
0.5,KCCA-logdet,197,0.8724163130372988,529
0.5,CorrCUSUM,198,0.929154157370527,280
0.5,DCC-CUSUM,198,9.603163435793036e-17,281
0.5,KCCA-logdet,198,0.726399629691513,524
0.5,CorrCUSUM,199,0.9746687000905524,408
0.5,DCC-CUSUM,199,0.020650863222270537,409
0.5,KCCA-logdet,199,0.882766629862309,60
0.7,CorrCUSUM,0,1.7483343915530862,392
0.7,DCC-CUSUM,0,0.033717795623963105,393
0.7,KCCA-logdet,0,0.7244073684383124,509
0.7,CorrCUSUM,1,1.0118148662224773,350
0.7,DCC-CUSUM,1,0.08341422264630192,353
0.7,KCCA-logdet,1,0.8692358858474133,500
0.7,CorrCUSUM,2,1.074055400022,480
0.7,DCC-CUSUM,2,0.02475997167750677,481
0.7,KCCA-logdet,2,0.6602779636268284,519
0.7,CorrCUSUM,3,1.0067417994712256,414
0.7,DCC-CUSUM,3,1.2577594588472295e-16,415
0.7,KCCA-logdet,3,1.0671653011987325,60
0.7,CorrCUSUM,4,1.270538852517722,431
0.7,DCC-CUSUM,4,0.020999872330097806,432
0.7,KCCA-logdet,4,0.7159907182252048,451
0.7,CorrCUSUM,5,1.3266321450014864,260
0.7,DCC-CUSUM,5,1.6387699255475726e-16,261
0.7,KCCA-logdet,5,1.0262520497224181,502
0.7,CorrCUSUM,6,1.1737901856343982,416
0.7,DCC-CUSUM,6,0.15528946015772413,418
0.7,KCCA-logdet,6,1.0183368349284825,540
0.7,CorrCUSUM,7,0.7003021196479348,159
0.7,DCC-CUSUM,7,0.031993518224118556,160
0.7,KCCA-logdet,7,1.2037119966574403,72
0.7,CorrCUSUM,8,0.986094304071463,198
0.7,DCC-CUSUM,8,5.575443720076442e-14,199
0.7,KCCA-logdet,8,0.510724301398176,166
0.7,CorrCUSUM,9,0.9088248629500213,84
0.7,DCC-CUSUM,9,0.027523383213546925,214
0.7,KCCA-logdet,9,0.9802892407905452,64
0.7,CorrCUSUM,10,1.0241621361809234,461
0.7,DCC-CUSUM,10,0.3275573051552834,465
0.7,KCCA-logdet,10,0.9458692732043924,60
0.7,CorrCUSUM,11,0.6818799152962757,241
0.7,DCC-CUSUM,11,1.1901265600184512e-16,241
0.7,KCCA-logdet,11,0.8352150242140127,464
0.7,CorrCUSUM,12,0.8548242115835588,457
0.7,DCC-CUSUM,12,0.0586285120392264,458
0.7,KCCA-logdet,12,1.2650639576324363,98
0.7,CorrCUSUM,13,1.037571341681916,403
0.7,DCC-CUSUM,13,7.93181640714469e-17,404
0.7,KCCA-logdet,13,0.8247284234624326,283
0.7,CorrCUSUM,14,1.094948906509095,279
0.7,DCC-CUSUM,14,0.04475230500902874,189
0.7,KCCA-logdet,14,0.6560975166234603,536
0.7,CorrCUSUM,15,1.3163796309769316,153
0.7,DCC-CUSUM,15,1.711006110684069e-16,250
0.7,KCCA-logdet,15,0.6733120509449908,251
0.7,CorrCUSUM,16,0.9009243133502485,60
0.7,DCC-CUSUM,16,0.07515729952053381,61
0.7,KCCA-logdet,16,1.082468231352886,60
0.7,CorrCUSUM,17,1.0161590674527552,460
0.7,DCC-CUSUM,17,0.021983979560842623,469
0.7,KCCA-logdet,17,1.0938184702275888,538
0.7,CorrCUSUM,18,0.9227792227243122,249
0.7,DCC-CUSUM,18,0.06365945569998138,250
0.7,KCCA-logdet,18,0.4313656683600266,367
0.7,CorrCUSUM,19,0.8820022612560374,151
0.7,DCC-CUSUM,19,9.730639056622148e-17,84
0.7,KCCA-logdet,19,0.9239608464374108,85
0.7,CorrCUSUM,20,1.3103660093412912,151
0.7,DCC-CUSUM,20,0.03319575964064145,156
0.7,KCCA-logdet,20,0.8328859089303184,199
0.7,CorrCUSUM,21,0.5396533483954578,319
0.7,DCC-CUSUM,21,2.1529215962249875e-16,523
0.7,KCCA-logdet,21,0.5615926099205929,506
0.7,CorrCUSUM,22,1.109774917315964,468
0.7,DCC-CUSUM,22,1.529707449949333e-16,540
0.7,KCCA-logdet,22,1.1431010811466902,459
0.7,CorrCUSUM,23,0.8923510159896705,136
0.7,DCC-CUSUM,23,9.461523857094024e-17,137
0.7,KCCA-logdet,23,0.9843610135032955,535
0.7,CorrCUSUM,24,1.2601605616269074,183
0.7,DCC-CUSUM,24,1.5127107005054517e-16,502
0.7,KCCA-logdet,24,0.6611172769291607,60
0.7,CorrCUSUM,25,0.846145511896796,208
0.7,DCC-CUSUM,25,0.022197565295601754,209
0.7,KCCA-logdet,25,1.3296206649238007,61
0.7,CorrCUSUM,26,1.2072824456708027,442
0.7,DCC-CUSUM,26,8.555030553420345e-17,532
0.7,KCCA-logdet,26,0.7969816182315014,70
0.7,CorrCUSUM,27,1.2092725873277632,255
0.7,DCC-CUSUM,27,0.025394096186898245,155
0.7,KCCA-logdet,27,0.8758877971112601,511
0.7,CorrCUSUM,28,2.2162386135757464,212
0.7,DCC-CUSUM,28,0.013590640735688924,213
0.7,KCCA-logdet,28,1.4139453108022353,74
0.7,CorrCUSUM,29,1.75798799217079,220
0.7,DCC-CUSUM,29,2.0056164343780147e-16,226
0.7,KCCA-logdet,29,0.7998551446394196,60
0.7,CorrCUSUM,30,1.1616523036724566,305
0.7,DCC-CUSUM,30,0.0186871801755906,306
0.7,KCCA-logdet,30,0.9172423303949798,60
0.7,CorrCUSUM,31,1.643991509293289,296
0.7,DCC-CUSUM,31,2.0509410995616985e-16,297
0.7,KCCA-logdet,31,1.2639955850784963,540
0.7,CorrCUSUM,32,1.3204807286225793,255
0.7,DCC-CUSUM,32,0.16166516801870667,256
0.7,KCCA-logdet,32,0.7709423805575822,493
0.7,CorrCUSUM,33,1.0949488002055683,121
0.7,DCC-CUSUM,33,0.010474370281618253,121
0.7,KCCA-logdet,33,1.0886761443004276,74
0.7,CorrCUSUM,34,0.9826419238965238,494
0.7,DCC-CUSUM,34,0.057029730231402516,495
0.7,KCCA-logdet,34,1.059889534502945,534
0.7,CorrCUSUM,35,1.2000579422273512,407
0.7,DCC-CUSUM,35,0.060378043482265505,408
0.7,KCCA-logdet,35,0.8253217615580346,529
0.7,CorrCUSUM,36,1.3267897402589655,222
0.7,DCC-CUSUM,36,0.0316913899150283,223
0.7,KCCA-logdet,36,0.6671065434133945,60
0.7,CorrCUSUM,37,1.0040223680501739,233
0.7,DCC-CUSUM,37,0.002777223824234397,76
0.7,KCCA-logdet,37,1.5309793407243284,71
0.7,CorrCUSUM,38,1.5836224348949823,308
0.7,DCC-CUSUM,38,0.27789637551265595,344
0.7,KCCA-logdet,38,0.45736649637416593,526
0.7,CorrCUSUM,39,1.5832477469321162,265
0.7,DCC-CUSUM,39,3.059414899898666e-16,540
0.7,KCCA-logdet,39,1.6446822204125762,538
0.7,CorrCUSUM,40,0.7756330203859542,149
0.7,DCC-CUSUM,40,1.1614445453319012e-16,424
0.7,KCCA-logdet,40,1.1201331289863983,67
0.7,CorrCUSUM,41,1.4723876556162572,176
0.7,DCC-CUSUM,41,0.23160483542968377,179
0.7,KCCA-logdet,41,1.184966889310113,60
0.7,CorrCUSUM,42,1.0471031460355469,391
0.7,DCC-CUSUM,42,0.06662833324796977,230
0.7,KCCA-logdet,42,0.5463162288054031,264
0.7,CorrCUSUM,43,1.1989689487747808,117
0.7,DCC-CUSUM,43,0.0896062904794092,134
0.7,KCCA-logdet,43,0.5302525091710218,532
0.7,CorrCUSUM,44,0.7529661574109398,318
0.7,DCC-CUSUM,44,0.0,60
0.7,KCCA-logdet,44,1.2103369782040698,60
0.7,CorrCUSUM,45,1.3220779515195724,383
0.7,DCC-CUSUM,45,1.437641723794975e-16,384
0.7,KCCA-logdet,45,1.185044064626625,68
0.7,CorrCUSUM,46,0.8698689767438603,531
0.7,DCC-CUSUM,46,0.04160676888190763,83
0.7,KCCA-logdet,46,1.001204243182581,497
0.7,CorrCUSUM,47,1.3556659159251043,310
0.7,DCC-CUSUM,47,0.04173651372181325,311
0.7,KCCA-logdet,47,0.897161972455176,97
0.7,CorrCUSUM,48,1.1771487439885235,76
0.7,DCC-CUSUM,48,0.19240783802948536,331
0.7,KCCA-logdet,48,1.8527108252485502,76
0.7,CorrCUSUM,49,0.7230087446658043,222
0.7,DCC-CUSUM,49,1.0042246129759974e-16,523
0.7,KCCA-logdet,49,0.9867134452314203,100
0.7,CorrCUSUM,50,1.5314376858077217,270
0.7,DCC-CUSUM,50,0.14319515193145418,271
0.7,KCCA-logdet,50,0.9900345588134676,161
0.7,CorrCUSUM,51,1.1408918030268602,356
0.7,DCC-CUSUM,51,0.19380752397147982,362
0.7,KCCA-logdet,51,1.3378292775317577,531
0.7,CorrCUSUM,52,1.7352125413351336,359
0.7,DCC-CUSUM,52,0.3597824195222037,378
0.7,KCCA-logdet,52,1.0942975757624673,540
0.7,CorrCUSUM,53,1.4451573248766245,282
0.7,DCC-CUSUM,53,0.05296486116431028,283
0.7,KCCA-logdet,53,0.9205182648076897,66
0.7,CorrCUSUM,54,1.2129165138104525,532
0.7,DCC-CUSUM,54,1.2188085747050012e-16,533
0.7,KCCA-logdet,54,1.4875529169219124,532
0.7,CorrCUSUM,55,1.524489484658513,299
0.7,DCC-CUSUM,55,0.011165832936051296,300
0.7,KCCA-logdet,55,1.2353921226632978,535
0.7,CorrCUSUM,56,0.9420743088053672,362
0.7,DCC-CUSUM,56,0.0,60
0.7,KCCA-logdet,56,0.8001477482671379,163
0.7,CorrCUSUM,57,1.5570782241662782,526
0.7,DCC-CUSUM,57,2.090600181597422e-16,527
0.7,KCCA-logdet,57,1.2629306979834085,526
0.7,CorrCUSUM,58,1.39031070474762,193
0.7,DCC-CUSUM,58,0.009241228224316667,194
0.7,KCCA-logdet,58,0.9617093600451742,392
0.7,CorrCUSUM,59,1.3872292531289478,320
0.7,DCC-CUSUM,59,1.9489606028984097e-16,540
0.7,KCCA-logdet,59,0.7372943347514724,514
0.7,CorrCUSUM,60,0.9327262357982206,193
0.7,DCC-CUSUM,60,0.0,60
0.7,KCCA-logdet,60,0.957494545179306,76
0.7,CorrCUSUM,61,0.9819974522130687,169
0.7,DCC-CUSUM,61,1.3710711218064394e-16,157
0.7,KCCA-logdet,61,0.8217195996987433,521
0.7,CorrCUSUM,62,0.5217887763753916,357
0.7,DCC-CUSUM,62,7.025323103471011e-17,417
0.7,KCCA-logdet,62,0.9058675477797175,73
0.7,CorrCUSUM,63,1.5752273011224645,244
0.7,DCC-CUSUM,63,0.03240874244980033,245
0.7,KCCA-logdet,63,1.3496569385512944,85
0.7,CorrCUSUM,64,1.1326812154417247,218
0.7,DCC-CUSUM,64,0.04423521995203567,221
0.7,KCCA-logdet,64,0.7846043578453744,65
0.7,CorrCUSUM,65,1.140217047723383,197
0.7,DCC-CUSUM,65,1.2474905893915512e-16,186
0.7,KCCA-logdet,65,0.7201280625110563,83
0.7,CorrCUSUM,66,0.9865507354107438,239
0.7,DCC-CUSUM,66,0.0,60
0.7,KCCA-logdet,66,1.1328292501251804,540
0.7,CorrCUSUM,67,1.527452434776553,110
0.7,DCC-CUSUM,67,0.47771917665534624,160
0.7,KCCA-logdet,67,2.2512742364440985,61
0.7,CorrCUSUM,68,0.9526425430742012,186
0.7,DCC-CUSUM,68,0.00829464791953318,187
0.7,KCCA-logdet,68,0.8951031701922251,67
0.7,CorrCUSUM,69,0.7907889115761354,67
0.7,DCC-CUSUM,69,9.999754256150271e-17,68
0.7,KCCA-logdet,69,1.4302103584243582,135
0.7,CorrCUSUM,70,1.0219575508376342,343
0.7,DCC-CUSUM,70,6.285964502662167e-16,344
0.7,KCCA-logdet,70,0.992969871161872,62
0.7,CorrCUSUM,71,1.3431689477592827,147
0.7,DCC-CUSUM,71,0.09546241652175232,158
0.7,KCCA-logdet,71,0.7610787264694939,230
0.7,CorrCUSUM,72,1.5191479596916233,516
0.7,DCC-CUSUM,72,0.20494006230956405,521
0.7,KCCA-logdet,72,0.4544232670651825,532
0.7,CorrCUSUM,73,0.8406124880567624,255
0.7,DCC-CUSUM,73,2.8101292413884046e-16,536
0.7,KCCA-logdet,73,1.3413267907107067,333
0.7,CorrCUSUM,74,1.1229253359565798,422
0.7,DCC-CUSUM,74,0.1017957219814235,436
0.7,KCCA-logdet,74,0.9988895903801086,88
0.7,CorrCUSUM,75,1.5160153107992604,120
0.7,DCC-CUSUM,75,0.5252450772900039,123
0.7,KCCA-logdet,75,1.830776637682052,66
0.7,CorrCUSUM,76,0.7979027663796112,91
0.7,DCC-CUSUM,76,9.277392404785308e-17,90
0.7,KCCA-logdet,76,1.0364341248468485,87
0.7,CorrCUSUM,77,0.8475527687458436,364
0.7,DCC-CUSUM,77,0.006371391592061208,365
0.7,KCCA-logdet,77,1.4571109814967391,74
0.7,CorrCUSUM,78,1.2714551048098666,286
0.7,DCC-CUSUM,78,2.589171498617945e-16,537
0.7,KCCA-logdet,78,1.8989900900116379,474
0.7,CorrCUSUM,79,1.543378947570857,347
0.7,DCC-CUSUM,79,0.12436820566823534,348
0.7,KCCA-logdet,79,0.7393344969304059,66
0.7,CorrCUSUM,80,2.0424054044232616,278
0.7,DCC-CUSUM,80,0.12362889526805537,277
0.7,KCCA-logdet,80,1.6583593840960669,528
0.7,CorrCUSUM,81,0.9260784884461573,395
0.7,DCC-CUSUM,81,0.1950570571149414,409
0.7,KCCA-logdet,81,1.6591538813100244,87
0.7,CorrCUSUM,82,1.2135267874325935,341
0.7,DCC-CUSUM,82,0.06829415014491112,341
0.7,KCCA-logdet,82,1.07974439120948,70
0.7,CorrCUSUM,83,1.114421418010791,495
0.7,DCC-CUSUM,83,1.3937334543982814e-16,496
0.7,KCCA-logdet,83,0.9193715165771742,87
0.7,CorrCUSUM,84,1.190079214045836,168
0.7,DCC-CUSUM,84,0.1335808780152725,134
0.7,KCCA-logdet,84,1.045928407989812,77
0.7,CorrCUSUM,85,1.7728916678258722,217
0.7,DCC-CUSUM,85,0.08259884298177925,221
0.7,KCCA-logdet,85,0.9011023169046462,423
0.7,CorrCUSUM,86,1.3111186600467621,253
0.7,DCC-CUSUM,86,1.402231829120222e-16,254
0.7,KCCA-logdet,86,0.6877809665048363,70
0.7,CorrCUSUM,87,1.8370246533985748,457
0.7,DCC-CUSUM,87,0.2974499820002153,461
0.7,KCCA-logdet,87,0.9360675289896055,540
0.7,CorrCUSUM,88,2.052534191030212,280
0.7,DCC-CUSUM,88,0.02741359273798667,259
0.7,KCCA-logdet,88,0.8886279281799633,470
0.7,CorrCUSUM,89,1.055510031177561,117
0.7,DCC-CUSUM,89,1.3937334543982814e-16,510
0.7,KCCA-logdet,89,1.270910413409635,62
0.7,CorrCUSUM,90,1.0321074849946987,441
0.7,DCC-CUSUM,90,1.0198049666328888e-16,213
0.7,KCCA-logdet,90,1.3359503260207262,526
0.7,CorrCUSUM,91,1.774500439296098,364
0.7,DCC-CUSUM,91,0.4039407984174279,391
0.7,KCCA-logdet,91,1.0726806090426486,533
0.7,CorrCUSUM,92,0.775914386616474,275
0.7,DCC-CUSUM,92,8.979949289517382e-17,514
0.7,KCCA-logdet,92,1.0401427569921475,540
0.7,CorrCUSUM,93,0.5963257609538377,281
0.7,DCC-CUSUM,93,9.036605120996987e-17,321
0.7,KCCA-logdet,93,0.8262882785048227,353
0.7,CorrCUSUM,94,0.842596553377673,104
0.7,DCC-CUSUM,94,0.035321100228977255,65
0.7,KCCA-logdet,94,0.9998227335312441,539
0.7,CorrCUSUM,95,1.4107589140929773,327
0.7,DCC-CUSUM,95,0.33285221264527853,332
0.7,KCCA-logdet,95,0.961353767672512,526
0.7,CorrCUSUM,96,1.1502737250436659,200
0.7,DCC-CUSUM,96,0.2149855715869027,212
0.7,KCCA-logdet,96,0.5567338799534285,444
0.7,CorrCUSUM,97,0.7776136418548748,187
0.7,DCC-CUSUM,97,7.875160575665086e-17,188
0.7,KCCA-logdet,97,0.9459847943886137,67
0.7,CorrCUSUM,98,1.3045936043676394,189
0.7,DCC-CUSUM,98,0.10184320137851588,192
0.7,KCCA-logdet,98,1.060993322215287,535
0.7,CorrCUSUM,99,1.1194934758153978,515
0.7,DCC-CUSUM,99,0.17822456293746092,525
0.7,KCCA-logdet,99,1.4046586516905502,536
0.7,CorrCUSUM,100,0.9854077950351955,405
0.7,DCC-CUSUM,100,6.118829799797332e-16,540
0.7,KCCA-logdet,100,1.3312690633288888,79
0.7,CorrCUSUM,101,1.3421811486155928,372
0.7,DCC-CUSUM,101,0.32813982150809445,385
0.7,KCCA-logdet,101,0.9238523087688288,540
0.7,CorrCUSUM,102,1.3163436206017203,358
0.7,DCC-CUSUM,102,0.026005703360881312,359
0.7,KCCA-logdet,102,0.5510807469474758,377
0.7,CorrCUSUM,103,0.7885374770556026,158
0.7,DCC-CUSUM,103,0.025284764101369,159
0.7,KCCA-logdet,103,1.698164676410604,540
0.7,CorrCUSUM,104,2.2414368576017183,340
0.7,DCC-CUSUM,104,1.2380018356122644,384
0.7,KCCA-logdet,104,0.9376048713848065,198
0.7,CorrCUSUM,105,1.6553154384936484,274
0.7,DCC-CUSUM,105,1.9546261860463702e-16,275
0.7,KCCA-logdet,105,0.969568909656525,513
0.7,CorrCUSUM,106,1.8032036256279564,347
0.7,DCC-CUSUM,106,0.36244025449085443,341
0.7,KCCA-logdet,106,0.8456391430074301,523
0.7,CorrCUSUM,107,0.6054118112233529,97
0.7,DCC-CUSUM,107,0.0,60
0.7,KCCA-logdet,107,0.9311999750316805,62
0.7,CorrCUSUM,108,1.8002639473983872,164
0.7,DCC-CUSUM,108,9.433195941354222e-17,165
0.7,KCCA-logdet,108,1.2763406837457485,61
0.7,CorrCUSUM,109,0.729024289118669,284
0.7,DCC-CUSUM,109,0.012902896396458712,285
0.7,KCCA-logdet,109,0.8782383392206069,539
0.7,CorrCUSUM,110,1.361652471600773,486
0.7,DCC-CUSUM,110,0.17453465522714182,487
0.7,KCCA-logdet,110,1.4599200062667035,441
0.7,CorrCUSUM,111,0.8093148498855259,178
0.7,DCC-CUSUM,111,0.014189627185922375,179
0.7,KCCA-logdet,111,0.6280349745524575,153
0.7,CorrCUSUM,112,0.6787748991596089,306
0.7,DCC-CUSUM,112,0.01798277603463048,425
0.7,KCCA-logdet,112,0.9559841043269415,61
0.7,CorrCUSUM,113,0.6084865316279787,324
0.7,DCC-CUSUM,113,0.09174761490576137,424
0.7,KCCA-logdet,113,1.2464362367554802,533
0.7,CorrCUSUM,114,1.3449870413363165,185
0.7,DCC-CUSUM,114,0.12032174463859173,204
0.7,KCCA-logdet,114,0.5022088165764509,125
0.7,CorrCUSUM,115,1.6265329874124264,444
0.7,DCC-CUSUM,115,0.041572500526066244,445
0.7,KCCA-logdet,115,0.9585024935823494,443
0.7,CorrCUSUM,116,0.6267402381969874,296
0.7,DCC-CUSUM,116,0.04433185070489717,297
0.7,KCCA-logdet,116,0.37832087330306313,414
0.7,CorrCUSUM,117,1.38995382723747,529
0.7,DCC-CUSUM,117,0.07842173562207679,515
0.7,KCCA-logdet,117,0.6702020999953506,538
0.7,CorrCUSUM,118,1.5031451231339163,330
0.7,DCC-CUSUM,118,0.17981644547406656,358
0.7,KCCA-logdet,118,1.1844332162633395,540
0.7,CorrCUSUM,119,0.7513324015711598,210
0.7,DCC-CUSUM,119,0.06770937174537703,212
0.7,KCCA-logdet,119,0.8128925032277098,537
0.7,CorrCUSUM,120,1.3909201240731883,250
0.7,DCC-CUSUM,120,0.029094184106862306,251
0.7,KCCA-logdet,120,0.8199707636125569,530
0.7,CorrCUSUM,121,1.6391083343916013,218
0.7,DCC-CUSUM,121,0.19240087424217414,442
0.7,KCCA-logdet,121,0.8508516320462821,64
0.7,CorrCUSUM,122,1.3840859243280834,206
0.7,DCC-CUSUM,122,1.60902561402078e-16,207
0.7,KCCA-logdet,122,0.9554560315910473,74
0.7,CorrCUSUM,123,0.974011882869403,203
0.7,DCC-CUSUM,123,1.9556176630972632e-15,199
0.7,KCCA-logdet,123,0.8910284143572919,61
0.7,CorrCUSUM,124,1.2609668019712683,239
0.7,DCC-CUSUM,124,0.11289634310530818,241
0.7,KCCA-logdet,124,0.5610337047339603,139
0.7,CorrCUSUM,125,1.3801982418766077,265
0.7,DCC-CUSUM,125,1.5750321151330171e-16,258
0.7,KCCA-logdet,125,1.0978175012699656,69
0.7,CorrCUSUM,126,1.3632632083873903,334
0.7,DCC-CUSUM,126,0.220438233134432,342
0.7,KCCA-logdet,126,1.4313737989708555,539
0.7,CorrCUSUM,127,1.0946671653448243,169
0.7,DCC-CUSUM,127,1.529707449949333e-16,540
0.7,KCCA-logdet,127,0.8075875882691405,539
0.7,CorrCUSUM,128,0.779426617567421,455
0.7,DCC-CUSUM,128,0.013158590075953816,456
0.7,KCCA-logdet,128,0.8690026270101319,526
0.7,CorrCUSUM,129,1.430380156822436,412
0.7,DCC-CUSUM,129,0.06405654592445595,413
0.7,KCCA-logdet,129,0.7165084714072849,531
0.7,CorrCUSUM,130,0.5312190319277517,245
0.7,DCC-CUSUM,130,5.74348491624495e-17,245
0.7,KCCA-logdet,130,0.6597318253189508,62
0.7,CorrCUSUM,131,1.3329647101614495,510
0.7,DCC-CUSUM,131,0.02287887830169693,511
0.7,KCCA-logdet,131,1.2048706629564383,526
0.7,CorrCUSUM,132,0.6549068832492653,535
0.7,DCC-CUSUM,132,1.3993990375462418e-16,536
0.7,KCCA-logdet,132,0.5609310469321718,62
0.7,CorrCUSUM,133,1.9951627252641722,334
0.7,DCC-CUSUM,133,0.16328727689011316,335
0.7,KCCA-logdet,133,1.016394552024695,497
0.7,CorrCUSUM,134,1.3606110848517692,345
0.7,DCC-CUSUM,134,8.583769223938374e-14,346
0.7,KCCA-logdet,134,1.5172794424620704,538
0.7,CorrCUSUM,135,1.4945452687704806,309
0.7,DCC-CUSUM,135,0.047809812998107874,328
0.7,KCCA-logdet,135,0.7466339234023378,62
0.7,CorrCUSUM,136,1.4369445937310397,364
0.7,DCC-CUSUM,136,0.10326706523129195,367
0.7,KCCA-logdet,136,1.0327965132008827,63
0.7,CorrCUSUM,137,1.3911569715900678,339
0.7,DCC-CUSUM,137,0.472014248010095,278
0.7,KCCA-logdet,137,1.842371593453948,526
0.7,CorrCUSUM,138,0.7375249496905666,539
0.7,DCC-CUSUM,138,0.10613495756958835,326
0.7,KCCA-logdet,138,1.068835769769975,256
0.7,CorrCUSUM,139,1.522724242098133,158
0.7,DCC-CUSUM,139,0.035278094328924266,159
0.7,KCCA-logdet,139,1.0073304445398714,527
0.7,CorrCUSUM,140,1.0172780261473706,131
0.7,DCC-CUSUM,140,0.005071958903935417,137
0.7,KCCA-logdet,140,0.6817337301926346,537
0.7,CorrCUSUM,141,1.286010661212125,382
0.7,DCC-CUSUM,141,0.01798376938966934,382
0.7,KCCA-logdet,141,1.9798606045281513,537
0.7,CorrCUSUM,142,1.0158892906514376,125
0.7,DCC-CUSUM,142,0.15930254315106712,126
0.7,KCCA-logdet,142,1.1342148087891062,534
0.7,CorrCUSUM,143,1.083750575030308,177
0.7,DCC-CUSUM,143,1.778993108459595e-16,177
0.7,KCCA-logdet,143,0.9511806100032609,60
0.7,CorrCUSUM,144,0.9148268944494874,463
0.7,DCC-CUSUM,144,2.2039118445566317e-16,468
0.7,KCCA-logdet,144,0.8299145825521548,438
0.7,CorrCUSUM,145,1.4806844663379608,267
0.7,DCC-CUSUM,145,0.22847302214383344,268
0.7,KCCA-logdet,145,0.7990783355279139,425
0.7,CorrCUSUM,146,0.9516377248784481,375
0.7,DCC-CUSUM,146,0.08146565774284305,376
0.7,KCCA-logdet,146,1.22571399828348,509
0.7,CorrCUSUM,147,0.9435161900015707,275
0.7,DCC-CUSUM,147,0.04841313960649124,277
0.7,KCCA-logdet,147,0.8577610674393044,537
0.7,CorrCUSUM,148,0.9277660726054497,455
0.7,DCC-CUSUM,148,0.009777744657297645,455
0.7,KCCA-logdet,148,1.057099055483277,61
0.7,CorrCUSUM,149,1.2067054979323166,431
0.7,DCC-CUSUM,149,8.696670132119358e-17,295
0.7,KCCA-logdet,149,1.040992651681878,67
0.7,CorrCUSUM,150,1.1477072602544915,339
0.7,DCC-CUSUM,150,1.7308356517019306e-16,340
0.7,KCCA-logdet,150,0.9396558166193071,63
0.7,CorrCUSUM,151,1.2217604215313886,355
0.7,DCC-CUSUM,151,0.02397967142608779,355
0.7,KCCA-logdet,151,1.0581621669842234,507
0.7,CorrCUSUM,152,1.519264167841577,229
0.7,DCC-CUSUM,152,0.12073384243412819,230
0.7,KCCA-logdet,152,0.9284687343806586,514
0.7,CorrCUSUM,153,1.360756020710666,249
0.7,DCC-CUSUM,153,0.3294352574205282,260
0.7,KCCA-logdet,153,0.754747752347623,75
0.7,CorrCUSUM,154,2.431869076609492,291
0.7,DCC-CUSUM,154,0.9007999364190536,310
0.7,KCCA-logdet,154,0.7547050637197229,535
0.7,CorrCUSUM,155,1.0808714747385348,170
0.7,DCC-CUSUM,155,0.12381888911024996,177
0.7,KCCA-logdet,155,0.9155983996791135,183
0.7,CorrCUSUM,156,0.8754978401064736,452
0.7,DCC-CUSUM,156,8.15843973306311e-17,138
0.7,KCCA-logdet,156,0.8225578297208755,388
0.7,CorrCUSUM,157,0.84364855283918,79
0.7,DCC-CUSUM,157,0.07628437158132863,87
0.7,KCCA-logdet,157,0.6655059992865012,85
0.7,CorrCUSUM,158,1.247144216023208,239
0.7,DCC-CUSUM,158,0.10145634161052132,242
0.7,KCCA-logdet,158,1.1660606988633293,513
0.7,CorrCUSUM,159,1.831901140830656,209
0.7,DCC-CUSUM,159,0.07316144295480581,210
0.7,KCCA-logdet,159,1.126837788016526,526
0.7,CorrCUSUM,160,0.9079812940162614,519
0.7,DCC-CUSUM,160,0.011074625371348243,520
0.7,KCCA-logdet,160,0.8184404752292046,462
0.7,CorrCUSUM,161,1.0568507277161152,375
0.7,DCC-CUSUM,161,0.028532393696260722,376
0.7,KCCA-logdet,161,0.6803952955522519,466
0.7,CorrCUSUM,162,0.779908648810772,206
0.7,DCC-CUSUM,162,1.0382181118637604e-16,406
0.7,KCCA-logdet,162,0.941626384132376,64
0.7,CorrCUSUM,163,1.2046979885967553,330
0.7,DCC-CUSUM,163,0.006529200657886859,331
0.7,KCCA-logdet,163,1.1960319758476536,534
0.7,CorrCUSUM,164,1.0740946236846816,105
0.7,DCC-CUSUM,164,0.044635523824113475,100
0.7,KCCA-logdet,164,0.8987100088314091,68
0.7,CorrCUSUM,165,0.7686985529961905,340
0.7,DCC-CUSUM,165,0.028604106922233738,341
0.7,KCCA-logdet,165,1.0245979384733412,412
0.7,CorrCUSUM,166,1.4006113313201685,405
0.7,DCC-CUSUM,166,2.056606682709659e-16,413
0.7,KCCA-logdet,166,1.42278374834835,69
0.7,CorrCUSUM,167,1.3731381580510895,380
0.7,DCC-CUSUM,167,0.033435694310936355,362
0.7,KCCA-logdet,167,1.0070689988687198,472
0.7,CorrCUSUM,168,1.2886643174341725,227
0.7,DCC-CUSUM,168,3.0975956188317188e-15,253
0.7,KCCA-logdet,168,0.900506249085167,524
0.7,CorrCUSUM,169,1.1642986175543968,504
0.7,DCC-CUSUM,169,1.3544284713093053e-16,505
0.7,KCCA-logdet,169,0.9953716244869414,80
0.7,CorrCUSUM,170,1.667602742357598,341
0.7,DCC-CUSUM,170,2.009865621738985e-16,342
0.7,KCCA-logdet,170,0.5986857447977658,416
0.7,CorrCUSUM,171,0.5793983340680209,109
0.7,DCC-CUSUM,171,6.203813547016741e-17,110
0.7,KCCA-logdet,171,0.5205393243045224,75
0.7,CorrCUSUM,172,0.7523309211089508,85
0.7,DCC-CUSUM,172,9.461523857094024e-17,354
0.7,KCCA-logdet,172,0.6422311523643347,539
0.7,CorrCUSUM,173,0.6063360008047859,128
0.7,DCC-CUSUM,173,0.013175216024697038,129
0.7,KCCA-logdet,173,0.633739503812131,537
0.7,CorrCUSUM,174,1.1857375920912014,390
0.7,DCC-CUSUM,174,1.4319761406470146e-16,153
0.7,KCCA-logdet,174,1.033565715678002,520
0.7,CorrCUSUM,175,1.3593090924199276,187
0.7,DCC-CUSUM,175,1.3825793375757341e-16,188
0.7,KCCA-logdet,175,0.47394732415784896,85
0.7,CorrCUSUM,176,1.7813044660323727,407
0.7,DCC-CUSUM,176,0.35284369522902037,419
0.7,KCCA-logdet,176,0.9236721748448741,63
0.7,CorrCUSUM,177,0.6601003591741328,296
0.7,DCC-CUSUM,177,0.034030345886741656,454
0.7,KCCA-logdet,177,1.1213656338561466,536
0.7,CorrCUSUM,178,1.352120398519771,127
0.7,DCC-CUSUM,178,0.4635828104908606,136
0.7,KCCA-logdet,178,1.2054038029188074,132
0.7,CorrCUSUM,179,1.1954111713169007,126
0.7,DCC-CUSUM,179,0.06937421601181835,127
0.7,KCCA-logdet,179,0.8884604211745408,540
0.7,CorrCUSUM,180,1.194873342207456,333
0.7,DCC-CUSUM,180,0.049993634950451414,335
0.7,KCCA-logdet,180,0.9266643718005482,488
0.7,CorrCUSUM,181,1.142070663379756,170
0.7,DCC-CUSUM,181,0.025417694156159777,171
0.7,KCCA-logdet,181,1.137280965251359,60
0.7,CorrCUSUM,182,0.6289507432698053,395
0.7,DCC-CUSUM,182,0.01647134762468629,396
0.7,KCCA-logdet,182,0.6850540240406316,537
0.7,CorrCUSUM,183,0.6656880102217034,367
0.7,DCC-CUSUM,183,0.02684578564919825,368
0.7,KCCA-logdet,183,0.7261945892937363,534
0.7,CorrCUSUM,184,1.2332723322414005,162
0.7,DCC-CUSUM,184,0.07970205591916951,168
0.7,KCCA-logdet,184,0.9074131549644051,174
0.7,CorrCUSUM,185,1.2311909812379427,254
0.7,DCC-CUSUM,185,0.07686980242754149,253
0.7,KCCA-logdet,185,0.9721985892344401,536
0.7,CorrCUSUM,186,1.2912174975219495,483
0.7,DCC-CUSUM,186,0.03274511029782904,484
0.7,KCCA-logdet,186,0.8166217319241816,75
0.7,CorrCUSUM,187,0.9960936134542198,69
0.7,DCC-CUSUM,187,0.038221139943394336,68
0.7,KCCA-logdet,187,0.8304654252284839,533
0.7,CorrCUSUM,188,1.4810947674605415,503
0.7,DCC-CUSUM,188,8.64463175090534e-14,504
0.7,KCCA-logdet,188,2.082979591325202,73
0.7,CorrCUSUM,189,2.147536677989721,287
0.7,DCC-CUSUM,189,2.5551779997301826e-16,288
0.7,KCCA-logdet,189,1.5380280552903705,92
0.7,CorrCUSUM,190,1.0177648917709887,146
0.7,DCC-CUSUM,190,0.09303464035282348,147
0.7,KCCA-logdet,190,0.4584215470869215,61
0.7,CorrCUSUM,191,0.9006184520732619,400
0.7,DCC-CUSUM,191,6.458764788674962e-17,400
0.7,KCCA-logdet,191,1.207483418950996,496
0.7,CorrCUSUM,192,2.045701880446805,279
0.7,DCC-CUSUM,192,0.10784445971860418,281
0.7,KCCA-logdet,192,0.7166768704367192,415
0.7,CorrCUSUM,193,1.4330077134627712,198
0.7,DCC-CUSUM,193,0.018048850048523333,199
0.7,KCCA-logdet,193,0.7435928415043576,517
0.7,CorrCUSUM,194,1.9104399273822297,424
0.7,DCC-CUSUM,194,0.09383614228762892,427
0.7,KCCA-logdet,194,1.72197640633839,540
0.7,CorrCUSUM,195,1.8050455061021764,277
0.7,DCC-CUSUM,195,0.3653633741919305,283
0.7,KCCA-logdet,195,1.0633525281474916,60
0.7,CorrCUSUM,196,1.284349935948812,346
0.7,DCC-CUSUM,196,0.08214765455373294,347
0.7,KCCA-logdet,196,1.1727884976335914,62
0.7,CorrCUSUM,197,0.8222054885825524,225
0.7,DCC-CUSUM,197,0.08811288863888019,234
0.7,KCCA-logdet,197,0.7754423579956348,539
0.7,CorrCUSUM,198,1.5335562981061397,236
0.7,DCC-CUSUM,198,0.10590513538188769,227
0.7,KCCA-logdet,198,1.3864829638930376,70
0.7,CorrCUSUM,199,0.8819384243524335,405
0.7,DCC-CUSUM,199,9.064933036736789e-17,406
0.7,KCCA-logdet,199,0.7847686445790172,113
0.85,CorrCUSUM,0,0.7478336731791281,395
0.85,DCC-CUSUM,0,5.156119747338016e-14,396
0.85,KCCA-logdet,0,0.8764707310997942,306
0.85,CorrCUSUM,1,0.6297024237127828,207
0.85,DCC-CUSUM,1,0.01936307158718082,208
0.85,KCCA-logdet,1,0.6742802016138945,477
0.85,CorrCUSUM,2,1.0650471539766708,410
0.85,DCC-CUSUM,2,0.0947144852405165,60
0.85,KCCA-logdet,2,2.2209657206894833,523
0.85,CorrCUSUM,3,1.4363034187435058,450
0.85,DCC-CUSUM,3,1.3526579765755677e-16,447
0.85,KCCA-logdet,3,0.6613306434712375,537
0.85,CorrCUSUM,4,1.4792498582476175,357
0.85,DCC-CUSUM,4,0.028696373620632293,365
0.85,KCCA-logdet,4,1.237271631209813,119
0.85,CorrCUSUM,5,0.855500417434648,90
0.85,DCC-CUSUM,5,0.04281432311736367,91
0.85,KCCA-logdet,5,1.0675907599807604,75
0.85,CorrCUSUM,6,1.2992531804534986,198
0.85,DCC-CUSUM,6,0.004610355074768949,199
0.85,KCCA-logdet,6,0.8352265747800639,338
0.85,CorrCUSUM,7,1.3246366357883161,182
0.85,DCC-CUSUM,7,0.06012406519955424,186
0.85,KCCA-logdet,7,1.6346130682199171,540
0.85,CorrCUSUM,8,1.3766843745786896,257
0.85,DCC-CUSUM,8,0.10546657645212006,258
0.85,KCCA-logdet,8,0.9266830295704749,482
0.85,CorrCUSUM,9,1.5913310083029288,126
0.85,DCC-CUSUM,9,0.21266842312628506,128
0.85,KCCA-logdet,9,1.8538030204926574,528
0.85,CorrCUSUM,10,1.9264362416591743,200
0.85,DCC-CUSUM,10,0.3000881516343472,202
0.85,KCCA-logdet,10,0.7684233543414271,532
0.85,CorrCUSUM,11,1.3763321252351395,280
0.85,DCC-CUSUM,11,0.1657519420604222,263
0.85,KCCA-logdet,11,1.5676821539511296,60
0.85,CorrCUSUM,12,0.6691256277124908,470
0.85,DCC-CUSUM,12,0.032403856466179,471
0.85,KCCA-logdet,12,1.3281777615084207,60
0.85,CorrCUSUM,13,1.2295538403203021,399
0.85,DCC-CUSUM,13,0.06332714144676414,400
0.85,KCCA-logdet,13,0.8443838634357786,227
0.85,CorrCUSUM,14,0.9525812203924905,83
0.85,DCC-CUSUM,14,1.4064810164811924e-16,475
0.85,KCCA-logdet,14,1.3704093978289742,60
0.85,CorrCUSUM,15,0.9655879713290255,474
0.85,DCC-CUSUM,15,0.03873223561634284,475
0.85,KCCA-logdet,15,1.4913387641425102,157
0.85,CorrCUSUM,16,1.0370348228563753,239
0.85,DCC-CUSUM,16,0.03420396150323554,240
0.85,KCCA-logdet,16,0.8814927392026608,83
0.85,CorrCUSUM,17,1.4401691345535141,428
0.85,DCC-CUSUM,17,0.10586878928923428,436
0.85,KCCA-logdet,17,1.308526517654435,532
0.85,CorrCUSUM,18,1.2889636948195882,423
0.85,DCC-CUSUM,18,0.1051384369661435,427
0.85,KCCA-logdet,18,2.163683965643375,70
0.85,CorrCUSUM,19,1.1712524051644508,228
0.85,DCC-CUSUM,19,0.0,60
0.85,KCCA-logdet,19,0.8183943645975855,181
0.85,CorrCUSUM,20,1.3105622221708086,365
0.85,DCC-CUSUM,20,0.1989328635854838,367
0.85,KCCA-logdet,20,0.8741989577449127,516
0.85,CorrCUSUM,21,1.2063107356469969,186
0.85,DCC-CUSUM,21,1.778993108459595e-16,405
0.85,KCCA-logdet,21,0.6852313238938454,481
0.85,CorrCUSUM,22,1.938478485568388,296
0.85,DCC-CUSUM,22,0.18137291477731743,302
0.85,KCCA-logdet,22,2.460329405003461,537
0.85,CorrCUSUM,23,1.2796649028143128,121
0.85,DCC-CUSUM,23,0.0186191074185091,225
0.85,KCCA-logdet,23,1.8429359854079557,538
0.85,CorrCUSUM,24,1.1055566734188733,371
0.85,DCC-CUSUM,24,1.6472683002695133e-16,372
0.85,KCCA-logdet,24,0.8766943457955416,72
0.85,CorrCUSUM,25,1.5026371774507912,347
0.85,DCC-CUSUM,25,0.1140958963885107,348
0.85,KCCA-logdet,25,1.3288663613812066,60
0.85,CorrCUSUM,26,0.7395159325807903,107
0.85,DCC-CUSUM,26,3.5806485495110315e-16,495
0.85,KCCA-logdet,26,0.9110531455670097,84
0.85,CorrCUSUM,27,0.9882634431385987,526
0.85,DCC-CUSUM,27,2.2024954487696416e-17,527
0.85,KCCA-logdet,27,1.059598563675243,124
0.85,CorrCUSUM,28,1.0463377962872233,331
0.85,DCC-CUSUM,28,0.05865724734803926,332
0.85,KCCA-logdet,28,0.9313499317331524,540
0.85,CorrCUSUM,29,2.1612094173332212,254
0.85,DCC-CUSUM,29,0.018088573061906362,255
0.85,KCCA-logdet,29,1.3010628146846424,523
0.85,CorrCUSUM,30,0.691883326687065,270
0.85,DCC-CUSUM,30,0.03374702658049627,540
0.85,KCCA-logdet,30,1.513016144123069,498
0.85,CorrCUSUM,31,0.9792599767075759,407
0.85,DCC-CUSUM,31,1.0715034128580282e-16,504
0.85,KCCA-logdet,31,1.8270239638535353,528
0.85,CorrCUSUM,32,1.449310471827756,447
0.85,DCC-CUSUM,32,0.13567859613085123,255
0.85,KCCA-logdet,32,1.1825525902009557,145
0.85,CorrCUSUM,33,1.5205081115096375,514
0.85,DCC-CUSUM,33,0.5299350182941566,80
0.85,KCCA-logdet,33,0.8673829203966293,521
0.85,CorrCUSUM,34,1.4459000164845148,134
0.85,DCC-CUSUM,34,1.515543492079432e-16,135
0.85,KCCA-logdet,34,0.9110434408686765,247
0.85,CorrCUSUM,35,0.9894681365648075,79
0.85,DCC-CUSUM,35,0.042029057155057156,107
0.85,KCCA-logdet,35,0.7842137242624084,126
0.85,CorrCUSUM,36,1.3295141129578423,230
0.85,DCC-CUSUM,36,1.3965662459722616e-16,524
0.85,KCCA-logdet,36,0.886279925372831,67
0.85,CorrCUSUM,37,0.816805056666525,372
0.85,DCC-CUSUM,37,1.3739039133804196e-16,239
0.85,KCCA-logdet,37,1.4609074418117791,169
0.85,CorrCUSUM,38,1.2302660973863964,410
0.85,DCC-CUSUM,38,0.19159913872742618,414
0.85,KCCA-logdet,38,1.1195006608720053,481
0.85,CorrCUSUM,39,1.439348160534887,454
0.85,DCC-CUSUM,39,0.1733400452480115,460
0.85,KCCA-logdet,39,1.9372220042631147,64
0.85,CorrCUSUM,40,1.1703602139174292,408
0.85,DCC-CUSUM,40,0.096075087759732,410
0.85,KCCA-logdet,40,1.6446370696448083,68
0.85,CorrCUSUM,41,1.0095196953141616,312
0.85,DCC-CUSUM,41,0.0829504655516877,215
0.85,KCCA-logdet,41,0.8862852077102905,451
0.85,CorrCUSUM,42,1.1247642051892277,124
0.85,DCC-CUSUM,42,3.286038225817086e-16,492
0.85,KCCA-logdet,42,1.0458449778501209,72
0.85,CorrCUSUM,43,1.234783990729804,381
0.85,DCC-CUSUM,43,1.0707952149645332e-16,382
0.85,KCCA-logdet,43,0.8464057846100773,82
0.85,CorrCUSUM,44,1.309107705340392,262
0.85,DCC-CUSUM,44,1.5580353656891355e-16,281
0.85,KCCA-logdet,44,0.8774433606336487,501
0.85,CorrCUSUM,45,0.7697190881341025,251
0.85,DCC-CUSUM,45,0.05137460315399224,252
0.85,KCCA-logdet,45,1.127382947976587,531
0.85,CorrCUSUM,46,1.1623468267878982,522
0.85,DCC-CUSUM,46,6.118829799797332e-16,540
0.85,KCCA-logdet,46,1.5401886951077208,63
0.85,CorrCUSUM,47,1.4896735821626734,361
0.85,DCC-CUSUM,47,1.6617863570861622e-16,362
0.85,KCCA-logdet,47,0.5935305093728107,527
0.85,CorrCUSUM,48,1.4820632327838246,195
0.85,DCC-CUSUM,48,0.03386522414343849,132
0.85,KCCA-logdet,48,0.8897747175719812,67
0.85,CorrCUSUM,49,1.6025383085619163,489
0.85,DCC-CUSUM,49,0.10591604591418015,490
0.85,KCCA-logdet,49,0.6586275003412984,87
0.85,CorrCUSUM,50,0.8180442483697496,175
0.85,DCC-CUSUM,50,8.49837472194074e-17,260
0.85,KCCA-logdet,50,1.095952669513121,534
0.85,CorrCUSUM,51,0.9979992006014908,450
0.85,DCC-CUSUM,51,1.2846709788000418e-16,451
0.85,KCCA-logdet,51,0.8349899087963931,205
0.85,CorrCUSUM,52,0.813185888004556,534
0.85,DCC-CUSUM,52,0.04370791975245344,536
0.85,KCCA-logdet,52,1.884285709441646,531
0.85,CorrCUSUM,53,0.835540054742001,175
0.85,DCC-CUSUM,53,9.822352067028768e-17,176
0.85,KCCA-logdet,53,1.2202920687988204,440
0.85,CorrCUSUM,54,1.0402924255191421,455
0.85,DCC-CUSUM,54,0.08602845591723715,456
0.85,KCCA-logdet,54,0.8600537608502967,333
0.85,CorrCUSUM,55,1.709094294897222,204
0.85,DCC-CUSUM,55,0.12650881856763563,205
0.85,KCCA-logdet,55,1.2824760576333214,520
0.85,CorrCUSUM,56,0.9857142046418709,436
0.85,DCC-CUSUM,56,0.0921939579338531,502
0.85,KCCA-logdet,56,1.4763478041461138,482
0.85,CorrCUSUM,57,1.2023811411891463,275
0.85,DCC-CUSUM,57,1.3512415807885776e-16,457
0.85,KCCA-logdet,57,1.4185431101778943,531
0.85,CorrCUSUM,58,0.9935209384081302,346
0.85,DCC-CUSUM,58,0.04456614301891565,347
0.85,KCCA-logdet,58,1.5970274649716418,60
0.85,CorrCUSUM,59,1.922650320367747,222
0.85,DCC-CUSUM,59,0.3984868927825886,223
0.85,KCCA-logdet,59,0.937178137183434,60
0.85,CorrCUSUM,60,0.7576275345856018,137
0.85,DCC-CUSUM,60,0.04867441603457292,456
0.85,KCCA-logdet,60,0.6897928208433048,60
0.85,CorrCUSUM,61,1.0781559950183006,312
0.85,DCC-CUSUM,61,0.23474440094252783,316
0.85,KCCA-logdet,61,1.40843940670223,60
0.85,CorrCUSUM,62,1.221940668490917,216
0.85,DCC-CUSUM,62,0.20222851873454345,226
0.85,KCCA-logdet,62,1.626042905708224,540
0.85,CorrCUSUM,63,1.086056852769284,203
0.85,DCC-CUSUM,63,1.2011036273676245e-16,532
0.85,KCCA-logdet,63,0.8949856329506936,83
0.85,CorrCUSUM,64,0.7990468679637587,412
0.85,DCC-CUSUM,64,1.6855109865182468e-16,536
0.85,KCCA-logdet,64,0.8864762028186924,524
0.85,CorrCUSUM,65,1.0026595269412153,192
0.85,DCC-CUSUM,65,1.0821263812604542e-16,193
0.85,KCCA-logdet,65,0.7051096345386838,143
0.85,CorrCUSUM,66,1.386276131980179,120
0.85,DCC-CUSUM,66,1.529707449949333e-16,540
0.85,KCCA-logdet,66,1.7770843595875974,540
0.85,CorrCUSUM,67,1.1066521193063752,470
0.85,DCC-CUSUM,67,0.02117385762630281,471
0.85,KCCA-logdet,67,1.2557332202011855,503
0.85,CorrCUSUM,68,1.341632568277504,220
0.85,DCC-CUSUM,68,0.34553596040865775,245
0.85,KCCA-logdet,68,1.247047950084592,538
0.85,CorrCUSUM,69,0.8621477647852509,481
0.85,DCC-CUSUM,69,2.8781162391639304e-16,522
0.85,KCCA-logdet,69,1.4524363154859865,73
0.85,CorrCUSUM,70,1.862083120714981,196
0.85,DCC-CUSUM,70,0.04097716872568204,199
0.85,KCCA-logdet,70,1.2687995226282651,539
0.85,CorrCUSUM,71,0.9291297081846369,389
0.85,DCC-CUSUM,71,0.0020195419775161367,390
0.85,KCCA-logdet,71,1.443667792003691,60
0.85,CorrCUSUM,72,0.749702469802358,114
0.85,DCC-CUSUM,72,0.02136559435823491,115
0.85,KCCA-logdet,72,1.6657221111888485,539
0.85,CorrCUSUM,73,0.9200912750183807,297
0.85,DCC-CUSUM,73,0.05037242632973159,298
0.85,KCCA-logdet,73,1.6818615797762337,501
0.85,CorrCUSUM,74,0.9972365103157236,336
0.85,DCC-CUSUM,74,0.01277252061349799,337
0.85,KCCA-logdet,74,1.103551577242404,528
0.85,CorrCUSUM,75,0.6314580665977229,94
0.85,DCC-CUSUM,75,0.022158197633069244,460
0.85,KCCA-logdet,75,1.2078354434428662,110
0.85,CorrCUSUM,76,1.8634362313918889,317
0.85,DCC-CUSUM,76,0.07035459402707343,318
0.85,KCCA-logdet,76,1.210933904431306,111
0.85,CorrCUSUM,77,0.8929711428542104,170
0.85,DCC-CUSUM,77,0.09485078221218535,340
0.85,KCCA-logdet,77,1.9714795575908504,71
0.85,CorrCUSUM,78,0.9314754823832649,254
0.85,DCC-CUSUM,78,0.04513778250809458,255
0.85,KCCA-logdet,78,1.1859132890774016,516
0.85,CorrCUSUM,79,1.522203615048724,345
0.85,DCC-CUSUM,79,0.30367633003978106,346
0.85,KCCA-logdet,79,0.7596115427049062,90
0.85,CorrCUSUM,80,1.317360363937241,155
0.85,DCC-CUSUM,80,2.770470159352681e-16,436
0.85,KCCA-logdet,80,1.1712287324112203,540
0.85,CorrCUSUM,81,0.5634469721928864,258
0.85,DCC-CUSUM,81,5.920534389618716e-17,259
0.85,KCCA-logdet,81,1.9701265954288594,536
0.85,CorrCUSUM,82,1.4881848710437748,317
0.85,DCC-CUSUM,82,0.13237402293737474,318
0.85,KCCA-logdet,82,0.8300370730337615,539
0.85,CorrCUSUM,83,1.1782828690163765,362
0.85,DCC-CUSUM,83,0.1293465239862245,377
0.85,KCCA-logdet,83,1.4016874806814623,147
0.85,CorrCUSUM,84,1.1719102157802268,470
0.85,DCC-CUSUM,84,0.08105593611384192,115
0.85,KCCA-logdet,84,1.1803202913238537,65
0.85,CorrCUSUM,85,2.6091852476362125,214
0.85,DCC-CUSUM,85,1.1782072814019404,228
0.85,KCCA-logdet,85,0.6908094488375037,539
0.85,CorrCUSUM,86,1.028025919702079,490
0.85,DCC-CUSUM,86,0.07036210035076024,491
0.85,KCCA-logdet,86,2.3389761667033553,61
0.85,CorrCUSUM,87,1.6344856353742792,150
0.85,DCC-CUSUM,87,0.22263371309320373,151
0.85,KCCA-logdet,87,1.7060874463717852,157
0.85,CorrCUSUM,88,0.6944693206490313,101
0.85,DCC-CUSUM,88,0.025499484615054895,102
0.85,KCCA-logdet,88,0.8787169806808882,93
0.85,CorrCUSUM,89,0.8723847176448127,125
0.85,DCC-CUSUM,89,0.03525538151460341,248
0.85,KCCA-logdet,89,0.5439366220129178,278
0.85,CorrCUSUM,90,1.6825995839465726,173
0.85,DCC-CUSUM,90,0.1334858069997937,176
0.85,KCCA-logdet,90,0.9431385145097766,171
0.85,CorrCUSUM,91,1.1372502840549341,123
0.85,DCC-CUSUM,91,0.011072230459026581,124
0.85,KCCA-logdet,91,1.171604405857327,61
0.85,CorrCUSUM,92,1.3880303091436579,171
0.85,DCC-CUSUM,92,1.552369782541175e-16,172
0.85,KCCA-logdet,92,0.7895433610656197,65
0.85,CorrCUSUM,93,1.1529891796153668,96
0.85,DCC-CUSUM,93,0.16734160986823968,110
0.85,KCCA-logdet,93,1.6230100894718653,96
0.85,CorrCUSUM,94,1.0306509823265,474
0.85,DCC-CUSUM,94,1.298834936669943e-16,475
0.85,KCCA-logdet,94,0.6881212440028469,145
0.85,CorrCUSUM,95,1.2164220429165593,268
0.85,DCC-CUSUM,95,0.3460818199239688,247
0.85,KCCA-logdet,95,1.3909795346269787,483
0.85,CorrCUSUM,96,1.2346405247268128,133
0.85,DCC-CUSUM,96,0.12835340846800225,134
0.85,KCCA-logdet,96,1.0010472183720454,279
0.85,CorrCUSUM,97,1.2812054452500599,399
0.85,DCC-CUSUM,97,0.05565378861571096,400
0.85,KCCA-logdet,97,1.255511886228984,233
0.85,CorrCUSUM,98,0.9401810322217349,185
0.85,DCC-CUSUM,98,0.0936795604831201,201
0.85,KCCA-logdet,98,1.4859855502862653,540
0.85,CorrCUSUM,99,0.8100921183886514,524
0.85,DCC-CUSUM,99,7.053651019210814e-17,80
0.85,KCCA-logdet,99,0.9124293725921987,238
0.85,CorrCUSUM,100,0.8144881289445459,242
0.85,DCC-CUSUM,100,9.914770508930863e-17,304
0.85,KCCA-logdet,100,1.0827885234651364,530
0.85,CorrCUSUM,101,0.7468753767463211,536
0.85,DCC-CUSUM,101,0.02943926004349856,537
0.85,KCCA-logdet,101,1.1374936651498389,100
0.85,CorrCUSUM,102,0.9207339827919694,327
0.85,DCC-CUSUM,102,8.583358469160147e-17,517
0.85,KCCA-logdet,102,0.8338859210980993,74
0.85,CorrCUSUM,103,0.8560257692910909,170
0.85,DCC-CUSUM,103,6.118829799797332e-16,540
0.85,KCCA-logdet,103,0.4958114177474309,494
0.85,CorrCUSUM,104,1.1055920064552596,199
0.85,DCC-CUSUM,104,1.356907163936538e-16,195
0.85,KCCA-logdet,104,1.5960529480589074,60
0.85,CorrCUSUM,105,1.1565607931927402,270
0.85,DCC-CUSUM,105,0.13646345365310214,272
0.85,KCCA-logdet,105,2.324260258203713,470
0.85,CorrCUSUM,106,1.1324600134353717,319
0.85,DCC-CUSUM,106,0.12653084321162816,331
0.85,KCCA-logdet,106,0.769674239016535,519
0.85,CorrCUSUM,107,1.6805097374420126,384
0.85,DCC-CUSUM,107,1.7549143800807627e-16,385
0.85,KCCA-logdet,107,1.07419033048575,525
0.85,CorrCUSUM,108,2.4492882833545613,240
0.85,DCC-CUSUM,108,0.24654644582526855,241
0.85,KCCA-logdet,108,1.13138942364586,506
0.85,CorrCUSUM,109,0.996032927975146,293
0.85,DCC-CUSUM,109,1.2350971262553874e-16,294
0.85,KCCA-logdet,109,1.2011933183227141,540
0.85,CorrCUSUM,110,1.318696412032378,294
0.85,DCC-CUSUM,110,3.059414899898666e-16,540
0.85,KCCA-logdet,110,0.8567268280516268,428
0.85,CorrCUSUM,111,1.334177920524072,538
0.85,DCC-CUSUM,111,0.07463996235762022,540
0.85,KCCA-logdet,111,0.6666751654220364,540
0.85,CorrCUSUM,112,0.9380833789296804,346
0.85,DCC-CUSUM,112,0.07028527410372033,492
0.85,KCCA-logdet,112,1.2419597525865538,540
0.85,CorrCUSUM,113,1.0477102746849845,507
0.85,DCC-CUSUM,113,1.2124347936635457e-16,507
0.85,KCCA-logdet,113,1.4231876014352565,526
0.85,CorrCUSUM,114,0.9730990763519266,364
0.85,DCC-CUSUM,114,1.6352289360800973e-16,364
0.85,KCCA-logdet,114,0.862135677883431,539
0.85,CorrCUSUM,115,1.342755219232361,401
0.85,DCC-CUSUM,115,0.03549228147806762,402
0.85,KCCA-logdet,115,1.0597392086348523,186
0.85,CorrCUSUM,116,1.6260745273817705,272
0.85,DCC-CUSUM,116,3.059414899898666e-16,538
0.85,KCCA-logdet,116,1.2268415343071746,536
0.85,CorrCUSUM,117,0.9106759426233284,409
0.85,DCC-CUSUM,117,0.03298151691882226,410
0.85,KCCA-logdet,117,1.1111846062819324,535
0.85,CorrCUSUM,118,1.5545554692784527,348
0.85,DCC-CUSUM,118,0.0977644101295556,271
0.85,KCCA-logdet,118,0.5505257938476097,532
0.85,CorrCUSUM,119,1.481362202731784,169
0.85,DCC-CUSUM,119,0.26953860542232827,170
0.85,KCCA-logdet,119,0.9754041050673011,63
0.85,CorrCUSUM,120,1.7111092813159274,239
0.85,DCC-CUSUM,120,0.18281398060607001,233
0.85,KCCA-logdet,120,0.9618936112874362,440
0.85,CorrCUSUM,121,0.884920831891193,79
0.85,DCC-CUSUM,121,0.05979425361640419,80
0.85,KCCA-logdet,121,0.9093780670334297,84
0.85,CorrCUSUM,122,1.07825282725166,540
0.85,DCC-CUSUM,122,0.007205986102321141,539
0.85,KCCA-logdet,122,0.7230656743406916,121
0.85,CorrCUSUM,123,1.0178154782883244,158
0.85,DCC-CUSUM,123,0.13530428935965616,170
0.85,KCCA-logdet,123,0.8346573100628345,537
0.85,CorrCUSUM,124,1.5136334809008931,422
0.85,DCC-CUSUM,124,3.059414899898666e-16,540
0.85,KCCA-logdet,124,1.1767560993304353,452
0.85,CorrCUSUM,125,1.0751283733487917,63
0.85,DCC-CUSUM,125,0.0407504695028796,64
0.85,KCCA-logdet,125,1.372465069145154,61
0.85,CorrCUSUM,126,1.3094826313271868,381
0.85,DCC-CUSUM,126,0.009473935336160678,382
0.85,KCCA-logdet,126,1.1225298658739813,83
0.85,CorrCUSUM,127,1.9156041668428594,370
0.85,DCC-CUSUM,127,0.23359741471472922,396
0.85,KCCA-logdet,127,1.1530662015992406,394
0.85,CorrCUSUM,128,2.404848618019472,375
0.85,DCC-CUSUM,128,0.4861131759629882,388
0.85,KCCA-logdet,128,0.8086085610501238,286
0.85,CorrCUSUM,129,0.890095486737361,478
0.85,DCC-CUSUM,129,0.06232356574831434,481
0.85,KCCA-logdet,129,1.0973709488028376,540
0.85,CorrCUSUM,130,1.8174846526677366,304
0.85,DCC-CUSUM,130,0.03976304287502581,307
0.85,KCCA-logdet,130,0.7791949601599645,207
0.85,CorrCUSUM,131,0.8407041103300454,540
0.85,DCC-CUSUM,131,3.133067480822153e-16,540
0.85,KCCA-logdet,131,1.5886978273648436,300
0.85,CorrCUSUM,132,0.8576157008763406,284
0.85,DCC-CUSUM,132,1.0954050917634866e-16,285
0.85,KCCA-logdet,132,1.1363071548122141,488
0.85,CorrCUSUM,133,0.7323039848133909,406
0.85,DCC-CUSUM,133,0.03133172838487284,407
0.85,KCCA-logdet,133,1.323011503452014,539
0.85,CorrCUSUM,134,1.0473441673659087,324
0.85,DCC-CUSUM,134,0.0027150242045252135,325
0.85,KCCA-logdet,134,1.0423037596689342,529
0.85,CorrCUSUM,135,0.8931086107834492,64
0.85,DCC-CUSUM,135,0.021905685829680367,65
0.85,KCCA-logdet,135,1.1791931579852208,85
0.85,CorrCUSUM,136,0.4884850065113917,185
0.85,DCC-CUSUM,136,0.013463266655886782,519
0.85,KCCA-logdet,136,1.3130234408031307,62
0.85,CorrCUSUM,137,1.6548285922159027,469
0.85,DCC-CUSUM,137,0.19579670032159047,472
0.85,KCCA-logdet,137,1.143860323450665,263
0.85,CorrCUSUM,138,1.792358904614235,188
0.85,DCC-CUSUM,138,0.13750761781093856,197
0.85,KCCA-logdet,138,1.0012643206858627,61
0.85,CorrCUSUM,139,0.9132186448943223,237
0.85,DCC-CUSUM,139,3.059414899898666e-16,540
0.85,KCCA-logdet,139,1.9684334199407638,64
0.85,CorrCUSUM,140,1.3473614674510475,92
0.85,DCC-CUSUM,140,0.045901491210714816,92
0.85,KCCA-logdet,140,1.115773994887715,532
0.85,CorrCUSUM,141,1.0337474690245891,77
0.85,DCC-CUSUM,141,0.0,60
0.85,KCCA-logdet,141,0.5569436436981507,250
0.85,CorrCUSUM,142,0.9388275436743717,238
0.85,DCC-CUSUM,142,1.529707449949333e-16,540
0.85,KCCA-logdet,142,1.1513284076901937,540
0.85,CorrCUSUM,143,1.1290208707459932,274
0.85,DCC-CUSUM,143,0.06838302978690149,508
0.85,KCCA-logdet,143,1.0319668210214195,124
0.85,CorrCUSUM,144,1.5014892966972755,324
0.85,DCC-CUSUM,144,8.640014300639752e-18,325
0.85,KCCA-logdet,144,0.8228364074500977,60
0.85,CorrCUSUM,145,1.5257136358801358,195
0.85,DCC-CUSUM,145,0.1049258865406118,196
0.85,KCCA-logdet,145,1.0131288190444074,526
0.85,CorrCUSUM,146,1.0148039468766843,532
0.85,DCC-CUSUM,146,0.26787506261772503,431
0.85,KCCA-logdet,146,0.7264819265295448,64
0.85,CorrCUSUM,147,1.975083136284728,400
0.85,DCC-CUSUM,147,0.018504754060818873,400
0.85,KCCA-logdet,147,1.063980337174611,147
0.85,CorrCUSUM,148,0.8929225281270013,154
0.85,DCC-CUSUM,148,0.008657848806719805,155
0.85,KCCA-logdet,148,0.6124079342430035,537
0.85,CorrCUSUM,149,1.3719128053896565,184
0.85,DCC-CUSUM,149,0.12994422432110356,242
0.85,KCCA-logdet,149,1.3399461340125094,539
0.85,CorrCUSUM,150,2.047088380731555,490
0.85,DCC-CUSUM,150,0.3608819415260926,492
0.85,KCCA-logdet,150,1.7703873346409102,515
0.85,CorrCUSUM,151,1.5087957700900683,182
0.85,DCC-CUSUM,151,5.807222726659506e-17,495
0.85,KCCA-logdet,151,1.326078101930676,82
0.85,CorrCUSUM,152,1.2895663987348582,392
0.85,DCC-CUSUM,152,0.013958020029753535,393
0.85,KCCA-logdet,152,0.9444677281306456,533
0.85,CorrCUSUM,153,0.7920093703874377,197
0.85,DCC-CUSUM,153,0.027506631610092355,97
0.85,KCCA-logdet,153,1.0476522871150618,102
0.85,CorrCUSUM,154,1.3737922801883533,234
0.85,DCC-CUSUM,154,0.07039523805715214,220
0.85,KCCA-logdet,154,1.2265459775419167,528
0.85,CorrCUSUM,155,1.359550874978103,355
0.85,DCC-CUSUM,155,0.0506432873252514,356
0.85,KCCA-logdet,155,0.7857785902437685,511
0.85,CorrCUSUM,156,0.9169326127147758,205
0.85,DCC-CUSUM,156,1.26342504199519e-16,206
0.85,KCCA-logdet,156,1.417602609035201,71
0.85,CorrCUSUM,157,1.0395722445728381,414
0.85,DCC-CUSUM,157,6.118829799797332e-16,540
0.85,KCCA-logdet,157,1.5215524208047113,472
0.85,CorrCUSUM,158,1.1264844401302778,374
0.85,DCC-CUSUM,158,2.2549020928882765e-16,373
0.85,KCCA-logdet,158,1.0163572816408069,106
0.85,CorrCUSUM,159,1.369359848299098,107
0.85,DCC-CUSUM,159,0.09824971210377727,108
0.85,KCCA-logdet,159,1.9171633632889864,502
0.85,CorrCUSUM,160,1.0950500549510014,466
0.85,DCC-CUSUM,160,0.16953861382308888,468
0.85,KCCA-logdet,160,1.0129312893021987,462
0.85,CorrCUSUM,161,0.9309390295493802,344
0.85,DCC-CUSUM,161,0.04058883863923457,347
0.85,KCCA-logdet,161,1.277078434439658,540
0.85,CorrCUSUM,162,1.481103820214953,110
0.85,DCC-CUSUM,162,0.03931155330874489,139
0.85,KCCA-logdet,162,1.987986751424064,534
0.85,CorrCUSUM,163,1.6574352973155282,265
0.85,DCC-CUSUM,163,0.2171288958388136,348
0.85,KCCA-logdet,163,1.456481585745792,93
0.85,CorrCUSUM,164,1.1951998616828259,359
0.85,DCC-CUSUM,164,0.041461556651443764,363
0.85,KCCA-logdet,164,1.3805102733746693,520
0.85,CorrCUSUM,165,2.484587891883936,457
0.85,DCC-CUSUM,165,0.7997375661318374,462
0.85,KCCA-logdet,165,1.2151477476867047,60
0.85,CorrCUSUM,166,1.1541793803704647,96
0.85,DCC-CUSUM,166,0.03376000484495517,84
0.85,KCCA-logdet,166,1.3658852461068167,120
0.85,CorrCUSUM,167,2.1607157576270515,182
0.85,DCC-CUSUM,167,0.38620548540167726,194
0.85,KCCA-logdet,167,0.6416077352578303,539
0.85,CorrCUSUM,168,0.9420730649735551,516
0.85,DCC-CUSUM,168,8.887883563363024e-17,199
0.85,KCCA-logdet,168,0.6801652219447158,258
0.85,CorrCUSUM,169,1.1905280340239857,333
0.85,DCC-CUSUM,169,0.16577424309941993,343
0.85,KCCA-logdet,169,2.2080455012845075,80
0.85,CorrCUSUM,170,1.0016956693290668,403
0.85,DCC-CUSUM,170,1.529707449949333e-16,540
0.85,KCCA-logdet,170,1.0631963741894286,197
0.85,CorrCUSUM,171,1.642205088587323,315
0.85,DCC-CUSUM,171,0.6137768458253849,325
0.85,KCCA-logdet,171,1.4638432070308485,70
0.85,CorrCUSUM,172,1.5239828182407076,342
0.85,DCC-CUSUM,172,0.18545959956869915,356
0.85,KCCA-logdet,172,1.1617965830564625,138
0.85,CorrCUSUM,173,0.9083602433755947,108
0.85,DCC-CUSUM,173,1.0594640486686123e-16,432
0.85,KCCA-logdet,173,0.68890146530989,506
0.85,CorrCUSUM,174,1.7746272902763562,137
0.85,DCC-CUSUM,174,0.5721750767575147,215
0.85,KCCA-logdet,174,1.064601291442468,164
0.85,CorrCUSUM,175,1.715707251475663,170
0.85,DCC-CUSUM,175,0.46738029435542,193
0.85,KCCA-logdet,175,1.0017263874993696,486
0.85,CorrCUSUM,176,1.3347772009822672,154
0.85,DCC-CUSUM,176,0.04233048076058272,238
0.85,KCCA-logdet,176,0.8653207134876819,64
0.85,CorrCUSUM,177,1.3285593852678048,515
0.85,DCC-CUSUM,177,0.054820680241990265,523
0.85,KCCA-logdet,177,0.9982812046021493,540
0.85,CorrCUSUM,178,1.237878808851813,315
0.85,DCC-CUSUM,178,0.21366119602844433,319
0.85,KCCA-logdet,178,0.8886930950411998,69
0.85,CorrCUSUM,179,1.6281639486270676,259
0.85,DCC-CUSUM,179,0.010871333512016964,259
0.85,KCCA-logdet,179,0.6453264404432612,414
0.85,CorrCUSUM,180,1.9540658930567114,104
0.85,DCC-CUSUM,180,0.4720102719261915,107
0.85,KCCA-logdet,180,0.9695488567160089,66
0.85,CorrCUSUM,181,1.1586353079508502,135
0.85,DCC-CUSUM,181,8.631515925917811e-16,136
0.85,KCCA-logdet,181,1.4020992382538497,527
0.85,CorrCUSUM,182,0.892592179078847,125
0.85,DCC-CUSUM,182,1.1529461706099602e-16,538
0.85,KCCA-logdet,182,0.7588758476044926,469
0.85,CorrCUSUM,183,0.663963520914574,478
0.85,DCC-CUSUM,183,0.02006696282407026,479
0.85,KCCA-logdet,183,0.619233256071999,277
0.85,CorrCUSUM,184,1.0544632173642827,484
0.85,DCC-CUSUM,184,0.08054472920231487,489
0.85,KCCA-logdet,184,0.8379601050109845,530
0.85,CorrCUSUM,185,1.013540738303397,323
0.85,DCC-CUSUM,185,0.03545751984102404,324
0.85,KCCA-logdet,185,1.0679118132723648,535
0.85,CorrCUSUM,186,1.588139500654804,142
0.85,DCC-CUSUM,186,1.9451540392208736e-16,143
0.85,KCCA-logdet,186,1.7431584845047474,539
0.85,CorrCUSUM,187,2.012565407362234,145
0.85,DCC-CUSUM,187,0.03536037744218377,145
0.85,KCCA-logdet,187,1.950684769529488,60
0.85,CorrCUSUM,188,1.4500713757336434,463
0.85,DCC-CUSUM,188,0.1935686599662462,464
0.85,KCCA-logdet,188,0.9851679693055927,509
0.85,CorrCUSUM,189,2.0014995852617545,398
0.85,DCC-CUSUM,189,2.080685411088491e-16,399
0.85,KCCA-logdet,189,1.3910483768907431,540
0.85,CorrCUSUM,190,1.0277107761926776,162
0.85,DCC-CUSUM,190,3.767612793393728e-17,199
0.85,KCCA-logdet,190,1.151874700705987,513
0.85,CorrCUSUM,191,1.429283411308443,265
0.85,DCC-CUSUM,191,0.19490874566975833,269
0.85,KCCA-logdet,191,1.2170956975792238,540
0.85,CorrCUSUM,192,1.3334564414379568,240
0.85,DCC-CUSUM,192,0.23542720813496196,331
0.85,KCCA-logdet,192,0.8772587567979242,60
0.85,CorrCUSUM,193,1.6877426333217977,322
0.85,DCC-CUSUM,193,0.11575874778365353,323
0.85,KCCA-logdet,193,1.43216456198733,62
0.85,CorrCUSUM,194,1.1197800884751354,180
0.85,DCC-CUSUM,194,1.3370776229186764e-16,339
0.85,KCCA-logdet,194,1.1924683554882045,484
0.85,CorrCUSUM,195,1.5956295103573286,475
0.85,DCC-CUSUM,195,3.059414899898666e-16,540
0.85,KCCA-logdet,195,1.575263756936178,139
0.85,CorrCUSUM,196,1.2299852549430768,328
0.85,DCC-CUSUM,196,9.319884278395012e-17,329
0.85,KCCA-logdet,196,1.2176774045743566,69
0.85,CorrCUSUM,197,0.8233108555360065,454
0.85,DCC-CUSUM,197,1.9772885186382122e-16,455
0.85,KCCA-logdet,197,1.1639943984001495,212
0.85,CorrCUSUM,198,1.400256498611062,128
0.85,DCC-CUSUM,198,1.7251700685539702e-16,129
0.85,KCCA-logdet,198,1.216127238034323,539
0.85,CorrCUSUM,199,1.9234838907031462,204
0.85,DCC-CUSUM,199,2.430535170475052e-16,205
0.85,KCCA-logdet,199,1.4209759032550264,82
