scen,level,method,threshold,threshold_first_level,power,detect_rate
D4,0.5,CorrCUSUM,1.613687720314157,1.613687720314157,0.005,0.04
D4,0.5,DCC-CUSUM,0.26743708198664173,0.26743708198664173,0.015,0.065
D4,0.5,KCCA-logdet,1.3154371508731368,1.3154371508731648,0.0,0.055
D4,0.7,CorrCUSUM,1.8321573164590519,1.613687720314157,0.005,0.035
D4,0.7,DCC-CUSUM,0.3531906314436794,0.26743708198664173,0.01,0.07
D4,0.7,KCCA-logdet,1.6583991089567647,1.3154371508731648,0.0,0.095
D4,0.85,CorrCUSUM,1.955116755218112,1.613687720314157,0.005,0.02
D4,0.85,DCC-CUSUM,0.3621481187198714,0.26743708198664173,0.005,0.04
D4,0.85,KCCA-logdet,1.9515722020500514,1.3154371508731648,0.265,0.94
