part,level,rep,any,near,k
spec,1.0,0,0,0,0
spec,1.0,1,0,0,0
spec,1.0,2,0,0,0
spec,1.0,3,0,0,0
spec,1.0,4,0,0,0
spec,1.0,5,0,0,0
spec,1.0,6,0,0,0
spec,1.0,7,1,0,1
spec,1.0,8,0,0,0
spec,1.0,9,0,0,0
spec,1.0,10,0,0,0
spec,1.0,11,0,0,0
spec,1.0,12,0,0,0
spec,1.0,13,0,0,0
spec,1.0,14,0,0,0
spec,1.0,15,0,0,0
spec,1.0,16,0,0,0
spec,1.0,17,0,0,0
spec,1.0,18,0,0,0
spec,1.0,19,0,0,0
spec,1.0,20,1,0,1
spec,1.0,21,0,0,0
spec,1.0,22,0,0,0
spec,1.0,23,0,0,0
spec,1.0,24,0,0,0
spec,1.0,25,0,0,0
spec,1.0,26,0,0,0
spec,1.0,27,0,0,0
spec,1.0,28,0,0,0
spec,1.0,29,0,0,0
spec,1.0,30,0,0,0
spec,1.0,31,0,0,0
spec,1.0,32,0,0,0
spec,1.0,33,0,0,0
spec,1.0,34,0,0,0
spec,1.0,35,0,0,0
spec,1.0,36,0,0,0
spec,1.0,37,0,0,0
spec,1.0,38,0,0,0
spec,1.0,39,0,0,0
spec,1.0,40,0,0,0
spec,1.0,41,0,0,0
spec,1.0,42,0,0,0
spec,1.0,43,0,0,0
spec,1.0,44,0,0,0
spec,1.0,45,0,0,0
spec,1.0,46,0,0,0
spec,1.0,47,1,0,1
spec,1.0,48,0,0,0
spec,1.0,49,0,0,0
spec,1.0,50,0,0,0
spec,1.0,51,0,0,0
spec,1.0,52,0,0,0
spec,1.0,53,0,0,0
spec,1.0,54,0,0,0
spec,1.0,55,0,0,0
spec,1.0,56,0,0,0
spec,1.0,57,1,0,1
spec,1.0,58,0,0,0
spec,1.0,59,0,0,0
spec,1.0,60,0,0,0
spec,1.0,61,0,0,0
spec,1.0,62,0,0,0
spec,1.0,63,0,0,0
spec,1.0,64,0,0,0
spec,1.0,65,0,0,0
spec,1.0,66,0,0,0
spec,1.0,67,0,0,0
spec,1.0,68,1,0,1
spec,1.0,69,0,0,0
spec,1.0,70,0,0,0
spec,1.0,71,0,0,0
spec,1.0,72,0,0,0
spec,1.0,73,0,0,0
spec,1.0,74,0,0,0
spec,1.0,75,0,0,0
spec,1.0,76,0,0,0
spec,1.0,77,0,0,0
spec,1.0,78,0,0,0
spec,1.0,79,0,0,0
spec,1.0,80,0,0,0
spec,1.0,81,0,0,0
spec,1.0,82,0,0,0
spec,1.0,83,0,0,0
spec,1.0,84,0,0,0
spec,1.0,85,0,0,0
spec,1.0,86,0,0,0
spec,1.0,87,0,0,0
spec,1.0,88,0,0,0
spec,1.0,89,0,0,0
spec,1.0,90,0,0,0
spec,1.0,91,0,0,0
spec,1.0,92,0,0,0
spec,1.0,93,0,0,0
spec,1.0,94,0,0,0
spec,1.0,95,0,0,0
spec,1.0,96,0,0,0
spec,1.0,97,0,0,0
spec,1.0,98,0,0,0
spec,1.0,99,0,0,0
spec,1.3,0,0,0,0
spec,1.3,1,0,0,0
spec,1.3,2,0,0,0
spec,1.3,3,0,0,0
spec,1.3,4,0,0,0
spec,1.3,5,0,0,0
spec,1.3,6,0,0,0
spec,1.3,7,1,0,1
spec,1.3,8,0,0,0
spec,1.3,9,0,0,0
spec,1.3,10,0,0,0
spec,1.3,11,0,0,0
spec,1.3,12,0,0,0
spec,1.3,13,0,0,0
spec,1.3,14,0,0,0
spec,1.3,15,0,0,0
spec,1.3,16,0,0,0
spec,1.3,17,0,0,0
spec,1.3,18,0,0,0
spec,1.3,19,0,0,0
spec,1.3,20,0,0,0
spec,1.3,21,0,0,0
spec,1.3,22,0,0,0
spec,1.3,23,0,0,0
spec,1.3,24,0,0,0
spec,1.3,25,0,0,0
spec,1.3,26,0,0,0
spec,1.3,27,0,0,0
spec,1.3,28,0,0,0
spec,1.3,29,0,0,0
spec,1.3,30,0,0,0
spec,1.3,31,0,0,0
spec,1.3,32,0,0,0
spec,1.3,33,0,0,0
spec,1.3,34,0,0,0
spec,1.3,35,0,0,0
spec,1.3,36,0,0,0
spec,1.3,37,0,0,0
spec,1.3,38,0,0,0
spec,1.3,39,0,0,0
spec,1.3,40,0,0,0
spec,1.3,41,0,0,0
spec,1.3,42,0,0,0
spec,1.3,43,0,0,0
spec,1.3,44,0,0,0
spec,1.3,45,0,0,0
spec,1.3,46,0,0,0
spec,1.3,47,0,0,0
spec,1.3,48,0,0,0
spec,1.3,49,0,0,0
spec,1.3,50,0,0,0
spec,1.3,51,0,0,0
spec,1.3,52,0,0,0
spec,1.3,53,0,0,0
spec,1.3,54,0,0,0
spec,1.3,55,0,0,0
spec,1.3,56,0,0,0
spec,1.3,57,1,0,1
spec,1.3,58,0,0,0
spec,1.3,59,0,0,0
spec,1.3,60,0,0,0
spec,1.3,61,0,0,0
spec,1.3,62,0,0,0
spec,1.3,63,0,0,0
spec,1.3,64,0,0,0
spec,1.3,65,0,0,0
spec,1.3,66,0,0,0
spec,1.3,67,0,0,0
spec,1.3,68,1,0,1
spec,1.3,69,0,0,0
spec,1.3,70,0,0,0
spec,1.3,71,0,0,0
spec,1.3,72,0,0,0
spec,1.3,73,0,0,0
spec,1.3,74,0,0,0
spec,1.3,75,0,0,0
spec,1.3,76,0,0,0
spec,1.3,77,0,0,0
spec,1.3,78,0,0,0
spec,1.3,79,0,0,0
spec,1.3,80,1,0,1
spec,1.3,81,0,0,0
spec,1.3,82,0,0,0
spec,1.3,83,0,0,0
spec,1.3,84,0,0,0
spec,1.3,85,0,0,0
spec,1.3,86,0,0,0
spec,1.3,87,0,0,0
spec,1.3,88,0,0,0
spec,1.3,89,0,0,0
spec,1.3,90,0,0,0
spec,1.3,91,0,0,0
spec,1.3,92,0,0,0
spec,1.3,93,0,0,0
spec,1.3,94,0,0,0
spec,1.3,95,0,0,0
spec,1.3,96,0,0,0
spec,1.3,97,0,0,0
spec,1.3,98,0,0,0
spec,1.3,99,0,0,0
spec,1.6,0,0,0,0
spec,1.6,1,0,0,0
spec,1.6,2,0,0,0
spec,1.6,3,0,0,0
spec,1.6,4,0,0,0
spec,1.6,5,0,0,0
spec,1.6,6,0,0,0
spec,1.6,7,1,0,1
spec,1.6,8,0,0,0
spec,1.6,9,0,0,0
spec,1.6,10,0,0,0
spec,1.6,11,0,0,0
spec,1.6,12,0,0,0
spec,1.6,13,0,0,0
spec,1.6,14,0,0,0
spec,1.6,15,0,0,0
spec,1.6,16,0,0,0
spec,1.6,17,0,0,0
spec,1.6,18,0,0,0
spec,1.6,19,0,0,0
spec,1.6,20,0,0,0
spec,1.6,21,1,0,1
spec,1.6,22,0,0,0
spec,1.6,23,0,0,0
spec,1.6,24,0,0,0
spec,1.6,25,0,0,0
spec,1.6,26,0,0,0
spec,1.6,27,0,0,0
spec,1.6,28,0,0,0
spec,1.6,29,0,0,0
spec,1.6,30,0,0,0
spec,1.6,31,0,0,0
spec,1.6,32,0,0,0
spec,1.6,33,0,0,0
spec,1.6,34,0,0,0
spec,1.6,35,0,0,0
spec,1.6,36,0,0,0
spec,1.6,37,0,0,0
spec,1.6,38,0,0,0
spec,1.6,39,0,0,0
spec,1.6,40,0,0,0
spec,1.6,41,0,0,0
spec,1.6,42,0,0,0
spec,1.6,43,0,0,0
spec,1.6,44,0,0,0
spec,1.6,45,0,0,0
spec,1.6,46,0,0,0
spec,1.6,47,0,0,0
spec,1.6,48,0,0,0
spec,1.6,49,0,0,0
spec,1.6,50,0,0,0
spec,1.6,51,0,0,0
spec,1.6,52,0,0,0
spec,1.6,53,0,0,0
spec,1.6,54,0,0,0
spec,1.6,55,0,0,0
spec,1.6,56,0,0,0
spec,1.6,57,1,1,1
spec,1.6,58,0,0,0
spec,1.6,59,0,0,0
spec,1.6,60,0,0,0
spec,1.6,61,0,0,0
spec,1.6,62,0,0,0
spec,1.6,63,0,0,0
spec,1.6,64,0,0,0
spec,1.6,65,0,0,0
spec,1.6,66,0,0,0
spec,1.6,67,0,0,0
spec,1.6,68,1,0,1
spec,1.6,69,0,0,0
spec,1.6,70,0,0,0
spec,1.6,71,0,0,0
spec,1.6,72,0,0,0
spec,1.6,73,0,0,0
spec,1.6,74,0,0,0
spec,1.6,75,0,0,0
spec,1.6,76,0,0,0
spec,1.6,77,0,0,0
spec,1.6,78,0,0,0
spec,1.6,79,0,0,0
spec,1.6,80,1,0,1
spec,1.6,81,0,0,0
spec,1.6,82,0,0,0
spec,1.6,83,0,0,0
spec,1.6,84,0,0,0
spec,1.6,85,0,0,0
spec,1.6,86,0,0,0
spec,1.6,87,0,0,0
spec,1.6,88,0,0,0
spec,1.6,89,0,0,0
spec,1.6,90,0,0,0
spec,1.6,91,0,0,0
spec,1.6,92,0,0,0
spec,1.6,93,0,0,0
spec,1.6,94,0,0,0
spec,1.6,95,0,0,0
spec,1.6,96,0,0,0
spec,1.6,97,0,0,0
spec,1.6,98,0,0,0
spec,1.6,99,0,0,0
spec,2.0,0,0,0,0
spec,2.0,1,0,0,0
spec,2.0,2,0,0,0
spec,2.0,3,0,0,0
spec,2.0,4,0,0,0
spec,2.0,5,0,0,0
spec,2.0,6,0,0,0
spec,2.0,7,1,0,1
spec,2.0,8,0,0,0
spec,2.0,9,0,0,0
spec,2.0,10,0,0,0
spec,2.0,11,0,0,0
spec,2.0,12,0,0,0
spec,2.0,13,0,0,0
spec,2.0,14,0,0,0
spec,2.0,15,0,0,0
spec,2.0,16,0,0,0
spec,2.0,17,0,0,0
spec,2.0,18,0,0,0
spec,2.0,19,0,0,0
spec,2.0,20,0,0,0
spec,2.0,21,0,0,0
spec,2.0,22,0,0,0
spec,2.0,23,0,0,0
spec,2.0,24,0,0,0
spec,2.0,25,0,0,0
spec,2.0,26,0,0,0
spec,2.0,27,0,0,0
spec,2.0,28,0,0,0
spec,2.0,29,0,0,0
spec,2.0,30,0,0,0
spec,2.0,31,0,0,0
spec,2.0,32,0,0,0
spec,2.0,33,0,0,0
spec,2.0,34,0,0,0
spec,2.0,35,0,0,0
spec,2.0,36,0,0,0
spec,2.0,37,0,0,0
spec,2.0,38,0,0,0
spec,2.0,39,0,0,0
spec,2.0,40,0,0,0
spec,2.0,41,0,0,0
spec,2.0,42,0,0,0
spec,2.0,43,0,0,0
spec,2.0,44,0,0,0
spec,2.0,45,0,0,0
spec,2.0,46,0,0,0
spec,2.0,47,0,0,0
spec,2.0,48,0,0,0
spec,2.0,49,0,0,0
spec,2.0,50,0,0,0
spec,2.0,51,0,0,0
spec,2.0,52,0,0,0
spec,2.0,53,0,0,0
spec,2.0,54,0,0,0
spec,2.0,55,0,0,0
spec,2.0,56,0,0,0
spec,2.0,57,1,1,1
spec,2.0,58,0,0,0
spec,2.0,59,0,0,0
spec,2.0,60,0,0,0
spec,2.0,61,0,0,0
spec,2.0,62,0,0,0
spec,2.0,63,0,0,0
spec,2.0,64,0,0,0
spec,2.0,65,0,0,0
spec,2.0,66,0,0,0
spec,2.0,67,0,0,0
spec,2.0,68,1,0,1
spec,2.0,69,0,0,0
spec,2.0,70,0,0,0
spec,2.0,71,0,0,0
spec,2.0,72,0,0,0
spec,2.0,73,0,0,0
spec,2.0,74,0,0,0
spec,2.0,75,0,0,0
spec,2.0,76,0,0,0
spec,2.0,77,0,0,0
spec,2.0,78,0,0,0
spec,2.0,79,0,0,0
spec,2.0,80,1,1,1
spec,2.0,81,0,0,0
spec,2.0,82,0,0,0
spec,2.0,83,0,0,0
spec,2.0,84,0,0,0
spec,2.0,85,0,0,0
spec,2.0,86,0,0,0
spec,2.0,87,0,0,0
spec,2.0,88,0,0,0
spec,2.0,89,0,0,0
spec,2.0,90,0,0,0
spec,2.0,91,0,0,0
spec,2.0,92,0,0,0
spec,2.0,93,0,0,0
spec,2.0,94,0,0,0
spec,2.0,95,0,0,0
spec,2.0,96,0,0,0
spec,2.0,97,0,0,0
spec,2.0,98,0,0,0
spec,2.0,99,0,0,0
mb_null,,0,0,,0
mb_null,,1,1,,1
mb_null,,2,0,,0
mb_null,,3,0,,0
mb_null,,4,0,,0
mb_null,,5,0,,0
mb_null,,6,0,,0
mb_null,,7,0,,0
mb_null,,8,0,,0
mb_null,,9,0,,0
mb_null,,10,0,,0
mb_null,,11,0,,0
mb_null,,12,0,,0
mb_null,,13,0,,0
mb_null,,14,1,,1
mb_null,,15,0,,0
mb_null,,16,0,,0
mb_null,,17,0,,0
mb_null,,18,0,,0
mb_null,,19,0,,0
mb_null,,20,0,,0
mb_null,,21,0,,0
mb_null,,22,0,,0
mb_null,,23,0,,0
mb_null,,24,0,,0
mb_null,,25,0,,0
mb_null,,26,0,,0
mb_null,,27,0,,0
mb_null,,28,0,,0
mb_null,,29,0,,0
mb_null,,30,0,,0
mb_null,,31,0,,0
mb_null,,32,0,,0
mb_null,,33,0,,0
mb_null,,34,0,,0
mb_null,,35,0,,0
mb_null,,36,0,,0
mb_null,,37,0,,0
mb_null,,38,0,,0
mb_null,,39,0,,0
mb_null,,40,0,,0
mb_null,,41,0,,0
mb_null,,42,0,,0
mb_null,,43,0,,0
mb_null,,44,0,,0
mb_null,,45,0,,0
mb_null,,46,0,,0
mb_null,,47,0,,0
mb_null,,48,0,,0
mb_null,,49,0,,0
mb_null,,50,0,,0
mb_null,,51,0,,0
mb_null,,52,0,,0
mb_null,,53,0,,0
mb_null,,54,0,,0
mb_null,,55,0,,0
mb_null,,56,0,,0
mb_null,,57,0,,0
mb_null,,58,0,,0
mb_null,,59,0,,0
mb_null,,60,0,,0
mb_null,,61,0,,0
mb_null,,62,0,,0
mb_null,,63,0,,0
mb_null,,64,0,,0
mb_null,,65,0,,0
mb_null,,66,0,,0
mb_null,,67,0,,0
mb_null,,68,0,,0
mb_null,,69,0,,0
mb_null,,70,0,,0
mb_null,,71,0,,0
mb_null,,72,0,,0
mb_null,,73,0,,0
mb_null,,74,0,,0
mb_null,,75,0,,0
mb_null,,76,0,,0
mb_null,,77,0,,0
mb_null,,78,0,,0
mb_null,,79,1,,1
mb_null,,80,0,,0
mb_null,,81,1,,1
mb_null,,82,0,,0
mb_null,,83,0,,0
mb_null,,84,0,,0
mb_null,,85,0,,0
mb_null,,86,0,,0
mb_null,,87,0,,0
mb_null,,88,0,,0
mb_null,,89,0,,0
mb_null,,90,0,,0
mb_null,,91,0,,0
mb_null,,92,0,,0
mb_null,,93,0,,0
mb_null,,94,0,,0
mb_null,,95,0,,0
mb_null,,96,0,,0
mb_null,,97,0,,0
mb_null,,98,0,,0
mb_null,,99,0,,0
mb_alt,,0,0,3,4
mb_alt,,1,0,1,1
mb_alt,,2,0,1,1
mb_alt,,3,0,1,2
mb_alt,,4,0,1,1
mb_alt,,5,0,1,1
mb_alt,,6,0,1,1
mb_alt,,7,0,1,1
mb_alt,,8,0,3,6
mb_alt,,9,0,1,1
mb_alt,,10,0,1,1
mb_alt,,11,0,1,1
mb_alt,,12,0,1,1
mb_alt,,13,0,1,1
mb_alt,,14,0,1,1
mb_alt,,15,0,1,1
mb_alt,,16,0,1,1
mb_alt,,17,0,1,1
mb_alt,,18,0,1,1
mb_alt,,19,0,1,1
mb_alt,,20,0,1,1
mb_alt,,21,0,1,1
mb_alt,,22,0,1,1
mb_alt,,23,0,1,1
mb_alt,,24,0,1,1
mb_alt,,25,0,0,2
mb_alt,,26,0,1,1
mb_alt,,27,0,1,2
mb_alt,,28,0,1,1
mb_alt,,29,0,1,1
mb_alt,,30,0,1,1
mb_alt,,31,0,1,1
mb_alt,,32,0,1,1
mb_alt,,33,0,1,1
mb_alt,,34,0,1,1
mb_alt,,35,0,1,1
mb_alt,,36,0,1,1
mb_alt,,37,0,1,1
mb_alt,,38,0,1,1
mb_alt,,39,0,1,1
mb_alt,,40,0,1,1
mb_alt,,41,0,1,1
mb_alt,,42,0,1,1
mb_alt,,43,0,1,1
mb_alt,,44,0,1,1
mb_alt,,45,0,1,1
mb_alt,,46,0,1,1
mb_alt,,47,0,1,1
mb_alt,,48,0,1,1
mb_alt,,49,0,1,2
mb_alt,,50,0,1,1
mb_alt,,51,0,1,1
mb_alt,,52,0,1,1
mb_alt,,53,0,1,1
mb_alt,,54,0,1,1
mb_alt,,55,0,1,1
mb_alt,,56,0,1,1
mb_alt,,57,0,1,1
mb_alt,,58,0,1,2
mb_alt,,59,0,1,1
mb_alt,,60,0,1,1
mb_alt,,61,0,1,1
mb_alt,,62,0,1,2
mb_alt,,63,0,1,1
mb_alt,,64,0,1,1
mb_alt,,65,0,1,2
mb_alt,,66,0,1,1
mb_alt,,67,0,1,1
mb_alt,,68,0,1,1
mb_alt,,69,0,1,1
mb_alt,,70,0,1,1
mb_alt,,71,0,1,1
mb_alt,,72,0,1,1
mb_alt,,73,0,1,1
mb_alt,,74,0,1,1
mb_alt,,75,1,3,3
mb_alt,,76,0,1,1
mb_alt,,77,0,1,1
mb_alt,,78,1,1,3
mb_alt,,79,0,0,1
mb_alt,,80,0,1,1
mb_alt,,81,0,0,1
mb_alt,,82,0,1,1
mb_alt,,83,0,1,1
mb_alt,,84,0,1,1
mb_alt,,85,0,1,1
mb_alt,,86,0,1,1
mb_alt,,87,0,1,1
mb_alt,,88,0,1,1
mb_alt,,89,0,1,1
mb_alt,,90,0,1,1
mb_alt,,91,0,0,1
mb_alt,,92,0,1,1
mb_alt,,93,0,1,1
mb_alt,,94,1,3,3
mb_alt,,95,1,2,3
mb_alt,,96,0,1,1
mb_alt,,97,0,1,1
mb_alt,,98,0,1,1
mb_alt,,99,0,1,1
