scen,li,side,rep,DOMI,SP,COMBO
D1,1,null,0,0.74,0.2,0.36
D1,1,null,1,0.4,0.48,0.62
D1,1,null,2,0.36,0.88,0.52
D1,1,null,3,0.7,0.94,0.84
D1,1,null,4,0.94,0.84,1.0
D1,1,null,5,0.92,0.46,0.66
D1,1,null,6,0.88,0.56,0.86
D1,1,null,7,0.64,0.12,0.22
D1,1,null,8,0.9,0.9,1.0
D1,1,null,9,0.48,0.1,0.2
D1,1,null,10,0.14,0.1,0.16
D1,1,null,11,0.3,0.5,0.4
D1,1,null,12,0.04,0.62,0.04
D1,1,null,13,0.88,0.84,0.94
D1,1,null,14,0.7,0.92,0.84
D1,1,null,15,0.72,0.42,0.56
D1,1,null,16,0.64,0.66,0.78
D1,1,null,17,0.28,0.9,0.34
D1,1,null,18,0.42,0.82,0.6
D1,1,null,19,0.06,0.86,0.22
D1,1,null,20,0.96,0.94,1.0
D1,1,null,21,0.8,0.92,0.9
D1,1,null,22,0.78,0.06,0.14
D1,1,null,23,0.18,0.04,0.06
D1,1,null,24,0.12,0.6,0.22
D1,1,null,25,0.9,0.34,0.46
D1,1,null,26,0.24,0.44,0.32
D1,1,null,27,0.62,0.44,0.74
D1,1,null,28,1.0,0.52,0.82
D1,1,null,29,0.64,1.0,0.86
D1,1,null,30,0.54,0.38,0.62
D1,1,null,31,0.12,0.58,0.18
D1,1,null,32,0.24,1.0,0.36
D1,1,null,33,0.98,0.12,0.2
D1,1,null,34,0.8,0.2,0.36
D1,1,null,35,0.08,0.4,0.16
D1,1,null,36,0.24,0.72,0.48
D1,1,null,37,1.0,0.8,0.98
D1,1,null,38,0.16,0.24,0.3
D1,1,null,39,0.12,0.14,0.2
D1,1,null,40,0.3,0.48,0.36
D1,1,null,41,0.46,0.44,0.56
D1,1,null,42,0.18,0.96,0.3
D1,1,null,43,0.7,0.32,0.54
D1,1,null,44,1.0,0.6,0.74
D1,1,null,45,0.06,0.26,0.1
D1,1,null,46,0.28,0.14,0.28
D1,1,null,47,0.52,0.92,0.66
D1,1,null,48,0.58,0.34,0.52
D1,1,null,49,0.64,0.52,0.78
D1,1,null,50,0.16,0.28,0.3
D1,1,null,51,0.96,0.64,0.76
D1,1,null,52,0.48,0.6,0.72
D1,1,null,53,0.84,0.62,0.86
D1,1,null,54,0.36,0.76,0.58
D1,1,null,55,0.72,0.82,0.88
D1,1,null,56,0.98,0.56,0.82
D1,1,null,57,0.78,0.14,0.28
D1,1,null,58,0.2,0.56,0.34
D1,1,null,59,0.5,0.56,0.74
D1,1,null,60,0.42,0.84,0.6
D1,1,null,61,0.62,1.0,0.78
D1,1,null,62,0.3,0.64,0.38
D1,1,null,63,0.98,0.8,0.96
D1,1,null,64,0.16,0.16,0.24
D1,1,null,65,0.54,0.62,0.76
D1,1,null,66,0.58,0.92,0.8
D1,1,null,67,0.72,0.4,0.58
D1,1,null,68,0.72,0.86,0.86
D1,1,null,69,0.8,0.98,0.96
D1,1,null,70,1.0,0.96,1.0
D1,1,null,71,0.84,0.96,0.94
D1,1,null,72,0.28,0.32,0.38
D1,1,null,73,0.08,0.08,0.1
D1,1,null,74,0.4,0.78,0.64
D1,1,null,75,0.1,0.1,0.16
D1,1,null,76,0.44,0.8,0.62
D1,1,null,77,0.5,0.62,0.64
D1,1,null,78,0.34,0.26,0.4
D1,1,null,79,0.44,0.68,0.64
D1,1,null,80,0.86,0.68,0.84
D1,1,null,81,0.8,0.12,0.2
D1,1,null,82,0.06,0.08,0.06
D1,1,null,83,0.86,0.86,0.96
D1,1,null,84,0.06,0.64,0.2
D1,1,null,85,0.12,0.38,0.18
D1,1,null,86,0.68,0.4,0.56
D1,1,null,87,0.64,0.86,0.84
D1,1,null,88,0.92,0.76,0.9
D1,1,null,89,0.68,0.96,0.9
D1,1,null,90,0.62,0.14,0.24
D1,1,null,91,0.36,0.82,0.6
D1,1,null,92,0.22,0.68,0.36
D1,1,null,93,0.46,0.92,0.74
D1,1,null,94,0.04,0.08,0.1
D1,1,null,95,0.48,1.0,0.68
D1,1,null,96,0.94,0.32,0.6
D1,1,null,97,0.44,0.4,0.66
D1,1,null,98,0.62,0.16,0.24
D1,1,null,99,0.54,0.4,0.64
D1,1,alt,0,0.02,0.02,0.02
D1,1,alt,1,0.02,0.02,0.02
D1,1,alt,2,0.08,0.02,0.04
D1,1,alt,3,0.02,0.02,0.02
D1,1,alt,4,0.04,0.02,0.04
D1,1,alt,5,0.04,0.04,0.04
D1,1,alt,6,0.06,0.02,0.04
D1,1,alt,7,0.44,0.3,0.46
D1,1,alt,8,0.02,0.02,0.02
D1,1,alt,9,0.02,0.02,0.02
D1,1,alt,10,0.02,0.02,0.02
D1,1,alt,11,0.02,0.02,0.02
D1,1,alt,12,0.04,0.02,0.02
D1,1,alt,13,0.02,0.02,0.02
D1,1,alt,14,0.02,0.02,0.02
D1,1,alt,15,0.02,0.02,0.02
D1,1,alt,16,0.02,0.02,0.02
D1,1,alt,17,0.02,0.02,0.02
D1,1,alt,18,0.02,0.02,0.02
D1,1,alt,19,0.06,0.02,0.06
D1,1,alt,20,0.02,0.02,0.02
D1,1,alt,21,0.44,0.14,0.16
D1,1,alt,22,0.08,0.06,0.06
D1,1,alt,23,0.52,0.02,0.06
D1,1,alt,24,0.02,0.02,0.02
D1,1,alt,25,0.02,0.02,0.02
D1,1,alt,26,0.02,0.02,0.02
D1,1,alt,27,0.02,0.02,0.02
D1,1,alt,28,0.04,0.02,0.02
D1,1,alt,29,0.02,0.02,0.02
D1,1,alt,30,0.02,0.02,0.02
D1,1,alt,31,0.06,0.06,0.1
D1,1,alt,32,0.02,0.02,0.02
D1,1,alt,33,0.02,0.02,0.02
D1,1,alt,34,0.02,0.02,0.02
D1,1,alt,35,0.02,0.02,0.02
D1,1,alt,36,0.02,0.02,0.02
D1,1,alt,37,0.02,0.02,0.02
D1,1,alt,38,0.1,0.06,0.1
D1,1,alt,39,0.22,0.04,0.04
D1,1,alt,40,0.02,0.02,0.02
D1,1,alt,41,0.14,0.06,0.06
D1,1,alt,42,0.02,0.02,0.02
D1,1,alt,43,0.02,0.02,0.02
D1,1,alt,44,0.02,0.02,0.02
D1,1,alt,45,0.04,0.02,0.02
D1,1,alt,46,0.02,0.02,0.02
D1,1,alt,47,0.02,0.02,0.02
D1,1,alt,48,0.02,0.02,0.02
D1,1,alt,49,0.04,0.02,0.04
D1,1,alt,50,0.02,0.02,0.02
D1,1,alt,51,0.12,0.04,0.06
D1,1,alt,52,0.02,0.02,0.02
D1,1,alt,53,0.08,0.02,0.04
D1,1,alt,54,0.02,0.02,0.02
D1,1,alt,55,0.02,0.02,0.02
D1,1,alt,56,0.02,0.02,0.02
D1,1,alt,57,0.02,0.02,0.02
D1,1,alt,58,0.02,0.02,0.02
D1,1,alt,59,0.08,0.06,0.1
D1,1,alt,60,0.02,0.02,0.02
D1,1,alt,61,0.02,0.02,0.02
D1,1,alt,62,0.02,0.02,0.02
D1,1,alt,63,0.02,0.04,0.02
D1,1,alt,64,0.56,0.6,0.68
D1,1,alt,65,0.02,0.02,0.02
D1,1,alt,66,0.12,0.06,0.08
D1,1,alt,67,0.18,0.04,0.08
D1,1,alt,68,0.14,0.02,0.04
D1,1,alt,69,0.02,0.02,0.02
D1,1,alt,70,0.66,0.04,0.08
D1,1,alt,71,0.02,0.02,0.02
D1,1,alt,72,0.02,0.02,0.02
D1,1,alt,73,0.02,0.02,0.02
D1,1,alt,74,0.02,0.02,0.02
D1,1,alt,75,0.04,0.02,0.02
D1,1,alt,76,0.02,0.02,0.02
D1,1,alt,77,0.04,0.06,0.04
D1,1,alt,78,0.02,0.02,0.02
D1,1,alt,79,0.02,0.02,0.02
D1,1,alt,80,0.02,0.02,0.02
D1,1,alt,81,0.02,0.02,0.02
D1,1,alt,82,0.04,0.02,0.04
D1,1,alt,83,0.02,0.02,0.02
D1,1,alt,84,0.02,0.02,0.02
D1,1,alt,85,0.04,0.02,0.02
D1,1,alt,86,0.02,0.04,0.02
D1,1,alt,87,0.02,0.02,0.02
D1,1,alt,88,0.04,0.02,0.02
D1,1,alt,89,0.02,0.02,0.02
D1,1,alt,90,0.02,0.02,0.02
D1,1,alt,91,0.02,0.02,0.02
D1,1,alt,92,0.16,0.1,0.18
D1,1,alt,93,0.08,0.08,0.12
D1,1,alt,94,0.02,0.02,0.02
D1,1,alt,95,0.02,0.04,0.04
D1,1,alt,96,0.02,0.02,0.02
D1,1,alt,97,0.06,0.02,0.02
D1,1,alt,98,0.02,0.02,0.02
D1,1,alt,99,0.64,0.18,0.32
D2,1,null,0,0.92,0.78,0.9
D2,1,null,1,0.84,0.7,0.88
D2,1,null,2,0.92,0.12,0.18
D2,1,null,3,0.44,0.08,0.14
D2,1,null,4,0.02,0.68,0.02
D2,1,null,5,0.18,0.58,0.26
D2,1,null,6,0.94,0.84,0.98
D2,1,null,7,0.52,0.74,0.7
D2,1,null,8,0.82,0.86,0.98
D2,1,null,9,0.8,0.66,0.9
D2,1,null,10,0.5,0.6,0.7
D2,1,null,11,0.14,0.04,0.1
D2,1,null,12,0.06,0.92,0.06
D2,1,null,13,0.98,0.46,0.76
D2,1,null,14,0.46,0.82,0.7
D2,1,null,15,0.46,0.46,0.62
D2,1,null,16,0.08,0.22,0.1
D2,1,null,17,0.28,0.74,0.46
D2,1,null,18,0.16,0.76,0.2
D2,1,null,19,0.36,0.32,0.54
D2,1,null,20,0.82,0.58,0.78
D2,1,null,21,0.1,0.1,0.14
D2,1,null,22,0.64,0.16,0.22
D2,1,null,23,1.0,0.44,0.64
D2,1,null,24,0.84,0.52,0.68
D2,1,null,25,0.5,0.28,0.44
D2,1,null,26,0.7,0.84,0.9
D2,1,null,27,0.5,0.52,0.76
D2,1,null,28,0.04,0.74,0.06
D2,1,null,29,0.26,0.3,0.3
D2,1,null,30,0.14,0.78,0.3
D2,1,null,31,0.88,0.1,0.16
D2,1,null,32,0.82,0.92,0.96
D2,1,null,33,0.84,0.6,0.82
D2,1,null,34,0.9,0.7,0.94
D2,1,null,35,0.92,0.5,0.72
D2,1,null,36,0.26,0.76,0.42
D2,1,null,37,0.7,0.54,0.72
D2,1,null,38,0.54,0.74,0.8
D2,1,null,39,0.46,0.16,0.34
D2,1,null,40,0.08,0.08,0.08
D2,1,null,41,0.06,0.08,0.08
D2,1,null,42,0.68,0.42,0.54
D2,1,null,43,0.84,0.14,0.28
D2,1,null,44,0.28,0.58,0.4
D2,1,null,45,0.9,0.6,0.86
D2,1,null,46,0.84,0.22,0.44
D2,1,null,47,0.48,0.82,0.62
D2,1,null,48,0.26,0.64,0.52
D2,1,null,49,0.48,0.72,0.68
D2,1,null,50,0.56,0.56,0.72
D2,1,null,51,0.46,0.42,0.64
D2,1,null,52,0.68,0.74,0.9
D2,1,null,53,0.14,0.72,0.14
D2,1,null,54,0.8,1.0,0.94
D2,1,null,55,0.58,0.82,0.76
D2,1,null,56,0.98,0.18,0.34
D2,1,null,57,0.9,0.88,0.94
D2,1,null,58,0.54,0.04,0.08
D2,1,null,59,0.44,0.1,0.22
D2,1,null,60,0.2,0.38,0.42
D2,1,null,61,0.08,0.8,0.12
D2,1,null,62,0.34,0.5,0.52
D2,1,null,63,0.66,0.44,0.62
D2,1,null,64,1.0,0.24,0.32
D2,1,null,65,0.14,0.24,0.2
D2,1,null,66,0.24,0.54,0.4
D2,1,null,67,0.94,0.64,0.8
D2,1,null,68,0.7,0.6,0.86
D2,1,null,69,0.48,0.7,0.74
D2,1,null,70,0.32,0.24,0.38
D2,1,null,71,0.74,0.78,0.94
D2,1,null,72,0.6,0.22,0.36
D2,1,null,73,0.46,0.66,0.66
D2,1,null,74,0.18,0.7,0.26
D2,1,null,75,0.44,0.96,0.62
D2,1,null,76,0.48,0.8,0.72
D2,1,null,77,0.82,0.34,0.48
D2,1,null,78,0.68,0.32,0.4
D2,1,null,79,0.12,0.52,0.14
D2,1,null,80,0.6,0.96,0.78
D2,1,null,81,0.16,0.72,0.22
D2,1,null,82,0.32,0.76,0.46
D2,1,null,83,0.58,0.34,0.48
D2,1,null,84,0.26,0.9,0.48
D2,1,null,85,0.44,0.22,0.32
D2,1,null,86,0.68,0.14,0.18
D2,1,null,87,0.44,0.06,0.12
D2,1,null,88,0.48,0.14,0.3
D2,1,null,89,0.8,0.14,0.3
D2,1,null,90,0.62,0.06,0.1
D2,1,null,91,0.62,0.2,0.34
D2,1,null,92,0.9,0.64,0.84
D2,1,null,93,0.2,0.34,0.28
D2,1,null,94,0.4,0.58,0.56
D2,1,null,95,0.52,0.16,0.22
D2,1,null,96,0.42,0.34,0.54
D2,1,null,97,0.66,0.26,0.48
D2,1,null,98,0.02,0.34,0.08
D2,1,null,99,0.44,0.1,0.26
D2,1,alt,0,0.32,0.8,0.62
D2,1,alt,1,0.12,0.64,0.12
D2,1,alt,2,0.02,0.28,0.02
D2,1,alt,3,0.24,0.82,0.38
D2,1,alt,4,0.02,0.38,0.02
D2,1,alt,5,0.24,0.92,0.32
D2,1,alt,6,0.02,0.58,0.04
D2,1,alt,7,0.04,0.82,0.06
D2,1,alt,8,0.02,0.4,0.02
D2,1,alt,9,0.28,0.88,0.38
D2,1,alt,10,0.32,0.58,0.5
D2,1,alt,11,0.04,0.6,0.08
D2,1,alt,12,0.04,0.56,0.1
D2,1,alt,13,0.92,0.94,1.0
D2,1,alt,14,0.06,0.82,0.1
D2,1,alt,15,0.04,0.08,0.08
D2,1,alt,16,0.64,0.88,0.9
D2,1,alt,17,0.04,0.62,0.06
D2,1,alt,18,0.3,0.6,0.52
D2,1,alt,19,0.14,0.62,0.28
D2,1,alt,20,0.06,0.52,0.1
D2,1,alt,21,0.02,0.48,0.06
D2,1,alt,22,0.08,0.14,0.12
D2,1,alt,23,0.14,0.78,0.26
D2,1,alt,24,0.08,0.12,0.16
D2,1,alt,25,0.08,0.52,0.1
D2,1,alt,26,0.02,0.18,0.06
D2,1,alt,27,0.1,0.8,0.18
D2,1,alt,28,0.68,0.08,0.18
D2,1,alt,29,0.1,0.1,0.14
D2,1,alt,30,0.06,0.64,0.16
D2,1,alt,31,0.02,0.74,0.06
D2,1,alt,32,0.02,0.14,0.02
D2,1,alt,33,0.06,0.56,0.1
D2,1,alt,34,0.02,0.82,0.02
D2,1,alt,35,0.94,0.3,0.5
D2,1,alt,36,0.06,0.86,0.1
D2,1,alt,37,0.14,0.38,0.26
D2,1,alt,38,0.06,0.26,0.08
D2,1,alt,39,0.44,0.6,0.66
D2,1,alt,40,0.52,0.4,0.68
D2,1,alt,41,0.32,0.48,0.56
D2,1,alt,42,0.1,1.0,0.14
D2,1,alt,43,0.04,0.6,0.06
D2,1,alt,44,0.24,0.62,0.38
D2,1,alt,45,0.02,0.98,0.02
D2,1,alt,46,0.04,0.98,0.04
D2,1,alt,47,0.04,0.98,0.06
D2,1,alt,48,0.02,0.84,0.02
D2,1,alt,49,0.24,0.58,0.34
D2,1,alt,50,0.26,0.3,0.34
D2,1,alt,51,0.04,0.32,0.06
D2,1,alt,52,0.04,0.12,0.04
D2,1,alt,53,0.06,0.68,0.06
D2,1,alt,54,0.02,1.0,0.04
D2,1,alt,55,0.32,0.96,0.46
D2,1,alt,56,0.02,0.9,0.02
D2,1,alt,57,0.04,0.9,0.08
D2,1,alt,58,0.42,0.58,0.66
D2,1,alt,59,0.1,0.56,0.22
D2,1,alt,60,0.06,0.52,0.14
D2,1,alt,61,0.44,0.6,0.58
D2,1,alt,62,0.04,0.14,0.04
D2,1,alt,63,0.48,0.38,0.62
D2,1,alt,64,0.1,0.86,0.16
D2,1,alt,65,0.02,0.02,0.02
D2,1,alt,66,0.1,1.0,0.14
D2,1,alt,67,0.56,0.9,0.9
D2,1,alt,68,0.5,0.3,0.56
D2,1,alt,69,0.32,0.14,0.28
D2,1,alt,70,0.04,0.98,0.04
D2,1,alt,71,0.04,0.76,0.04
D2,1,alt,72,0.02,0.4,0.04
D2,1,alt,73,0.08,0.58,0.16
D2,1,alt,74,0.06,0.06,0.1
D2,1,alt,75,0.2,0.66,0.32
D2,1,alt,76,0.62,0.9,0.8
D2,1,alt,77,0.02,0.32,0.02
D2,1,alt,78,0.12,0.1,0.1
D2,1,alt,79,0.12,0.82,0.26
D2,1,alt,80,0.08,0.34,0.08
D2,1,alt,81,0.02,0.12,0.06
D2,1,alt,82,0.84,0.44,0.64
D2,1,alt,83,0.4,0.58,0.58
D2,1,alt,84,0.04,0.12,0.06
D2,1,alt,85,0.06,0.36,0.1
D2,1,alt,86,0.24,0.48,0.38
D2,1,alt,87,0.38,0.56,0.48
D2,1,alt,88,0.02,0.48,0.04
D2,1,alt,89,0.04,0.12,0.04
D2,1,alt,90,0.06,0.14,0.1
D2,1,alt,91,0.02,0.92,0.02
D2,1,alt,92,0.02,0.34,0.02
D2,1,alt,93,0.64,0.4,0.62
D2,1,alt,94,0.08,0.04,0.1
D2,1,alt,95,0.1,0.18,0.24
D2,1,alt,96,0.18,0.34,0.22
D2,1,alt,97,0.18,0.98,0.34
D2,1,alt,98,0.02,0.68,0.02
D2,1,alt,99,0.08,0.66,0.12
D2,2,null,0,0.24,0.56,0.34
D2,2,null,1,0.58,0.74,0.78
D2,2,null,2,0.18,0.36,0.26
D2,2,null,3,0.3,0.6,0.36
D2,2,null,4,0.34,1.0,0.48
D2,2,null,5,0.58,0.84,0.72
D2,2,null,6,0.42,0.62,0.6
D2,2,null,7,0.3,0.6,0.44
D2,2,null,8,0.7,0.16,0.28
D2,2,null,9,0.22,0.88,0.36
D2,2,null,10,0.84,0.2,0.3
D2,2,null,11,0.3,0.98,0.42
D2,2,null,12,0.82,0.16,0.32
D2,2,null,13,0.86,0.5,0.78
D2,2,null,14,0.18,0.48,0.2
D2,2,null,15,0.5,0.22,0.4
D2,2,null,16,0.94,0.78,1.0
D2,2,null,17,0.86,0.86,0.96
D2,2,null,18,0.12,0.14,0.18
D2,2,null,19,0.88,0.48,0.7
D2,2,null,20,0.86,0.82,0.92
D2,2,null,21,0.22,0.88,0.34
D2,2,null,22,0.16,0.12,0.18
D2,2,null,23,0.12,0.1,0.16
D2,2,null,24,0.72,0.74,0.86
D2,2,null,25,0.84,0.22,0.32
D2,2,null,26,0.5,0.12,0.18
D2,2,null,27,0.68,0.48,0.76
D2,2,null,28,0.8,0.64,0.84
D2,2,null,29,0.88,0.2,0.4
D2,2,null,30,0.96,0.92,0.98
D2,2,null,31,0.38,0.24,0.4
D2,2,null,32,0.84,0.94,0.98
D2,2,null,33,0.2,0.28,0.22
D2,2,null,34,0.7,0.9,0.94
D2,2,null,35,0.74,0.56,0.72
D2,2,null,36,0.58,0.14,0.24
D2,2,null,37,0.64,0.76,0.86
D2,2,null,38,0.18,0.6,0.22
D2,2,null,39,0.74,0.5,0.82
D2,2,null,40,0.5,0.84,0.76
D2,2,null,41,0.58,0.1,0.18
D2,2,null,42,0.3,0.1,0.18
D2,2,null,43,0.34,0.84,0.48
D2,2,null,44,0.18,0.84,0.28
D2,2,null,45,0.22,0.06,0.1
D2,2,null,46,0.48,0.78,0.68
D2,2,null,47,0.32,0.24,0.34
D2,2,null,48,0.12,0.06,0.14
D2,2,null,49,0.74,0.74,0.88
D2,2,null,50,0.82,1.0,0.94
D2,2,null,51,0.98,0.48,0.74
D2,2,null,52,0.9,0.64,0.8
D2,2,null,53,0.7,0.08,0.16
D2,2,null,54,0.54,0.28,0.54
D2,2,null,55,0.34,0.04,0.06
D2,2,null,56,0.26,0.12,0.22
D2,2,null,57,0.2,0.46,0.26
D2,2,null,58,0.68,0.14,0.22
D2,2,null,59,0.72,0.94,0.92
D2,2,null,60,1.0,0.76,0.94
D2,2,null,61,0.84,0.22,0.38
D2,2,null,62,0.14,0.18,0.22
D2,2,null,63,0.98,0.94,1.0
D2,2,null,64,0.56,0.2,0.36
D2,2,null,65,0.86,0.84,0.96
D2,2,null,66,0.7,0.74,0.84
D2,2,null,67,0.76,0.86,0.92
D2,2,null,68,0.02,0.3,0.04
D2,2,null,69,0.94,0.88,0.98
D2,2,null,70,0.08,0.42,0.1
D2,2,null,71,0.16,0.46,0.2
D2,2,null,72,0.62,0.92,0.8
D2,2,null,73,0.26,0.42,0.42
D2,2,null,74,0.42,0.8,0.64
D2,2,null,75,0.56,0.52,0.72
D2,2,null,76,0.72,0.78,0.94
D2,2,null,77,0.96,0.74,0.9
D2,2,null,78,0.36,0.7,0.5
D2,2,null,79,0.34,0.32,0.46
D2,2,null,80,0.52,0.4,0.6
D2,2,null,81,0.46,0.1,0.2
D2,2,null,82,0.28,0.62,0.44
D2,2,null,83,0.14,0.24,0.24
D2,2,null,84,0.4,0.72,0.5
D2,2,null,85,0.88,0.26,0.44
D2,2,null,86,0.38,0.5,0.56
D2,2,null,87,0.22,0.72,0.28
D2,2,null,88,0.78,0.8,0.92
D2,2,null,89,0.86,1.0,0.96
D2,2,null,90,0.78,0.32,0.52
D2,2,null,91,0.04,0.14,0.06
D2,2,null,92,0.98,0.88,0.98
D2,2,null,93,0.5,0.14,0.32
D2,2,null,94,0.46,0.08,0.22
D2,2,null,95,0.7,0.3,0.46
D2,2,null,96,0.8,0.5,0.68
D2,2,null,97,0.86,0.2,0.38
D2,2,null,98,0.02,0.58,0.02
D2,2,null,99,0.8,1.0,0.94
D2,2,alt,0,0.02,0.64,0.02
D2,2,alt,1,0.02,0.68,0.02
D2,2,alt,2,0.02,0.5,0.02
D2,2,alt,3,0.02,0.94,0.02
D2,2,alt,4,0.02,0.54,0.02
D2,2,alt,5,0.02,0.46,0.02
D2,2,alt,6,0.1,0.38,0.16
D2,2,alt,7,0.02,0.04,0.02
D2,2,alt,8,0.02,0.44,0.02
D2,2,alt,9,0.02,0.54,0.02
D2,2,alt,10,0.02,0.18,0.02
D2,2,alt,11,0.02,0.4,0.02
D2,2,alt,12,0.02,0.66,0.02
D2,2,alt,13,0.02,0.64,0.02
D2,2,alt,14,0.02,0.66,0.02
D2,2,alt,15,0.02,0.5,0.02
D2,2,alt,16,0.16,0.3,0.26
D2,2,alt,17,0.02,0.02,0.02
D2,2,alt,18,0.02,0.34,0.02
D2,2,alt,19,0.02,0.5,0.02
D2,2,alt,20,0.02,0.84,0.02
D2,2,alt,21,0.02,0.36,0.02
D2,2,alt,22,0.02,0.7,0.02
D2,2,alt,23,0.02,0.5,0.02
D2,2,alt,24,0.02,0.36,0.02
D2,2,alt,25,0.02,0.1,0.02
D2,2,alt,26,0.02,0.58,0.02
D2,2,alt,27,0.02,0.18,0.02
D2,2,alt,28,0.02,0.08,0.02
D2,2,alt,29,0.02,0.66,0.02
D2,2,alt,30,0.02,0.8,0.02
D2,2,alt,31,0.02,0.84,0.02
D2,2,alt,32,0.02,0.42,0.02
D2,2,alt,33,0.02,0.48,0.02
D2,2,alt,34,0.02,0.52,0.02
D2,2,alt,35,0.02,0.6,0.02
D2,2,alt,36,0.02,0.36,0.02
D2,2,alt,37,0.04,0.1,0.04
D2,2,alt,38,0.02,0.82,0.02
D2,2,alt,39,0.02,0.72,0.02
D2,2,alt,40,0.02,0.02,0.02
D2,2,alt,41,0.02,0.34,0.02
D2,2,alt,42,0.02,0.5,0.02
D2,2,alt,43,0.02,0.74,0.02
D2,2,alt,44,0.02,0.46,0.02
D2,2,alt,45,0.02,0.9,0.02
D2,2,alt,46,0.02,0.46,0.02
D2,2,alt,47,0.02,0.18,0.02
D2,2,alt,48,0.04,0.48,0.04
D2,2,alt,49,0.02,0.52,0.02
D2,2,alt,50,0.02,0.7,0.02
D2,2,alt,51,0.02,0.24,0.02
D2,2,alt,52,0.02,0.82,0.02
D2,2,alt,53,0.02,0.26,0.02
D2,2,alt,54,0.02,0.52,0.02
D2,2,alt,55,0.02,0.36,0.02
D2,2,alt,56,0.02,0.12,0.02
D2,2,alt,57,0.02,0.14,0.02
D2,2,alt,58,0.02,0.92,0.02
D2,2,alt,59,0.04,0.36,0.04
D2,2,alt,60,0.04,0.12,0.04
D2,2,alt,61,0.02,0.84,0.02
D2,2,alt,62,0.02,0.1,0.04
D2,2,alt,63,0.02,0.12,0.02
D2,2,alt,64,0.02,0.68,0.02
D2,2,alt,65,0.02,0.66,0.02
D2,2,alt,66,0.02,0.22,0.02
D2,2,alt,67,0.02,0.04,0.02
D2,2,alt,68,0.02,0.3,0.02
D2,2,alt,69,0.02,0.26,0.02
D2,2,alt,70,0.02,0.28,0.02
D2,2,alt,71,0.06,0.28,0.12
D2,2,alt,72,0.02,0.26,0.02
D2,2,alt,73,0.02,0.88,0.02
D2,2,alt,74,0.02,0.2,0.02
D2,2,alt,75,0.02,0.1,0.02
D2,2,alt,76,0.02,0.12,0.02
D2,2,alt,77,0.02,0.46,0.02
D2,2,alt,78,0.02,0.68,0.02
D2,2,alt,79,0.02,0.68,0.02
D2,2,alt,80,0.02,0.48,0.02
D2,2,alt,81,0.02,0.06,0.02
D2,2,alt,82,0.02,0.1,0.02
D2,2,alt,83,0.02,0.38,0.02
D2,2,alt,84,0.02,1.0,0.02
D2,2,alt,85,0.02,0.02,0.02
D2,2,alt,86,0.02,0.92,0.02
D2,2,alt,87,0.02,0.92,0.02
D2,2,alt,88,0.02,0.4,0.02
D2,2,alt,89,0.02,0.14,0.02
D2,2,alt,90,0.02,0.24,0.02
D2,2,alt,91,0.02,0.58,0.02
D2,2,alt,92,0.02,0.3,0.02
D2,2,alt,93,0.02,0.44,0.02
D2,2,alt,94,0.02,0.66,0.02
D2,2,alt,95,0.02,0.1,0.02
D2,2,alt,96,0.02,0.56,0.02
D2,2,alt,97,0.02,0.18,0.02
D2,2,alt,98,0.04,0.72,0.04
D2,2,alt,99,0.04,0.2,0.04
