scen,level,level_idx,method,mode,key,power,detect_rate,loc_err_median,threshold,n_reps
N1,0.6,0,kQDg-Holevo,g,kQDg-Holevo|g,0.0,0.06,169.0,10.431887779817297,200
N1,0.6,0,kSpecHolevo,g,kSpecHolevo|g,0.0,0.035,193.0,2.4295370068623265,200
N1,0.6,0,kFrob,g,kFrob|g,0.005,0.05,173.0,1.5240658117798076,200
N1,0.6,0,MMDx0.25,g,MMDx0.25|g,0.01,0.105,141.0,2.027724190240069,200
N1,0.6,0,MMDx0.5,g,MMDx0.5|g,0.01,0.09,176.0,2.14947791657573,200
N1,0.6,0,MMDx1.0,g,MMDx1.0|g,0.01,0.065,199.0,2.144206392647437,200
N1,0.6,0,MMDx2.0,g,MMDx2.0|g,0.005,0.05,196.0,1.83719093033937,200
N1,0.6,0,MMDx4.0,g,MMDx4.0|g,0.005,0.05,186.0,1.3175473383375504,200
N1,0.8,1,kQDg-Holevo,g,kQDg-Holevo|g,0.02,0.08,71.0,10.431887779817297,200
N1,0.8,1,kSpecHolevo,g,kSpecHolevo|g,0.015,0.045,50.0,2.4295370068623265,200
N1,0.8,1,kFrob,g,kFrob|g,0.015,0.09,68.0,1.5240658117798076,200
N1,0.8,1,MMDx0.25,g,MMDx0.25|g,0.09,0.265,52.0,2.027724190240069,200
N1,0.8,1,MMDx0.5,g,MMDx0.5|g,0.045,0.16,72.5,2.14947791657573,200
N1,0.8,1,MMDx1.0,g,MMDx1.0|g,0.015,0.065,163.0,2.144206392647437,200
N1,0.8,1,MMDx2.0,g,MMDx2.0|g,0.005,0.04,171.5,1.83719093033937,200
N1,0.8,1,MMDx4.0,g,MMDx4.0|g,0.01,0.035,155.0,1.3175473383375504,200
N1,0.9,2,kQDg-Holevo,g,kQDg-Holevo|g,0.515,0.72,11.5,10.431887779817297,200
N1,0.9,2,kSpecHolevo,g,kSpecHolevo|g,0.155,0.31,31.5,2.4295370068623265,200
N1,0.9,2,kFrob,g,kFrob|g,0.265,0.48,20.0,1.5240658117798076,200
N1,0.9,2,MMDx0.25,g,MMDx0.25|g,0.72,0.97,10.0,2.027724190240069,200
N1,0.9,2,MMDx0.5,g,MMDx0.5|g,0.345,0.65,27.5,2.14947791657573,200
N1,0.9,2,MMDx1.0,g,MMDx1.0|g,0.06,0.195,67.0,2.144206392647437,200
N1,0.9,2,MMDx2.0,g,MMDx2.0|g,0.0,0.05,200.0,1.83719093033937,200
N1,0.9,2,MMDx4.0,g,MMDx4.0|g,0.0,0.045,222.0,1.3175473383375504,200
N2,5.0,0,kQDg-Holevo,g,kQDg-Holevo|g,0.365,0.775,35.0,10.247220158533526,200
N2,5.0,0,kSpecHolevo,g,kSpecHolevo|g,0.48,0.82,23.0,2.221145146276706,200
N2,5.0,0,kFrob,g,kFrob|g,0.25,0.47,27.5,1.5255082749604167,200
N2,5.0,0,MMDx0.25,g,MMDx0.25|g,0.325,0.595,28.0,2.1643696334928615,200
N2,5.0,0,MMDx0.5,g,MMDx0.5|g,0.29,0.515,27.0,2.2661968533414556,200
N2,5.0,0,MMDx1.0,g,MMDx1.0|g,0.115,0.255,34.0,2.2801802604546926,200
N2,5.0,0,MMDx2.0,g,MMDx2.0|g,0.025,0.08,107.0,1.8367296677348963,200
N2,5.0,0,MMDx4.0,g,MMDx4.0|g,0.0,0.04,230.5,1.2926398995833914,200
N2,3.0,1,kQDg-Holevo,g,kQDg-Holevo|g,0.88,1.0,4.0,10.247220158533526,200
N2,3.0,1,kSpecHolevo,g,kSpecHolevo|g,0.955,1.0,3.0,2.221145146276706,200
N2,3.0,1,kFrob,g,kFrob|g,0.93,1.0,5.0,1.5255082749604167,200
N2,3.0,1,MMDx0.25,g,MMDx0.25|g,0.915,1.0,4.0,2.1643696334928615,200
N2,3.0,1,MMDx0.5,g,MMDx0.5|g,0.93,1.0,4.0,2.2661968533414556,200
N2,3.0,1,MMDx1.0,g,MMDx1.0|g,0.88,0.995,6.0,2.2801802604546926,200
N2,3.0,1,MMDx2.0,g,MMDx2.0|g,0.79,0.94,8.5,1.8367296677348963,200
N2,3.0,1,MMDx4.0,g,MMDx4.0|g,0.345,0.525,16.0,1.2926398995833914,200
N2,2.5,2,kQDg-Holevo,g,kQDg-Holevo|g,0.99,1.0,3.0,10.247220158533526,200
N2,2.5,2,kSpecHolevo,g,kSpecHolevo|g,0.99,1.0,2.0,2.221145146276706,200
N2,2.5,2,kFrob,g,kFrob|g,0.995,1.0,2.0,1.5255082749604167,200
N2,2.5,2,MMDx0.25,g,MMDx0.25|g,0.99,1.0,2.0,2.1643696334928615,200
N2,2.5,2,MMDx0.5,g,MMDx0.5|g,0.995,1.0,2.0,2.2661968533414556,200
N2,2.5,2,MMDx1.0,g,MMDx1.0|g,0.98,1.0,2.5,2.2801802604546926,200
N2,2.5,2,MMDx2.0,g,MMDx2.0|g,0.98,1.0,3.0,1.8367296677348963,200
N2,2.5,2,MMDx4.0,g,MMDx4.0|g,0.905,1.0,6.0,1.2926398995833914,200
N3,0.5,0,kQDg-Holevo,g,kQDg-Holevo|g,0.025,0.145,97.0,10.26540379287642,200
N3,0.5,0,kSpecHolevo,g,kSpecHolevo|g,0.01,0.055,114.0,2.5031953961169795,200
N3,0.5,0,kFrob,g,kFrob|g,0.015,0.035,54.0,1.5241650012411787,200
N3,0.5,0,MMDx0.25,g,MMDx0.25|g,0.02,0.07,105.5,2.11241656273587,200
N3,0.5,0,MMDx0.5,g,MMDx0.5|g,0.01,0.04,91.5,2.249734798389624,200
N3,0.5,0,MMDx1.0,g,MMDx1.0|g,0.005,0.035,131.0,2.1557398091909725,200
N3,0.5,0,MMDx2.0,g,MMDx2.0|g,0.005,0.04,135.0,1.8339737788871315,200
N3,0.5,0,MMDx4.0,g,MMDx4.0|g,0.01,0.06,135.0,1.3066955679376548,200
N3,0.7,1,kQDg-Holevo,g,kQDg-Holevo|g,0.2,0.55,50.0,10.26540379287642,200
N3,0.7,1,kSpecHolevo,g,kSpecHolevo|g,0.045,0.205,121.0,2.5031953961169795,200
N3,0.7,1,kFrob,g,kFrob|g,0.07,0.16,43.0,1.5241650012411787,200
N3,0.7,1,MMDx0.25,g,MMDx0.25|g,0.1,0.285,47.0,2.11241656273587,200
N3,0.7,1,MMDx0.5,g,MMDx0.5|g,0.09,0.2,38.0,2.249734798389624,200
N3,0.7,1,MMDx1.0,g,MMDx1.0|g,0.04,0.105,69.0,2.1557398091909725,200
N3,0.7,1,MMDx2.0,g,MMDx2.0|g,0.015,0.065,151.0,1.8339737788871315,200
N3,0.7,1,MMDx4.0,g,MMDx4.0|g,0.015,0.06,156.5,1.3066955679376548,200
N3,0.9,2,kQDg-Holevo,g,kQDg-Holevo|g,0.785,0.995,8.0,10.26540379287642,200
N3,0.9,2,kSpecHolevo,g,kSpecHolevo|g,0.445,0.825,24.0,2.5031953961169795,200
N3,0.9,2,kFrob,g,kFrob|g,0.515,0.81,17.0,1.5241650012411787,200
N3,0.9,2,MMDx0.25,g,MMDx0.25|g,0.695,0.965,12.0,2.11241656273587,200
N3,0.9,2,MMDx0.5,g,MMDx0.5|g,0.605,0.89,14.5,2.249734798389624,200
N3,0.9,2,MMDx1.0,g,MMDx1.0|g,0.33,0.575,21.0,2.1557398091909725,200
N3,0.9,2,MMDx2.0,g,MMDx2.0|g,0.05,0.145,61.0,1.8339737788871315,200
N3,0.9,2,MMDx4.0,g,MMDx4.0|g,0.01,0.04,121.0,1.3066955679376548,200
S1,0.15,0,kQDg-Holevo,g,kQDg-Holevo|g,0.025,0.13,87.0,15.05714636723445,200
S1,0.15,0,kSpecHolevo,g,kSpecHolevo|g,0.0,0.04,230.5,2.053504422279374,200
S1,0.15,0,kFrob,g,kFrob|g,0.02,0.125,94.0,1.344124504986768,200
S1,0.15,0,MMDx0.25,g,MMDx0.25|g,0.01,0.09,78.5,1.5426936310461632,200
S1,0.15,0,MMDx0.5,g,MMDx0.5|g,0.015,0.09,78.5,1.7063701258480446,200
S1,0.15,0,MMDx1.0,g,MMDx1.0|g,0.035,0.16,92.5,1.517752162380075,200
S1,0.15,0,MMDx2.0,g,MMDx2.0|g,0.04,0.23,98.0,1.1338285218137962,200
S1,0.15,0,MMDx4.0,g,MMDx4.0|g,0.04,0.23,98.0,0.7447374198855969,200
S1,0.3,1,kQDg-Holevo,g,kQDg-Holevo|g,0.365,0.7,27.0,15.05714636723445,200
S1,0.3,1,kSpecHolevo,g,kSpecHolevo|g,0.0,0.055,229.0,2.053504422279374,200
S1,0.3,1,kFrob,g,kFrob|g,0.35,0.63,22.5,1.344124504986768,200
S1,0.3,1,MMDx0.25,g,MMDx0.25|g,0.16,0.37,35.5,1.5426936310461632,200
S1,0.3,1,MMDx0.5,g,MMDx0.5|g,0.235,0.485,33.0,1.7063701258480446,200
S1,0.3,1,MMDx1.0,g,MMDx1.0|g,0.335,0.665,29.0,1.517752162380075,200
S1,0.3,1,MMDx2.0,g,MMDx2.0|g,0.395,0.74,26.0,1.1338285218137962,200
S1,0.3,1,MMDx4.0,g,MMDx4.0|g,0.41,0.755,25.0,0.7447374198855969,200
S1,0.5,2,kQDg-Holevo,g,kQDg-Holevo|g,0.765,0.97,9.0,15.05714636723445,200
S1,0.5,2,kSpecHolevo,g,kSpecHolevo|g,0.0,0.065,223.0,2.053504422279374,200
S1,0.5,2,kFrob,g,kFrob|g,0.745,0.97,11.0,1.344124504986768,200
S1,0.5,2,MMDx0.25,g,MMDx0.25|g,0.635,0.85,13.0,1.5426936310461632,200
S1,0.5,2,MMDx0.5,g,MMDx0.5|g,0.735,0.955,10.0,1.7063701258480446,200
S1,0.5,2,MMDx1.0,g,MMDx1.0|g,0.78,0.975,7.0,1.517752162380075,200
S1,0.5,2,MMDx2.0,g,MMDx2.0|g,0.8,0.995,7.0,1.1338285218137962,200
S1,0.5,2,MMDx4.0,g,MMDx4.0|g,0.825,0.995,7.0,0.7447374198855969,200
S3,8,0,kQDg-Holevo,g,kQDg-Holevo|g,0.035,0.09,43.5,14.723235081106582,200
S3,8,0,kSpecHolevo,g,kSpecHolevo|g,0.0,0.035,239.0,2.064519022346996,200
S3,8,0,kFrob,g,kFrob|g,0.01,0.06,143.5,1.2965702346545736,200
S3,8,0,MMDx0.25,g,MMDx0.25|g,0.005,0.065,183.0,1.5603496547978524,200
S3,8,0,MMDx0.5,g,MMDx0.5|g,0.005,0.07,186.5,1.7130397552717915,200
S3,8,0,MMDx1.0,g,MMDx1.0|g,0.0,0.05,165.5,1.6972046883353822,200
S3,8,0,MMDx2.0,g,MMDx2.0|g,0.0,0.03,137.0,1.376116318415814,200
S3,8,0,MMDx4.0,g,MMDx4.0|g,0.0,0.045,172.0,0.933694616684763,200
S3,15,1,kQDg-Holevo,g,kQDg-Holevo|g,0.365,0.61,20.5,14.723235081106582,200
S3,15,1,kSpecHolevo,g,kSpecHolevo|g,0.0,0.05,214.0,2.064519022346996,200
S3,15,1,kFrob,g,kFrob|g,0.095,0.21,34.0,1.2965702346545736,200
S3,15,1,MMDx0.25,g,MMDx0.25|g,0.115,0.23,29.0,1.5603496547978524,200
S3,15,1,MMDx0.5,g,MMDx0.5|g,0.08,0.215,47.0,1.7130397552717915,200
S3,15,1,MMDx1.0,g,MMDx1.0|g,0.025,0.14,77.0,1.6972046883353822,200
S3,15,1,MMDx2.0,g,MMDx2.0|g,0.02,0.105,72.0,1.376116318415814,200
S3,15,1,MMDx4.0,g,MMDx4.0|g,0.02,0.1,69.5,0.933694616684763,200
S3,25,2,kQDg-Holevo,g,kQDg-Holevo|g,0.94,1.0,4.0,14.723235081106582,200
S3,25,2,kSpecHolevo,g,kSpecHolevo|g,0.005,0.095,221.0,2.064519022346996,200
S3,25,2,kFrob,g,kFrob|g,0.5,0.74,11.0,1.2965702346545736,200
S3,25,2,MMDx0.25,g,MMDx0.25|g,0.69,0.845,8.0,1.5603496547978524,200
S3,25,2,MMDx0.5,g,MMDx0.5|g,0.65,0.83,10.0,1.7130397552717915,200
S3,25,2,MMDx1.0,g,MMDx1.0|g,0.31,0.485,17.0,1.6972046883353822,200
S3,25,2,MMDx2.0,g,MMDx2.0|g,0.065,0.165,46.0,1.376116318415814,200
S3,25,2,MMDx4.0,g,MMDx4.0|g,0.02,0.105,118.0,0.933694616684763,200
