n,form,grid,setup_sec,curve_sec,scan_sec,peak_rss_MiB,rss_before_curve_MiB,curve_max,argmax,error,per_candidate_ms,scan_measured,source
600,r2-stream,481,0.0299,0.006,0.036,110.8,110.8,0.499722191900625,530,,,,this run
600,r2-prefix2d,481,0.0298,0.009,0.039,111.0,111.0,0.49972219190198497,530,,,,this run
1200,r2-stream,1081,0.0871,0.026,0.113,149.1,149.1,1.2011782753482423,1136,,,,this run
1200,r2-prefix2d,1081,0.0854,0.034,0.119,148.9,148.9,1.2011782753521607,1136,,,,this run
2400,r2-stream,2281,0.202,0.087,0.289,226.2,226.2,0.9201545984998717,1239,,,,this run
2400,r2-prefix2d,2281,0.2038,0.137,0.341,226.2,226.2,0.9201545984997822,1239,,,,this run
4800,r2-stream,4681,0.4385,0.341,0.779,380.4,380.4,1.5257503071200695,4611,,,,this run
4800,r2-prefix2d,4681,0.4351,0.729,1.164,611.7,380.5,1.5257503071121015,4611,,,,this run
9600,r2-stream,9481,0.8591,1.286,2.145,536.6,536.6,1.9060433073688416,4806,,,,this run
9600,r2-prefix2d,9481,0.8645,2.959,3.824,2202.2,536.4,1.9060433073670393,4806,,,,this run
19200,r2-stream,19081,1.7077,6.709,8.417,848.0,848.0,2.6642114483014763,9789,,,,this run
19200,r2-prefix2d,19081,1.7095,14.349,16.059,8546.9,847.8,2.664211448298516,9789,,,,this run
600,primal-D8,481,0.033,,0.14,,,,,,0.987,True,scaling/scaling.csv (Table 2)
600,primal-D16,481,0.5255,,2.03,,,,,,3.133,True,scaling/scaling.csv (Table 2)
600,dual-m256,481,0.0253,,3.95,,,,,,7.443,True,scaling/scaling.csv (Table 2)
600,dual-full,481,0.0242,,10.78,,,,,,20.842,True,scaling/scaling.csv (Table 2)
1200,primal-D8,1081,0.0801,,0.32,,,,,,0.227,True,scaling/scaling.csv (Table 2)
1200,primal-D16,1081,1.0632,,4.43,,,,,,3.12,True,scaling/scaling.csv (Table 2)
1200,dual-m256,1081,0.0816,,10.44,,,,,,10.77,True,scaling/scaling.csv (Table 2)
1200,dual-full,1081,0.0811,,233.19,,,,,,215.64,False,scaling/scaling.csv (Table 2)
2400,primal-D8,2281,0.1962,,0.7,,,,,,0.222,True,scaling/scaling.csv (Table 2)
2400,primal-D16,2281,2.1184,,9.06,,,,,,3.048,True,scaling/scaling.csv (Table 2)
2400,dual-m256,2281,0.197,,23.85,,,,,,10.888,True,scaling/scaling.csv (Table 2)
2400,dual-full,2281,0.1961,,3809.32,,,,,,1669.937,False,scaling/scaling.csv (Table 2)
4800,primal-D8,4681,0.4231,,1.46,,,,,,0.224,True,scaling/scaling.csv (Table 2)
4800,primal-D16,4681,4.0365,,18.24,,,,,,3.048,True,scaling/scaling.csv (Table 2)
4800,dual-m256,4681,0.4279,,49.46,,,,,,10.766,True,scaling/scaling.csv (Table 2)
4800,dual-full,4681,0.4303,,78510.42,,,,,,16772.054,False,scaling/scaling.csv (Table 2)
9600,primal-D8,9481,0.8485,,2.95,,,,,,0.224,True,scaling/scaling.csv (Table 2)
9600,primal-D16,9481,8.3981,,37.48,,,,,,3.082,True,scaling/scaling.csv (Table 2)
9600,dual-m256,9481,0.854,,103.97,,,,,,10.876,False,scaling/scaling.csv (Table 2)
19200,primal-D8,19081,1.6767,,5.91,,,,,,0.223,True,scaling/scaling.csv (Table 2)
19200,primal-D16,19081,16.5888,,75.98,,,,,,3.128,True,scaling/scaling.csv (Table 2)
19200,dual-m256,19081,1.685,,211.36,,,,,,10.989,False,scaling/scaling.csv (Table 2)
