level,rep,any,near,k
1.0,0,0,0,0
1.0,1,0,0,0
1.0,2,0,0,0
1.0,3,0,0,0
1.0,4,0,0,0
1.0,5,0,0,0
1.0,6,0,0,0
1.0,7,0,0,0
1.0,8,0,0,0
1.0,9,0,0,0
1.0,10,0,0,0
1.0,11,0,0,0
1.0,12,0,0,0
1.0,13,0,0,0
1.0,14,0,0,0
1.0,15,0,0,0
1.0,16,0,0,0
1.0,17,0,0,0
1.0,18,0,0,0
1.0,19,0,0,0
1.0,20,0,0,0
1.0,21,0,0,0
1.0,22,0,0,0
1.0,23,0,0,0
1.0,24,0,0,0
1.0,25,0,0,0
1.0,26,0,0,0
1.0,27,0,0,0
1.0,28,0,0,0
1.0,29,0,0,0
1.0,30,0,0,0
1.0,31,1,0,1
1.0,32,0,0,0
1.0,33,1,0,1
1.0,34,0,0,0
1.0,35,0,0,0
1.0,36,0,0,0
1.0,37,0,0,0
1.0,38,0,0,0
1.0,39,0,0,0
1.0,40,0,0,0
1.0,41,0,0,0
1.0,42,0,0,0
1.0,43,0,0,0
1.0,44,0,0,0
1.0,45,0,0,0
1.0,46,0,0,0
1.0,47,0,0,0
1.0,48,0,0,0
1.0,49,0,0,0
1.0,50,0,0,0
1.0,51,0,0,0
1.0,52,0,0,0
1.0,53,0,0,0
1.0,54,0,0,0
1.0,55,0,0,0
1.0,56,0,0,0
1.0,57,0,0,0
1.0,58,0,0,0
1.0,59,0,0,0
1.0,60,0,0,0
1.0,61,0,0,0
1.0,62,0,0,0
1.0,63,0,0,0
1.0,64,0,0,0
1.0,65,0,0,0
1.0,66,0,0,0
1.0,67,0,0,0
1.0,68,0,0,0
1.0,69,0,0,0
1.0,70,0,0,0
1.0,71,0,0,0
1.0,72,0,0,0
1.0,73,0,0,0
1.0,74,0,0,0
1.0,75,0,0,0
1.0,76,0,0,0
1.0,77,0,0,0
1.0,78,0,0,0
1.0,79,0,0,0
1.0,80,0,0,0
1.0,81,0,0,0
1.0,82,0,0,0
1.0,83,0,0,0
1.0,84,0,0,0
1.0,85,0,0,0
1.0,86,0,0,0
1.0,87,0,0,0
1.0,88,0,0,0
1.0,89,0,0,0
1.0,90,0,0,0
1.0,91,1,0,1
1.0,92,0,0,0
1.0,93,0,0,0
1.0,94,0,0,0
1.0,95,0,0,0
1.0,96,0,0,0
1.0,97,0,0,0
1.0,98,0,0,0
1.0,99,1,0,1
1.3,0,0,0,0
1.3,1,1,1,1
1.3,2,0,0,0
1.3,3,0,0,0
1.3,4,0,0,0
1.3,5,1,1,1
1.3,6,0,0,0
1.3,7,1,1,1
1.3,8,0,0,0
1.3,9,1,0,1
1.3,10,0,0,0
1.3,11,0,0,0
1.3,12,1,0,1
1.3,13,1,1,1
1.3,14,0,0,0
1.3,15,1,1,1
1.3,16,1,0,1
1.3,17,1,1,1
1.3,18,1,0,1
1.3,19,0,0,0
1.3,20,0,0,0
1.3,21,0,0,0
1.3,22,1,0,2
1.3,23,0,0,0
1.3,24,1,0,2
1.3,25,1,0,1
1.3,26,1,0,1
1.3,27,0,0,0
1.3,28,0,0,0
1.3,29,0,0,0
1.3,30,0,0,0
1.3,31,1,1,2
1.3,32,0,0,0
1.3,33,1,0,1
1.3,34,1,0,1
1.3,35,1,0,1
1.3,36,1,1,1
1.3,37,0,0,0
1.3,38,1,0,1
1.3,39,1,0,1
1.3,40,1,1,1
1.3,41,1,1,1
1.3,42,0,0,0
1.3,43,1,0,1
1.3,44,0,0,0
1.3,45,0,0,0
1.3,46,1,1,1
1.3,47,0,0,0
1.3,48,0,0,0
1.3,49,1,1,1
1.3,50,0,0,0
1.3,51,1,1,1
1.3,52,0,0,0
1.3,53,1,1,1
1.3,54,0,0,0
1.3,55,0,0,0
1.3,56,0,0,0
1.3,57,0,0,0
1.3,58,1,0,1
1.3,59,1,1,1
1.3,60,1,0,1
1.3,61,0,0,0
1.3,62,0,0,0
1.3,63,1,0,2
1.3,64,0,0,0
1.3,65,0,0,0
1.3,66,0,0,0
1.3,67,0,0,0
1.3,68,1,1,1
1.3,69,0,0,0
1.3,70,0,0,0
1.3,71,0,0,0
1.3,72,0,0,0
1.3,73,1,1,1
1.3,74,0,0,0
1.3,75,1,0,1
1.3,76,0,0,0
1.3,77,0,0,0
1.3,78,0,0,0
1.3,79,0,0,0
1.3,80,1,1,1
1.3,81,0,0,0
1.3,82,0,0,0
1.3,83,1,1,1
1.3,84,1,1,1
1.3,85,0,0,0
1.3,86,1,1,1
1.3,87,1,0,1
1.3,88,0,0,0
1.3,89,1,1,1
1.3,90,0,0,0
1.3,91,1,0,1
1.3,92,0,0,0
1.3,93,0,0,0
1.3,94,0,0,0
1.3,95,0,0,0
1.3,96,1,0,1
1.3,97,0,0,0
1.3,98,1,1,2
1.3,99,1,0,1
1.6,0,1,1,1
1.6,1,1,1,1
1.6,2,1,1,1
1.6,3,1,1,1
1.6,4,1,1,1
1.6,5,1,1,1
1.6,6,1,0,1
1.6,7,1,1,1
1.6,8,1,1,1
1.6,9,1,1,1
1.6,10,1,0,1
1.6,11,1,1,1
1.6,12,1,0,1
1.6,13,1,1,1
1.6,14,1,0,1
1.6,15,1,1,1
1.6,16,1,1,1
1.6,17,1,1,1
1.6,18,1,1,1
1.6,19,1,1,1
1.6,20,1,0,1
1.6,21,1,1,1
1.6,22,1,0,2
1.6,23,1,1,1
1.6,24,1,1,1
1.6,25,1,1,1
1.6,26,1,0,2
1.6,27,1,1,1
1.6,28,1,1,1
1.6,29,1,1,1
1.6,30,1,0,1
1.6,31,1,1,2
1.6,32,1,1,1
1.6,33,1,0,2
1.6,34,1,1,1
1.6,35,1,1,1
1.6,36,1,1,1
1.6,37,1,1,1
1.6,38,1,0,1
1.6,39,1,1,1
1.6,40,1,1,1
1.6,41,1,1,1
1.6,42,1,1,1
1.6,43,1,1,2
1.6,44,1,1,1
1.6,45,1,1,1
1.6,46,1,1,1
1.6,47,1,1,1
1.6,48,1,1,1
1.6,49,1,1,1
1.6,50,1,1,1
1.6,51,1,1,1
1.6,52,1,1,1
1.6,53,1,1,1
1.6,54,1,1,1
1.6,55,1,1,1
1.6,56,1,1,1
1.6,57,1,1,1
1.6,58,1,0,1
1.6,59,1,1,1
1.6,60,1,1,1
1.6,61,1,1,1
1.6,62,1,1,1
1.6,63,1,1,1
1.6,64,1,1,1
1.6,65,1,1,2
1.6,66,1,1,1
1.6,67,1,1,1
1.6,68,1,1,1
1.6,69,1,1,1
1.6,70,1,1,1
1.6,71,1,1,1
1.6,72,1,1,2
1.6,73,1,1,1
1.6,74,1,1,1
1.6,75,1,1,1
1.6,76,1,0,2
1.6,77,1,1,2
1.6,78,1,1,1
1.6,79,1,1,1
1.6,80,1,1,1
1.6,81,1,1,1
1.6,82,1,1,1
1.6,83,1,1,1
1.6,84,1,1,1
1.6,85,1,0,1
1.6,86,1,1,1
1.6,87,1,1,1
1.6,88,1,1,1
1.6,89,1,1,1
1.6,90,1,1,1
1.6,91,1,1,1
1.6,92,1,1,1
1.6,93,1,1,1
1.6,94,1,0,1
1.6,95,1,1,1
1.6,96,1,1,1
1.6,97,1,1,1
1.6,98,1,1,2
1.6,99,1,1,1
2.0,0,1,1,1
2.0,1,1,1,1
2.0,2,1,1,1
2.0,3,1,1,1
2.0,4,1,1,1
2.0,5,1,1,1
2.0,6,1,1,1
2.0,7,1,1,1
2.0,8,1,1,1
2.0,9,1,1,1
2.0,10,1,1,1
2.0,11,1,1,1
2.0,12,1,1,1
2.0,13,1,1,1
2.0,14,1,1,1
2.0,15,1,1,1
2.0,16,1,1,1
2.0,17,1,1,1
2.0,18,1,1,1
2.0,19,1,1,1
2.0,20,1,1,1
2.0,21,1,1,1
2.0,22,1,0,2
2.0,23,1,1,1
2.0,24,1,1,1
2.0,25,1,1,1
2.0,26,1,1,1
2.0,27,1,1,1
2.0,28,1,1,1
2.0,29,1,1,1
2.0,30,1,1,1
2.0,31,1,1,2
2.0,32,1,1,1
2.0,33,1,1,2
2.0,34,1,1,1
2.0,35,1,1,1
2.0,36,1,1,1
2.0,37,1,1,1
2.0,38,1,1,2
2.0,39,1,1,1
2.0,40,1,1,1
2.0,41,1,1,1
2.0,42,1,1,1
2.0,43,1,1,2
2.0,44,1,1,1
2.0,45,1,1,1
2.0,46,1,1,1
2.0,47,1,1,1
2.0,48,1,1,1
2.0,49,1,1,1
2.0,50,1,1,1
2.0,51,1,1,1
2.0,52,1,1,1
2.0,53,1,1,1
2.0,54,1,1,1
2.0,55,1,1,1
2.0,56,1,1,1
2.0,57,1,1,1
2.0,58,1,1,1
2.0,59,1,1,1
2.0,60,1,1,1
2.0,61,1,1,1
2.0,62,1,1,1
2.0,63,1,1,1
2.0,64,1,1,1
2.0,65,1,1,1
2.0,66,1,1,1
2.0,67,1,1,1
2.0,68,1,1,1
2.0,69,1,1,1
2.0,70,1,1,1
2.0,71,1,1,1
2.0,72,1,1,2
2.0,73,1,1,1
2.0,74,1,1,1
2.0,75,1,1,2
2.0,76,1,1,2
2.0,77,1,1,2
2.0,78,1,1,1
2.0,79,1,1,1
2.0,80,1,1,1
2.0,81,1,1,1
2.0,82,1,1,1
2.0,83,1,1,1
2.0,84,1,1,1
2.0,85,1,1,1
2.0,86,1,1,1
2.0,87,1,1,1
2.0,88,1,1,1
2.0,89,1,1,1
2.0,90,1,1,1
2.0,91,1,1,1
2.0,92,1,1,1
2.0,93,1,1,1
2.0,94,1,1,1
2.0,95,1,1,1
2.0,96,1,1,1
2.0,97,1,1,1
2.0,98,1,1,1
2.0,99,1,1,1
