scen,level,method,sigma_mult,mode,power,detect_rate
M1,1.3,DOMI,4.0,gs,0.0,0.054
M1,1.3,DOMI,2.0,gs,0.006,0.06
M1,1.3,DOMI,1.0,gs,0.002,0.046
M1,1.3,DOMI,0.5,gs,0.002,0.05
M1,1.3,DOMI,0.25,gs,0.012,0.08
M1,1.6,DOMI,4.0,gs,0.002,0.042
M1,1.6,DOMI,2.0,gs,0.004,0.048
M1,1.6,DOMI,1.0,gs,0.0,0.032
M1,1.6,DOMI,0.5,gs,0.0,0.032
M1,1.6,DOMI,0.25,gs,0.02,0.074
M1,2.0,DOMI,4.0,gs,0.002,0.046
M1,2.0,DOMI,2.0,gs,0.0,0.06
M1,2.0,DOMI,1.0,gs,0.002,0.052
M1,2.0,DOMI,0.5,gs,0.012,0.044
M1,2.0,DOMI,0.25,gs,0.018,0.066
