tag,kind,label,copy,value
e6c_SPX-TNX,pelt_beta,,0,3.5
e6c_SPX-TNX,pelt_beta,,1,1.5
e6c_SPX-TNX,pelt_beta,,2,5.0
e6c_SPX-TNX,pelt_beta,,3,4.0
e6c_SPX-TNX,pelt_beta,,4,3.5
e6c_SPX-TNX,pelt_beta,,5,2.5
e6c_SPX-TNX,pelt_beta,,6,3.0
e6c_SPX-TNX,pelt_beta,,7,3.0
e6c_SPX-TNX,pelt_beta,,8,3.0
e6c_SPX-TNX,pelt_beta,,9,2.5
e6c_SPX-TNX,pelt_beta,,10,3.0
e6c_SPX-TNX,pelt_beta,,11,5.5
e6c_SPX-TNX,pelt_beta,,12,2.0
e6c_SPX-TNX,pelt_beta,,13,4.0
e6c_SPX-TNX,pelt_beta,,14,2.5
e6c_SPX-TNX,pelt_beta,,15,2.5
e6c_SPX-TNX,pelt_beta,,16,6.0
e6c_SPX-TNX,pelt_beta,,17,4.5
e6c_SPX-TNX,pelt_beta,,18,6.0
e6c_SPX-TNX,pelt_beta,,19,6.5
e6c_KOSPI-USDKRW,pelt_block_beta,,0,8.0
e6c_KOSPI-USDKRW,pelt_block_beta,,1,4.0
e6c_KOSPI-USDKRW,pelt_block_beta,,2,6.0
e6c_KOSPI-USDKRW,pelt_block_beta,,3,4.5
e6c_KOSPI-USDKRW,pelt_block_beta,,4,5.0
e6c_KOSPI-USDKRW,pelt_block_beta,,5,3.0
e6c_KOSPI-USDKRW,pelt_block_beta,,6,3.0
e6c_KOSPI-USDKRW,pelt_block_beta,,7,5.0
e6c_KOSPI-USDKRW,pelt_block_beta,,8,3.0
e6c_KOSPI-USDKRW,pelt_block_beta,,9,5.5
e6c_KOSPI-USDKRW,pelt_block_beta,,10,5.5
e6c_KOSPI-USDKRW,pelt_block_beta,,11,6.5
e6c_KOSPI-USDKRW,pelt_block_beta,,12,2.0
e6c_KOSPI-USDKRW,pelt_block_beta,,13,3.0
e6c_KOSPI-USDKRW,pelt_block_beta,,14,3.5
e6c_KOSPI-USDKRW,pelt_block_beta,,15,5.5
e6c_KOSPI-USDKRW,pelt_block_beta,,16,2.5
e6c_KOSPI-USDKRW,pelt_block_beta,,17,5.0
e6c_KOSPI-USDKRW,pelt_block_beta,,18,4.5
e6c_KOSPI-USDKRW,pelt_block_beta,,19,3.5
