part,config,rep,value,extra
H2,tau/n=0.2,0,1,0
H2,tau/n=0.2,1,1,0
H2,tau/n=0.2,2,1,0
H2,tau/n=0.2,3,1,0
H2,tau/n=0.2,4,1,0
H2,tau/n=0.2,5,1,0
H2,tau/n=0.2,6,1,0
H2,tau/n=0.2,7,1,0
H2,tau/n=0.2,8,1,0
H2,tau/n=0.2,9,1,0
H2,tau/n=0.2,10,1,0
H2,tau/n=0.2,11,1,0
H2,tau/n=0.2,12,0,0
H2,tau/n=0.2,13,1,0
H2,tau/n=0.2,14,1,0
H2,tau/n=0.2,15,1,0
H2,tau/n=0.2,16,1,0
H2,tau/n=0.2,17,1,0
H2,tau/n=0.2,18,1,0
H2,tau/n=0.2,19,1,0
H2,tau/n=0.2,20,1,0
H2,tau/n=0.2,21,1,0
H2,tau/n=0.2,22,1,0
H2,tau/n=0.2,23,1,0
H2,tau/n=0.2,24,1,0
H2,tau/n=0.2,25,1,0
H2,tau/n=0.2,26,1,0
H2,tau/n=0.2,27,1,0
H2,tau/n=0.2,28,0,0
H2,tau/n=0.2,29,0,0
H2,tau/n=0.2,30,1,0
H2,tau/n=0.2,31,1,0
H2,tau/n=0.2,32,1,0
H2,tau/n=0.2,33,1,0
H2,tau/n=0.2,34,1,0
H2,tau/n=0.2,35,1,0
H2,tau/n=0.2,36,1,0
H2,tau/n=0.2,37,1,0
H2,tau/n=0.2,38,1,0
H2,tau/n=0.2,39,1,0
H2,tau/n=0.2,40,1,0
H2,tau/n=0.2,41,1,0
H2,tau/n=0.2,42,0,0
H2,tau/n=0.2,43,1,0
H2,tau/n=0.2,44,1,0
H2,tau/n=0.2,45,1,0
H2,tau/n=0.2,46,1,0
H2,tau/n=0.2,47,1,0
H2,tau/n=0.2,48,1,0
H2,tau/n=0.2,49,1,0
H2,tau/n=0.2,50,1,0
H2,tau/n=0.2,51,1,0
H2,tau/n=0.2,52,1,0
H2,tau/n=0.2,53,1,0
H2,tau/n=0.2,54,1,0
H2,tau/n=0.2,55,1,0
H2,tau/n=0.2,56,1,0
H2,tau/n=0.2,57,1,0
H2,tau/n=0.2,58,1,0
H2,tau/n=0.2,59,1,0
H2,tau/n=0.2,60,1,0
H2,tau/n=0.2,61,1,0
H2,tau/n=0.2,62,1,0
H2,tau/n=0.2,63,1,0
H2,tau/n=0.2,64,1,0
H2,tau/n=0.2,65,1,0
H2,tau/n=0.2,66,1,0
H2,tau/n=0.2,67,1,0
H2,tau/n=0.2,68,1,0
H2,tau/n=0.2,69,1,0
H2,tau/n=0.2,70,1,0
H2,tau/n=0.2,71,1,0
H2,tau/n=0.2,72,1,0
H2,tau/n=0.2,73,1,0
H2,tau/n=0.2,74,1,0
H2,tau/n=0.2,75,1,0
H2,tau/n=0.2,76,0,0
H2,tau/n=0.2,77,1,0
H2,tau/n=0.2,78,1,0
H2,tau/n=0.2,79,1,0
H2,tau/n=0.2,80,1,0
H2,tau/n=0.2,81,1,0
H2,tau/n=0.2,82,1,0
H2,tau/n=0.2,83,1,0
H2,tau/n=0.2,84,1,0
H2,tau/n=0.2,85,1,0
H2,tau/n=0.2,86,1,0
H2,tau/n=0.2,87,1,0
H2,tau/n=0.2,88,1,0
H2,tau/n=0.2,89,1,0
H2,tau/n=0.2,90,1,0
H2,tau/n=0.2,91,1,0
H2,tau/n=0.2,92,1,0
H2,tau/n=0.2,93,1,0
H2,tau/n=0.2,94,1,0
H2,tau/n=0.2,95,1,0
H2,tau/n=0.2,96,1,0
H2,tau/n=0.2,97,1,0
H2,tau/n=0.2,98,1,0
H2,tau/n=0.2,99,1,0
H2,tau/n=0.2,100,1,0
H2,tau/n=0.2,101,1,0
H2,tau/n=0.2,102,1,0
H2,tau/n=0.2,103,1,0
H2,tau/n=0.2,104,1,0
H2,tau/n=0.2,105,1,0
H2,tau/n=0.2,106,1,0
H2,tau/n=0.2,107,1,0
H2,tau/n=0.2,108,1,0
H2,tau/n=0.2,109,1,0
H2,tau/n=0.2,110,1,0
H2,tau/n=0.2,111,1,0
H2,tau/n=0.2,112,1,0
H2,tau/n=0.2,113,1,0
H2,tau/n=0.2,114,1,0
H2,tau/n=0.2,115,1,0
H2,tau/n=0.2,116,1,0
H2,tau/n=0.2,117,1,0
H2,tau/n=0.2,118,1,0
H2,tau/n=0.2,119,0,0
H2,tau/n=0.2,120,1,0
H2,tau/n=0.2,121,1,0
H2,tau/n=0.2,122,1,0
H2,tau/n=0.2,123,1,0
H2,tau/n=0.2,124,1,0
H2,tau/n=0.2,125,1,0
H2,tau/n=0.2,126,1,0
H2,tau/n=0.2,127,1,0
H2,tau/n=0.2,128,0,0
H2,tau/n=0.2,129,1,0
H2,tau/n=0.2,130,1,0
H2,tau/n=0.2,131,0,0
H2,tau/n=0.2,132,1,0
H2,tau/n=0.2,133,1,0
H2,tau/n=0.2,134,1,0
H2,tau/n=0.2,135,1,0
H2,tau/n=0.2,136,1,0
H2,tau/n=0.2,137,1,0
H2,tau/n=0.2,138,1,0
H2,tau/n=0.2,139,1,0
H2,tau/n=0.2,140,1,0
H2,tau/n=0.2,141,1,0
H2,tau/n=0.2,142,1,0
H2,tau/n=0.2,143,1,0
H2,tau/n=0.2,144,1,0
H2,tau/n=0.2,145,1,0
H2,tau/n=0.2,146,1,0
H2,tau/n=0.2,147,1,0
H2,tau/n=0.2,148,0,0
H2,tau/n=0.2,149,1,0
H2,tau/n=0.2,150,1,0
H2,tau/n=0.2,151,1,0
H2,tau/n=0.2,152,1,0
H2,tau/n=0.2,153,1,0
H2,tau/n=0.2,154,1,0
H2,tau/n=0.2,155,1,0
H2,tau/n=0.2,156,1,0
H2,tau/n=0.2,157,1,0
H2,tau/n=0.2,158,1,0
H2,tau/n=0.2,159,1,0
H2,tau/n=0.2,160,1,0
H2,tau/n=0.2,161,1,0
H2,tau/n=0.2,162,1,0
H2,tau/n=0.2,163,1,0
H2,tau/n=0.2,164,1,0
H2,tau/n=0.2,165,1,0
H2,tau/n=0.2,166,1,0
H2,tau/n=0.2,167,1,0
H2,tau/n=0.2,168,1,0
H2,tau/n=0.2,169,1,0
H2,tau/n=0.2,170,1,0
H2,tau/n=0.2,171,1,0
H2,tau/n=0.2,172,1,0
H2,tau/n=0.2,173,1,0
H2,tau/n=0.2,174,1,0
H2,tau/n=0.2,175,1,0
H2,tau/n=0.2,176,1,0
H2,tau/n=0.2,177,1,0
H2,tau/n=0.2,178,1,0
H2,tau/n=0.2,179,1,0
H2,tau/n=0.2,180,1,0
H2,tau/n=0.2,181,1,0
H2,tau/n=0.2,182,1,0
H2,tau/n=0.2,183,1,0
H2,tau/n=0.2,184,1,0
H2,tau/n=0.2,185,1,0
H2,tau/n=0.2,186,1,0
H2,tau/n=0.2,187,1,0
H2,tau/n=0.2,188,1,0
H2,tau/n=0.2,189,1,0
H2,tau/n=0.2,190,1,0
H2,tau/n=0.2,191,1,0
H2,tau/n=0.2,192,1,0
H2,tau/n=0.2,193,1,0
H2,tau/n=0.2,194,1,0
H2,tau/n=0.2,195,1,0
H2,tau/n=0.2,196,1,0
H2,tau/n=0.2,197,0,0
H2,tau/n=0.2,198,1,0
H2,tau/n=0.2,199,1,0
H2,tau/n=0.33,0,1,0
H2,tau/n=0.33,1,1,0
H2,tau/n=0.33,2,1,0
H2,tau/n=0.33,3,1,0
H2,tau/n=0.33,4,1,0
H2,tau/n=0.33,5,1,0
H2,tau/n=0.33,6,1,0
H2,tau/n=0.33,7,1,0
H2,tau/n=0.33,8,1,0
H2,tau/n=0.33,9,1,0
H2,tau/n=0.33,10,1,0
H2,tau/n=0.33,11,1,0
H2,tau/n=0.33,12,1,0
H2,tau/n=0.33,13,1,0
H2,tau/n=0.33,14,1,0
H2,tau/n=0.33,15,1,0
H2,tau/n=0.33,16,1,0
H2,tau/n=0.33,17,1,0
H2,tau/n=0.33,18,1,0
H2,tau/n=0.33,19,1,0
H2,tau/n=0.33,20,1,0
H2,tau/n=0.33,21,1,0
H2,tau/n=0.33,22,1,0
H2,tau/n=0.33,23,1,0
H2,tau/n=0.33,24,1,0
H2,tau/n=0.33,25,1,0
H2,tau/n=0.33,26,1,0
H2,tau/n=0.33,27,1,0
H2,tau/n=0.33,28,1,0
H2,tau/n=0.33,29,1,0
H2,tau/n=0.33,30,1,0
H2,tau/n=0.33,31,1,0
H2,tau/n=0.33,32,1,0
H2,tau/n=0.33,33,1,0
H2,tau/n=0.33,34,1,0
H2,tau/n=0.33,35,1,0
H2,tau/n=0.33,36,1,0
H2,tau/n=0.33,37,1,0
H2,tau/n=0.33,38,1,0
H2,tau/n=0.33,39,1,0
H2,tau/n=0.33,40,1,0
H2,tau/n=0.33,41,1,0
H2,tau/n=0.33,42,1,0
H2,tau/n=0.33,43,1,0
H2,tau/n=0.33,44,1,0
H2,tau/n=0.33,45,1,0
H2,tau/n=0.33,46,1,0
H2,tau/n=0.33,47,1,0
H2,tau/n=0.33,48,1,0
H2,tau/n=0.33,49,1,0
H2,tau/n=0.33,50,1,0
H2,tau/n=0.33,51,1,0
H2,tau/n=0.33,52,1,0
H2,tau/n=0.33,53,1,0
H2,tau/n=0.33,54,1,0
H2,tau/n=0.33,55,1,0
H2,tau/n=0.33,56,1,0
H2,tau/n=0.33,57,1,0
H2,tau/n=0.33,58,1,0
H2,tau/n=0.33,59,1,0
H2,tau/n=0.33,60,1,0
H2,tau/n=0.33,61,1,0
H2,tau/n=0.33,62,1,0
H2,tau/n=0.33,63,1,0
H2,tau/n=0.33,64,1,0
H2,tau/n=0.33,65,1,0
H2,tau/n=0.33,66,1,0
H2,tau/n=0.33,67,1,0
H2,tau/n=0.33,68,1,0
H2,tau/n=0.33,69,1,0
H2,tau/n=0.33,70,1,0
H2,tau/n=0.33,71,1,0
H2,tau/n=0.33,72,1,0
H2,tau/n=0.33,73,1,0
H2,tau/n=0.33,74,1,0
H2,tau/n=0.33,75,1,0
H2,tau/n=0.33,76,1,0
H2,tau/n=0.33,77,1,0
H2,tau/n=0.33,78,1,0
H2,tau/n=0.33,79,1,0
H2,tau/n=0.33,80,1,0
H2,tau/n=0.33,81,1,0
H2,tau/n=0.33,82,1,0
H2,tau/n=0.33,83,1,0
H2,tau/n=0.33,84,1,0
H2,tau/n=0.33,85,1,0
H2,tau/n=0.33,86,1,0
H2,tau/n=0.33,87,1,0
H2,tau/n=0.33,88,1,0
H2,tau/n=0.33,89,1,0
H2,tau/n=0.33,90,1,0
H2,tau/n=0.33,91,1,0
H2,tau/n=0.33,92,1,0
H2,tau/n=0.33,93,1,0
H2,tau/n=0.33,94,1,0
H2,tau/n=0.33,95,1,0
H2,tau/n=0.33,96,1,0
H2,tau/n=0.33,97,1,0
H2,tau/n=0.33,98,1,0
H2,tau/n=0.33,99,1,0
H2,tau/n=0.33,100,1,0
H2,tau/n=0.33,101,1,0
H2,tau/n=0.33,102,1,0
H2,tau/n=0.33,103,1,0
H2,tau/n=0.33,104,1,0
H2,tau/n=0.33,105,1,0
H2,tau/n=0.33,106,1,0
H2,tau/n=0.33,107,1,0
H2,tau/n=0.33,108,1,0
H2,tau/n=0.33,109,1,0
H2,tau/n=0.33,110,1,0
H2,tau/n=0.33,111,1,0
H2,tau/n=0.33,112,1,0
H2,tau/n=0.33,113,1,0
H2,tau/n=0.33,114,1,0
H2,tau/n=0.33,115,1,0
H2,tau/n=0.33,116,1,0
H2,tau/n=0.33,117,1,0
H2,tau/n=0.33,118,1,0
H2,tau/n=0.33,119,1,0
H2,tau/n=0.33,120,1,0
H2,tau/n=0.33,121,1,0
H2,tau/n=0.33,122,1,0
H2,tau/n=0.33,123,1,0
H2,tau/n=0.33,124,1,0
H2,tau/n=0.33,125,1,0
H2,tau/n=0.33,126,1,0
H2,tau/n=0.33,127,1,0
H2,tau/n=0.33,128,1,0
H2,tau/n=0.33,129,1,0
H2,tau/n=0.33,130,1,0
H2,tau/n=0.33,131,1,0
H2,tau/n=0.33,132,1,0
H2,tau/n=0.33,133,1,0
H2,tau/n=0.33,134,1,0
H2,tau/n=0.33,135,1,0
H2,tau/n=0.33,136,1,0
H2,tau/n=0.33,137,1,0
H2,tau/n=0.33,138,1,0
H2,tau/n=0.33,139,1,0
H2,tau/n=0.33,140,1,0
H2,tau/n=0.33,141,1,0
H2,tau/n=0.33,142,1,0
H2,tau/n=0.33,143,1,0
H2,tau/n=0.33,144,1,0
H2,tau/n=0.33,145,1,0
H2,tau/n=0.33,146,1,0
H2,tau/n=0.33,147,1,0
H2,tau/n=0.33,148,1,0
H2,tau/n=0.33,149,1,0
H2,tau/n=0.33,150,1,0
H2,tau/n=0.33,151,1,0
H2,tau/n=0.33,152,1,0
H2,tau/n=0.33,153,1,0
H2,tau/n=0.33,154,1,0
H2,tau/n=0.33,155,1,0
H2,tau/n=0.33,156,1,0
H2,tau/n=0.33,157,1,0
H2,tau/n=0.33,158,1,0
H2,tau/n=0.33,159,1,0
H2,tau/n=0.33,160,1,0
H2,tau/n=0.33,161,1,0
H2,tau/n=0.33,162,1,0
H2,tau/n=0.33,163,1,0
H2,tau/n=0.33,164,1,0
H2,tau/n=0.33,165,1,0
H2,tau/n=0.33,166,1,0
H2,tau/n=0.33,167,1,0
H2,tau/n=0.33,168,1,0
H2,tau/n=0.33,169,1,0
H2,tau/n=0.33,170,1,0
H2,tau/n=0.33,171,1,0
H2,tau/n=0.33,172,1,0
H2,tau/n=0.33,173,1,0
H2,tau/n=0.33,174,1,0
H2,tau/n=0.33,175,1,0
H2,tau/n=0.33,176,1,0
H2,tau/n=0.33,177,1,0
H2,tau/n=0.33,178,1,0
H2,tau/n=0.33,179,1,0
H2,tau/n=0.33,180,1,0
H2,tau/n=0.33,181,1,0
H2,tau/n=0.33,182,1,0
H2,tau/n=0.33,183,1,0
H2,tau/n=0.33,184,1,0
H2,tau/n=0.33,185,1,0
H2,tau/n=0.33,186,1,0
H2,tau/n=0.33,187,1,0
H2,tau/n=0.33,188,1,0
H2,tau/n=0.33,189,1,0
H2,tau/n=0.33,190,1,0
H2,tau/n=0.33,191,1,0
H2,tau/n=0.33,192,1,0
H2,tau/n=0.33,193,1,0
H2,tau/n=0.33,194,1,0
H2,tau/n=0.33,195,1,0
H2,tau/n=0.33,196,1,0
H2,tau/n=0.33,197,1,0
H2,tau/n=0.33,198,1,0
H2,tau/n=0.33,199,1,0
H2,tau/n=0.5,0,1,1
H2,tau/n=0.5,1,1,1
H2,tau/n=0.5,2,1,1
H2,tau/n=0.5,3,1,0
H2,tau/n=0.5,4,1,1
H2,tau/n=0.5,5,1,1
H2,tau/n=0.5,6,1,1
H2,tau/n=0.5,7,1,1
H2,tau/n=0.5,8,1,1
H2,tau/n=0.5,9,1,1
H2,tau/n=0.5,10,1,1
H2,tau/n=0.5,11,1,1
H2,tau/n=0.5,12,1,1
H2,tau/n=0.5,13,1,1
H2,tau/n=0.5,14,1,1
H2,tau/n=0.5,15,1,1
H2,tau/n=0.5,16,1,1
H2,tau/n=0.5,17,1,1
H2,tau/n=0.5,18,1,1
H2,tau/n=0.5,19,1,1
H2,tau/n=0.5,20,1,1
H2,tau/n=0.5,21,1,1
H2,tau/n=0.5,22,1,1
H2,tau/n=0.5,23,1,1
H2,tau/n=0.5,24,1,1
H2,tau/n=0.5,25,1,0
H2,tau/n=0.5,26,1,1
H2,tau/n=0.5,27,1,0
H2,tau/n=0.5,28,1,1
H2,tau/n=0.5,29,1,1
H2,tau/n=0.5,30,1,1
H2,tau/n=0.5,31,1,1
H2,tau/n=0.5,32,1,1
H2,tau/n=0.5,33,1,1
H2,tau/n=0.5,34,1,1
H2,tau/n=0.5,35,1,1
H2,tau/n=0.5,36,1,0
H2,tau/n=0.5,37,1,1
H2,tau/n=0.5,38,1,1
H2,tau/n=0.5,39,1,1
H2,tau/n=0.5,40,1,1
H2,tau/n=0.5,41,1,1
H2,tau/n=0.5,42,1,1
H2,tau/n=0.5,43,1,1
H2,tau/n=0.5,44,1,1
H2,tau/n=0.5,45,1,0
H2,tau/n=0.5,46,1,1
H2,tau/n=0.5,47,1,1
H2,tau/n=0.5,48,1,1
H2,tau/n=0.5,49,1,1
H2,tau/n=0.5,50,1,1
H2,tau/n=0.5,51,1,1
H2,tau/n=0.5,52,1,1
H2,tau/n=0.5,53,1,0
H2,tau/n=0.5,54,1,1
H2,tau/n=0.5,55,1,1
H2,tau/n=0.5,56,1,1
H2,tau/n=0.5,57,1,1
H2,tau/n=0.5,58,1,1
H2,tau/n=0.5,59,1,1
H2,tau/n=0.5,60,1,1
H2,tau/n=0.5,61,1,1
H2,tau/n=0.5,62,1,1
H2,tau/n=0.5,63,1,1
H2,tau/n=0.5,64,1,1
H2,tau/n=0.5,65,1,1
H2,tau/n=0.5,66,1,1
H2,tau/n=0.5,67,1,0
H2,tau/n=0.5,68,1,1
H2,tau/n=0.5,69,1,0
H2,tau/n=0.5,70,1,0
H2,tau/n=0.5,71,1,1
H2,tau/n=0.5,72,1,1
H2,tau/n=0.5,73,1,1
H2,tau/n=0.5,74,1,1
H2,tau/n=0.5,75,1,1
H2,tau/n=0.5,76,1,1
H2,tau/n=0.5,77,1,1
H2,tau/n=0.5,78,1,0
H2,tau/n=0.5,79,1,1
H2,tau/n=0.5,80,1,1
H2,tau/n=0.5,81,1,1
H2,tau/n=0.5,82,1,1
H2,tau/n=0.5,83,1,1
H2,tau/n=0.5,84,1,0
H2,tau/n=0.5,85,1,1
H2,tau/n=0.5,86,1,1
H2,tau/n=0.5,87,1,1
H2,tau/n=0.5,88,1,1
H2,tau/n=0.5,89,1,1
H2,tau/n=0.5,90,1,1
H2,tau/n=0.5,91,1,1
H2,tau/n=0.5,92,1,1
H2,tau/n=0.5,93,1,1
H2,tau/n=0.5,94,1,1
H2,tau/n=0.5,95,1,1
H2,tau/n=0.5,96,1,0
H2,tau/n=0.5,97,1,0
H2,tau/n=0.5,98,1,0
H2,tau/n=0.5,99,1,1
H2,tau/n=0.5,100,1,0
H2,tau/n=0.5,101,1,1
H2,tau/n=0.5,102,1,1
H2,tau/n=0.5,103,1,1
H2,tau/n=0.5,104,1,1
H2,tau/n=0.5,105,1,1
H2,tau/n=0.5,106,1,1
H2,tau/n=0.5,107,1,1
H2,tau/n=0.5,108,1,1
H2,tau/n=0.5,109,1,1
H2,tau/n=0.5,110,1,1
H2,tau/n=0.5,111,1,1
H2,tau/n=0.5,112,1,1
H2,tau/n=0.5,113,1,1
H2,tau/n=0.5,114,1,1
H2,tau/n=0.5,115,1,1
H2,tau/n=0.5,116,1,1
H2,tau/n=0.5,117,1,1
H2,tau/n=0.5,118,1,1
H2,tau/n=0.5,119,1,1
H2,tau/n=0.5,120,1,1
H2,tau/n=0.5,121,1,1
H2,tau/n=0.5,122,1,1
H2,tau/n=0.5,123,1,1
H2,tau/n=0.5,124,1,1
H2,tau/n=0.5,125,1,1
H2,tau/n=0.5,126,1,1
H2,tau/n=0.5,127,1,1
H2,tau/n=0.5,128,1,1
H2,tau/n=0.5,129,1,1
H2,tau/n=0.5,130,1,1
H2,tau/n=0.5,131,1,1
H2,tau/n=0.5,132,1,1
H2,tau/n=0.5,133,1,1
H2,tau/n=0.5,134,1,0
H2,tau/n=0.5,135,1,1
H2,tau/n=0.5,136,1,1
H2,tau/n=0.5,137,1,0
H2,tau/n=0.5,138,1,1
H2,tau/n=0.5,139,1,0
H2,tau/n=0.5,140,1,1
H2,tau/n=0.5,141,1,1
H2,tau/n=0.5,142,1,0
H2,tau/n=0.5,143,1,1
H2,tau/n=0.5,144,1,1
H2,tau/n=0.5,145,1,1
H2,tau/n=0.5,146,1,1
H2,tau/n=0.5,147,1,1
H2,tau/n=0.5,148,1,1
H2,tau/n=0.5,149,1,1
H2,tau/n=0.5,150,1,1
H2,tau/n=0.5,151,1,1
H2,tau/n=0.5,152,1,1
H2,tau/n=0.5,153,1,1
H2,tau/n=0.5,154,1,1
H2,tau/n=0.5,155,1,1
H2,tau/n=0.5,156,1,0
H2,tau/n=0.5,157,1,1
H2,tau/n=0.5,158,1,1
H2,tau/n=0.5,159,1,1
H2,tau/n=0.5,160,1,1
H2,tau/n=0.5,161,1,1
H2,tau/n=0.5,162,1,1
H2,tau/n=0.5,163,1,1
H2,tau/n=0.5,164,1,0
H2,tau/n=0.5,165,1,0
H2,tau/n=0.5,166,1,1
H2,tau/n=0.5,167,1,1
H2,tau/n=0.5,168,1,0
H2,tau/n=0.5,169,1,1
H2,tau/n=0.5,170,1,1
H2,tau/n=0.5,171,1,1
H2,tau/n=0.5,172,1,0
H2,tau/n=0.5,173,1,1
H2,tau/n=0.5,174,1,1
H2,tau/n=0.5,175,1,1
H2,tau/n=0.5,176,1,1
H2,tau/n=0.5,177,1,1
H2,tau/n=0.5,178,1,1
H2,tau/n=0.5,179,1,1
H2,tau/n=0.5,180,1,1
H2,tau/n=0.5,181,1,1
H2,tau/n=0.5,182,1,1
H2,tau/n=0.5,183,1,1
H2,tau/n=0.5,184,1,1
H2,tau/n=0.5,185,1,1
H2,tau/n=0.5,186,1,1
H2,tau/n=0.5,187,1,1
H2,tau/n=0.5,188,1,0
H2,tau/n=0.5,189,1,1
H2,tau/n=0.5,190,1,1
H2,tau/n=0.5,191,1,1
H2,tau/n=0.5,192,1,1
H2,tau/n=0.5,193,1,0
H2,tau/n=0.5,194,1,1
H2,tau/n=0.5,195,1,1
H2,tau/n=0.5,196,1,1
H2,tau/n=0.5,197,1,1
H2,tau/n=0.5,198,1,1
H2,tau/n=0.5,199,1,1
H2,tau/n=0.67,0,1,0
H2,tau/n=0.67,1,1,1
H2,tau/n=0.67,2,1,1
H2,tau/n=0.67,3,1,0
H2,tau/n=0.67,4,1,0
H2,tau/n=0.67,5,1,0
H2,tau/n=0.67,6,1,0
H2,tau/n=0.67,7,1,0
H2,tau/n=0.67,8,1,0
H2,tau/n=0.67,9,1,0
H2,tau/n=0.67,10,1,0
H2,tau/n=0.67,11,1,1
H2,tau/n=0.67,12,1,0
H2,tau/n=0.67,13,1,1
H2,tau/n=0.67,14,1,1
H2,tau/n=0.67,15,1,0
H2,tau/n=0.67,16,1,0
H2,tau/n=0.67,17,1,1
H2,tau/n=0.67,18,1,1
H2,tau/n=0.67,19,1,0
H2,tau/n=0.67,20,1,0
H2,tau/n=0.67,21,1,0
H2,tau/n=0.67,22,1,1
H2,tau/n=0.67,23,1,0
H2,tau/n=0.67,24,1,0
H2,tau/n=0.67,25,1,1
H2,tau/n=0.67,26,1,0
H2,tau/n=0.67,27,1,0
H2,tau/n=0.67,28,1,0
H2,tau/n=0.67,29,1,0
H2,tau/n=0.67,30,1,1
H2,tau/n=0.67,31,1,1
H2,tau/n=0.67,32,1,0
H2,tau/n=0.67,33,1,0
H2,tau/n=0.67,34,1,1
H2,tau/n=0.67,35,1,0
H2,tau/n=0.67,36,1,0
H2,tau/n=0.67,37,1,1
H2,tau/n=0.67,38,1,1
H2,tau/n=0.67,39,1,0
H2,tau/n=0.67,40,1,0
H2,tau/n=0.67,41,1,1
H2,tau/n=0.67,42,1,1
H2,tau/n=0.67,43,1,1
H2,tau/n=0.67,44,1,0
H2,tau/n=0.67,45,1,1
H2,tau/n=0.67,46,1,1
H2,tau/n=0.67,47,1,1
H2,tau/n=0.67,48,1,0
H2,tau/n=0.67,49,1,0
H2,tau/n=0.67,50,1,1
H2,tau/n=0.67,51,1,1
H2,tau/n=0.67,52,1,1
H2,tau/n=0.67,53,1,1
H2,tau/n=0.67,54,1,0
H2,tau/n=0.67,55,1,0
H2,tau/n=0.67,56,1,1
H2,tau/n=0.67,57,1,0
H2,tau/n=0.67,58,1,0
H2,tau/n=0.67,59,1,1
H2,tau/n=0.67,60,1,1
H2,tau/n=0.67,61,1,0
H2,tau/n=0.67,62,1,0
H2,tau/n=0.67,63,1,0
H2,tau/n=0.67,64,1,0
H2,tau/n=0.67,65,1,0
H2,tau/n=0.67,66,1,1
H2,tau/n=0.67,67,1,0
H2,tau/n=0.67,68,1,0
H2,tau/n=0.67,69,1,0
H2,tau/n=0.67,70,1,1
H2,tau/n=0.67,71,1,1
H2,tau/n=0.67,72,1,1
H2,tau/n=0.67,73,1,1
H2,tau/n=0.67,74,1,1
H2,tau/n=0.67,75,1,0
H2,tau/n=0.67,76,1,1
H2,tau/n=0.67,77,1,1
H2,tau/n=0.67,78,1,1
H2,tau/n=0.67,79,1,0
H2,tau/n=0.67,80,1,0
H2,tau/n=0.67,81,1,0
H2,tau/n=0.67,82,1,1
H2,tau/n=0.67,83,1,1
H2,tau/n=0.67,84,1,1
H2,tau/n=0.67,85,1,0
H2,tau/n=0.67,86,1,1
H2,tau/n=0.67,87,1,1
H2,tau/n=0.67,88,1,1
H2,tau/n=0.67,89,1,0
H2,tau/n=0.67,90,1,1
H2,tau/n=0.67,91,1,0
H2,tau/n=0.67,92,1,1
H2,tau/n=0.67,93,1,0
H2,tau/n=0.67,94,1,0
H2,tau/n=0.67,95,1,1
H2,tau/n=0.67,96,1,1
H2,tau/n=0.67,97,1,1
H2,tau/n=0.67,98,1,0
H2,tau/n=0.67,99,1,1
H2,tau/n=0.67,100,1,0
H2,tau/n=0.67,101,1,1
H2,tau/n=0.67,102,1,1
H2,tau/n=0.67,103,1,1
H2,tau/n=0.67,104,1,1
H2,tau/n=0.67,105,1,0
H2,tau/n=0.67,106,1,0
H2,tau/n=0.67,107,1,0
H2,tau/n=0.67,108,1,0
H2,tau/n=0.67,109,1,1
H2,tau/n=0.67,110,1,1
H2,tau/n=0.67,111,1,0
H2,tau/n=0.67,112,1,0
H2,tau/n=0.67,113,1,0
H2,tau/n=0.67,114,1,1
H2,tau/n=0.67,115,1,0
H2,tau/n=0.67,116,1,1
H2,tau/n=0.67,117,1,1
H2,tau/n=0.67,118,1,0
H2,tau/n=0.67,119,1,0
H2,tau/n=0.67,120,1,0
H2,tau/n=0.67,121,1,0
H2,tau/n=0.67,122,1,1
H2,tau/n=0.67,123,1,1
H2,tau/n=0.67,124,1,1
H2,tau/n=0.67,125,1,0
H2,tau/n=0.67,126,1,1
H2,tau/n=0.67,127,1,1
H2,tau/n=0.67,128,1,1
H2,tau/n=0.67,129,1,1
H2,tau/n=0.67,130,1,0
H2,tau/n=0.67,131,1,0
H2,tau/n=0.67,132,1,0
H2,tau/n=0.67,133,1,0
H2,tau/n=0.67,134,1,1
H2,tau/n=0.67,135,1,1
H2,tau/n=0.67,136,1,0
H2,tau/n=0.67,137,1,1
H2,tau/n=0.67,138,1,0
H2,tau/n=0.67,139,1,0
H2,tau/n=0.67,140,1,0
H2,tau/n=0.67,141,1,0
H2,tau/n=0.67,142,1,0
H2,tau/n=0.67,143,1,0
H2,tau/n=0.67,144,1,0
H2,tau/n=0.67,145,1,0
H2,tau/n=0.67,146,1,1
H2,tau/n=0.67,147,1,1
H2,tau/n=0.67,148,1,0
H2,tau/n=0.67,149,1,0
H2,tau/n=0.67,150,1,0
H2,tau/n=0.67,151,1,1
H2,tau/n=0.67,152,1,1
H2,tau/n=0.67,153,1,0
H2,tau/n=0.67,154,1,1
H2,tau/n=0.67,155,1,1
H2,tau/n=0.67,156,1,1
H2,tau/n=0.67,157,1,1
H2,tau/n=0.67,158,1,0
H2,tau/n=0.67,159,1,0
H2,tau/n=0.67,160,1,1
H2,tau/n=0.67,161,1,1
H2,tau/n=0.67,162,1,0
H2,tau/n=0.67,163,1,0
H2,tau/n=0.67,164,1,1
H2,tau/n=0.67,165,1,0
H2,tau/n=0.67,166,1,1
H2,tau/n=0.67,167,1,0
H2,tau/n=0.67,168,1,1
H2,tau/n=0.67,169,1,1
H2,tau/n=0.67,170,1,0
H2,tau/n=0.67,171,1,1
H2,tau/n=0.67,172,1,1
H2,tau/n=0.67,173,1,1
H2,tau/n=0.67,174,1,1
H2,tau/n=0.67,175,1,0
H2,tau/n=0.67,176,1,0
H2,tau/n=0.67,177,1,1
H2,tau/n=0.67,178,1,1
H2,tau/n=0.67,179,1,1
H2,tau/n=0.67,180,1,0
H2,tau/n=0.67,181,1,1
H2,tau/n=0.67,182,1,1
H2,tau/n=0.67,183,1,1
H2,tau/n=0.67,184,1,1
H2,tau/n=0.67,185,1,1
H2,tau/n=0.67,186,1,0
H2,tau/n=0.67,187,1,1
H2,tau/n=0.67,188,1,1
H2,tau/n=0.67,189,1,0
H2,tau/n=0.67,190,1,1
H2,tau/n=0.67,191,1,1
H2,tau/n=0.67,192,1,0
H2,tau/n=0.67,193,1,1
H2,tau/n=0.67,194,1,1
H2,tau/n=0.67,195,1,0
H2,tau/n=0.67,196,1,0
H2,tau/n=0.67,197,1,1
H2,tau/n=0.67,198,1,1
H2,tau/n=0.67,199,1,1
H2,tau/n=0.8,0,1,1
H2,tau/n=0.8,1,1,1
H2,tau/n=0.8,2,1,1
H2,tau/n=0.8,3,1,1
H2,tau/n=0.8,4,1,1
H2,tau/n=0.8,5,1,0
H2,tau/n=0.8,6,1,1
H2,tau/n=0.8,7,0,0
H2,tau/n=0.8,8,1,0
H2,tau/n=0.8,9,1,1
H2,tau/n=0.8,10,0,0
H2,tau/n=0.8,11,1,1
H2,tau/n=0.8,12,0,0
H2,tau/n=0.8,13,1,1
H2,tau/n=0.8,14,1,1
H2,tau/n=0.8,15,1,1
H2,tau/n=0.8,16,1,1
H2,tau/n=0.8,17,1,1
H2,tau/n=0.8,18,1,1
H2,tau/n=0.8,19,0,0
H2,tau/n=0.8,20,0,0
H2,tau/n=0.8,21,1,0
H2,tau/n=0.8,22,1,1
H2,tau/n=0.8,23,1,1
H2,tau/n=0.8,24,1,0
H2,tau/n=0.8,25,1,1
H2,tau/n=0.8,26,1,1
H2,tau/n=0.8,27,1,1
H2,tau/n=0.8,28,0,0
H2,tau/n=0.8,29,1,1
H2,tau/n=0.8,30,1,1
H2,tau/n=0.8,31,0,0
H2,tau/n=0.8,32,1,0
H2,tau/n=0.8,33,1,1
H2,tau/n=0.8,34,0,0
H2,tau/n=0.8,35,0,0
H2,tau/n=0.8,36,1,1
H2,tau/n=0.8,37,1,1
H2,tau/n=0.8,38,0,0
H2,tau/n=0.8,39,1,0
H2,tau/n=0.8,40,1,1
H2,tau/n=0.8,41,1,1
H2,tau/n=0.8,42,1,1
H2,tau/n=0.8,43,1,1
H2,tau/n=0.8,44,1,1
H2,tau/n=0.8,45,1,1
H2,tau/n=0.8,46,0,0
H2,tau/n=0.8,47,1,1
H2,tau/n=0.8,48,1,1
H2,tau/n=0.8,49,1,0
H2,tau/n=0.8,50,1,0
H2,tau/n=0.8,51,1,0
H2,tau/n=0.8,52,0,0
H2,tau/n=0.8,53,1,1
H2,tau/n=0.8,54,0,0
H2,tau/n=0.8,55,1,1
H2,tau/n=0.8,56,1,1
H2,tau/n=0.8,57,1,1
H2,tau/n=0.8,58,0,0
H2,tau/n=0.8,59,0,0
H2,tau/n=0.8,60,1,0
H2,tau/n=0.8,61,1,1
H2,tau/n=0.8,62,1,0
H2,tau/n=0.8,63,1,1
H2,tau/n=0.8,64,1,1
H2,tau/n=0.8,65,1,0
H2,tau/n=0.8,66,1,0
H2,tau/n=0.8,67,1,1
H2,tau/n=0.8,68,1,1
H2,tau/n=0.8,69,1,1
H2,tau/n=0.8,70,1,1
H2,tau/n=0.8,71,1,1
H2,tau/n=0.8,72,0,0
H2,tau/n=0.8,73,1,1
H2,tau/n=0.8,74,1,1
H2,tau/n=0.8,75,1,1
H2,tau/n=0.8,76,0,0
H2,tau/n=0.8,77,1,1
H2,tau/n=0.8,78,1,1
H2,tau/n=0.8,79,1,1
H2,tau/n=0.8,80,0,0
H2,tau/n=0.8,81,1,1
H2,tau/n=0.8,82,1,1
H2,tau/n=0.8,83,1,1
H2,tau/n=0.8,84,1,1
H2,tau/n=0.8,85,1,1
H2,tau/n=0.8,86,1,1
H2,tau/n=0.8,87,1,1
H2,tau/n=0.8,88,1,1
H2,tau/n=0.8,89,1,1
H2,tau/n=0.8,90,1,1
H2,tau/n=0.8,91,1,0
H2,tau/n=0.8,92,1,1
H2,tau/n=0.8,93,1,1
H2,tau/n=0.8,94,0,0
H2,tau/n=0.8,95,1,1
H2,tau/n=0.8,96,1,1
H2,tau/n=0.8,97,1,1
H2,tau/n=0.8,98,0,0
H2,tau/n=0.8,99,0,0
H2,tau/n=0.8,100,1,1
H2,tau/n=0.8,101,1,1
H2,tau/n=0.8,102,1,0
H2,tau/n=0.8,103,1,1
H2,tau/n=0.8,104,1,1
H2,tau/n=0.8,105,1,1
H2,tau/n=0.8,106,1,1
H2,tau/n=0.8,107,1,1
H2,tau/n=0.8,108,1,0
H2,tau/n=0.8,109,1,1
H2,tau/n=0.8,110,1,0
H2,tau/n=0.8,111,1,0
H2,tau/n=0.8,112,1,0
H2,tau/n=0.8,113,1,1
H2,tau/n=0.8,114,0,0
H2,tau/n=0.8,115,0,0
H2,tau/n=0.8,116,1,1
H2,tau/n=0.8,117,0,0
H2,tau/n=0.8,118,0,0
H2,tau/n=0.8,119,1,0
H2,tau/n=0.8,120,1,0
H2,tau/n=0.8,121,0,0
H2,tau/n=0.8,122,1,1
H2,tau/n=0.8,123,1,1
H2,tau/n=0.8,124,1,0
H2,tau/n=0.8,125,1,1
H2,tau/n=0.8,126,1,1
H2,tau/n=0.8,127,1,0
H2,tau/n=0.8,128,1,1
H2,tau/n=0.8,129,0,0
H2,tau/n=0.8,130,1,1
H2,tau/n=0.8,131,1,1
H2,tau/n=0.8,132,1,1
H2,tau/n=0.8,133,0,0
H2,tau/n=0.8,134,1,1
H2,tau/n=0.8,135,1,1
H2,tau/n=0.8,136,1,0
H2,tau/n=0.8,137,1,1
H2,tau/n=0.8,138,1,1
H2,tau/n=0.8,139,1,0
H2,tau/n=0.8,140,1,1
H2,tau/n=0.8,141,0,0
H2,tau/n=0.8,142,0,0
H2,tau/n=0.8,143,1,1
H2,tau/n=0.8,144,0,0
H2,tau/n=0.8,145,1,1
H2,tau/n=0.8,146,1,0
H2,tau/n=0.8,147,1,0
H2,tau/n=0.8,148,1,1
H2,tau/n=0.8,149,1,1
H2,tau/n=0.8,150,1,0
H2,tau/n=0.8,151,1,1
H2,tau/n=0.8,152,0,0
H2,tau/n=0.8,153,1,1
H2,tau/n=0.8,154,1,1
H2,tau/n=0.8,155,1,1
H2,tau/n=0.8,156,0,0
H2,tau/n=0.8,157,1,1
H2,tau/n=0.8,158,1,1
H2,tau/n=0.8,159,1,1
H2,tau/n=0.8,160,1,1
H2,tau/n=0.8,161,1,1
H2,tau/n=0.8,162,1,0
H2,tau/n=0.8,163,1,0
H2,tau/n=0.8,164,1,1
H2,tau/n=0.8,165,0,0
H2,tau/n=0.8,166,0,0
H2,tau/n=0.8,167,1,0
H2,tau/n=0.8,168,1,1
H2,tau/n=0.8,169,0,0
H2,tau/n=0.8,170,1,0
H2,tau/n=0.8,171,1,1
H2,tau/n=0.8,172,1,1
H2,tau/n=0.8,173,0,0
H2,tau/n=0.8,174,1,0
H2,tau/n=0.8,175,1,1
H2,tau/n=0.8,176,1,0
H2,tau/n=0.8,177,1,1
H2,tau/n=0.8,178,0,0
H2,tau/n=0.8,179,1,1
H2,tau/n=0.8,180,1,1
H2,tau/n=0.8,181,1,1
H2,tau/n=0.8,182,1,0
H2,tau/n=0.8,183,1,1
H2,tau/n=0.8,184,0,0
H2,tau/n=0.8,185,1,1
H2,tau/n=0.8,186,1,1
H2,tau/n=0.8,187,0,0
H2,tau/n=0.8,188,1,1
H2,tau/n=0.8,189,1,0
H2,tau/n=0.8,190,0,0
H2,tau/n=0.8,191,0,0
H2,tau/n=0.8,192,1,1
H2,tau/n=0.8,193,1,1
H2,tau/n=0.8,194,1,1
H2,tau/n=0.8,195,1,0
H2,tau/n=0.8,196,1,1
H2,tau/n=0.8,197,1,1
H2,tau/n=0.8,198,1,1
H2,tau/n=0.8,199,1,0
H2_pelt,tau/n=0.2,0,1,1
H2_pelt,tau/n=0.2,1,0,0
H2_pelt,tau/n=0.2,2,0,0
H2_pelt,tau/n=0.2,3,0,0
H2_pelt,tau/n=0.2,4,1,1
H2_pelt,tau/n=0.2,5,0,0
H2_pelt,tau/n=0.2,6,1,1
H2_pelt,tau/n=0.2,7,0,0
H2_pelt,tau/n=0.2,8,0,0
H2_pelt,tau/n=0.2,9,0,0
H2_pelt,tau/n=0.2,10,0,0
H2_pelt,tau/n=0.2,11,0,0
H2_pelt,tau/n=0.2,12,0,0
H2_pelt,tau/n=0.2,13,1,1
H2_pelt,tau/n=0.2,14,1,1
H2_pelt,tau/n=0.2,15,0,0
H2_pelt,tau/n=0.2,16,1,1
H2_pelt,tau/n=0.2,17,0,0
H2_pelt,tau/n=0.2,18,0,0
H2_pelt,tau/n=0.2,19,1,1
H2_pelt,tau/n=0.2,20,0,0
H2_pelt,tau/n=0.2,21,1,1
H2_pelt,tau/n=0.2,22,0,0
H2_pelt,tau/n=0.2,23,0,0
H2_pelt,tau/n=0.2,24,1,1
H2_pelt,tau/n=0.2,25,0,0
H2_pelt,tau/n=0.2,26,0,0
H2_pelt,tau/n=0.2,27,1,1
H2_pelt,tau/n=0.2,28,1,1
H2_pelt,tau/n=0.2,29,1,1
H2_pelt,tau/n=0.2,30,1,1
H2_pelt,tau/n=0.2,31,0,0
H2_pelt,tau/n=0.2,32,1,1
H2_pelt,tau/n=0.2,33,0,1
H2_pelt,tau/n=0.2,34,0,0
H2_pelt,tau/n=0.2,35,0,1
H2_pelt,tau/n=0.2,36,1,1
H2_pelt,tau/n=0.2,37,0,0
H2_pelt,tau/n=0.2,38,1,1
H2_pelt,tau/n=0.2,39,0,0
H2_pelt,tau/n=0.2,40,0,0
H2_pelt,tau/n=0.2,41,0,0
H2_pelt,tau/n=0.2,42,1,1
H2_pelt,tau/n=0.2,43,1,1
H2_pelt,tau/n=0.2,44,0,0
H2_pelt,tau/n=0.2,45,0,0
H2_pelt,tau/n=0.2,46,0,0
H2_pelt,tau/n=0.2,47,0,0
H2_pelt,tau/n=0.2,48,0,0
H2_pelt,tau/n=0.2,49,1,1
H2_pelt,tau/n=0.2,50,1,1
H2_pelt,tau/n=0.2,51,0,0
H2_pelt,tau/n=0.2,52,0,0
H2_pelt,tau/n=0.2,53,1,1
H2_pelt,tau/n=0.2,54,0,0
H2_pelt,tau/n=0.2,55,1,1
H2_pelt,tau/n=0.2,56,0,0
H2_pelt,tau/n=0.2,57,0,0
H2_pelt,tau/n=0.2,58,1,1
H2_pelt,tau/n=0.2,59,0,0
H2_pelt,tau/n=0.2,60,0,0
H2_pelt,tau/n=0.2,61,0,0
H2_pelt,tau/n=0.2,62,0,0
H2_pelt,tau/n=0.2,63,0,0
H2_pelt,tau/n=0.2,64,0,0
H2_pelt,tau/n=0.2,65,0,0
H2_pelt,tau/n=0.2,66,1,1
H2_pelt,tau/n=0.2,67,0,0
H2_pelt,tau/n=0.2,68,1,1
H2_pelt,tau/n=0.2,69,0,0
H2_pelt,tau/n=0.2,70,0,0
H2_pelt,tau/n=0.2,71,0,0
H2_pelt,tau/n=0.2,72,0,0
H2_pelt,tau/n=0.2,73,1,1
H2_pelt,tau/n=0.2,74,0,0
H2_pelt,tau/n=0.2,75,0,0
H2_pelt,tau/n=0.2,76,1,1
H2_pelt,tau/n=0.2,77,0,0
H2_pelt,tau/n=0.2,78,0,0
H2_pelt,tau/n=0.2,79,1,1
H2_pelt,tau/n=0.2,80,0,0
H2_pelt,tau/n=0.2,81,0,0
H2_pelt,tau/n=0.2,82,1,1
H2_pelt,tau/n=0.2,83,0,1
H2_pelt,tau/n=0.2,84,1,1
H2_pelt,tau/n=0.2,85,0,0
H2_pelt,tau/n=0.2,86,1,1
H2_pelt,tau/n=0.2,87,1,1
H2_pelt,tau/n=0.2,88,0,0
H2_pelt,tau/n=0.2,89,0,0
H2_pelt,tau/n=0.2,90,0,0
H2_pelt,tau/n=0.2,91,0,0
H2_pelt,tau/n=0.2,92,0,1
H2_pelt,tau/n=0.2,93,0,0
H2_pelt,tau/n=0.2,94,0,0
H2_pelt,tau/n=0.2,95,0,0
H2_pelt,tau/n=0.2,96,0,0
H2_pelt,tau/n=0.2,97,0,0
H2_pelt,tau/n=0.2,98,0,0
H2_pelt,tau/n=0.2,99,0,0
H2_pelt,tau/n=0.33,0,1,1
H2_pelt,tau/n=0.33,1,1,1
H2_pelt,tau/n=0.33,2,1,1
H2_pelt,tau/n=0.33,3,0,0
H2_pelt,tau/n=0.33,4,0,0
H2_pelt,tau/n=0.33,5,0,0
H2_pelt,tau/n=0.33,6,1,1
H2_pelt,tau/n=0.33,7,1,1
H2_pelt,tau/n=0.33,8,1,1
H2_pelt,tau/n=0.33,9,0,0
H2_pelt,tau/n=0.33,10,1,1
H2_pelt,tau/n=0.33,11,1,1
H2_pelt,tau/n=0.33,12,0,0
H2_pelt,tau/n=0.33,13,1,1
H2_pelt,tau/n=0.33,14,0,1
H2_pelt,tau/n=0.33,15,1,1
H2_pelt,tau/n=0.33,16,1,1
H2_pelt,tau/n=0.33,17,0,0
H2_pelt,tau/n=0.33,18,0,0
H2_pelt,tau/n=0.33,19,1,1
H2_pelt,tau/n=0.33,20,0,0
H2_pelt,tau/n=0.33,21,1,1
H2_pelt,tau/n=0.33,22,1,1
H2_pelt,tau/n=0.33,23,1,1
H2_pelt,tau/n=0.33,24,1,1
H2_pelt,tau/n=0.33,25,0,0
H2_pelt,tau/n=0.33,26,0,0
H2_pelt,tau/n=0.33,27,1,1
H2_pelt,tau/n=0.33,28,1,1
H2_pelt,tau/n=0.33,29,1,1
H2_pelt,tau/n=0.33,30,1,1
H2_pelt,tau/n=0.33,31,0,0
H2_pelt,tau/n=0.33,32,1,1
H2_pelt,tau/n=0.33,33,1,1
H2_pelt,tau/n=0.33,34,1,1
H2_pelt,tau/n=0.33,35,1,1
H2_pelt,tau/n=0.33,36,0,1
H2_pelt,tau/n=0.33,37,1,1
H2_pelt,tau/n=0.33,38,1,1
H2_pelt,tau/n=0.33,39,0,0
H2_pelt,tau/n=0.33,40,0,1
H2_pelt,tau/n=0.33,41,1,1
H2_pelt,tau/n=0.33,42,1,1
H2_pelt,tau/n=0.33,43,0,0
H2_pelt,tau/n=0.33,44,1,1
H2_pelt,tau/n=0.33,45,1,1
H2_pelt,tau/n=0.33,46,0,0
H2_pelt,tau/n=0.33,47,0,0
H2_pelt,tau/n=0.33,48,1,1
H2_pelt,tau/n=0.33,49,0,0
H2_pelt,tau/n=0.33,50,0,1
H2_pelt,tau/n=0.33,51,0,0
H2_pelt,tau/n=0.33,52,1,1
H2_pelt,tau/n=0.33,53,1,1
H2_pelt,tau/n=0.33,54,0,0
H2_pelt,tau/n=0.33,55,1,1
H2_pelt,tau/n=0.33,56,0,0
H2_pelt,tau/n=0.33,57,1,1
H2_pelt,tau/n=0.33,58,1,1
H2_pelt,tau/n=0.33,59,0,1
H2_pelt,tau/n=0.33,60,1,1
H2_pelt,tau/n=0.33,61,1,1
H2_pelt,tau/n=0.33,62,0,0
H2_pelt,tau/n=0.33,63,1,1
H2_pelt,tau/n=0.33,64,0,0
H2_pelt,tau/n=0.33,65,0,0
H2_pelt,tau/n=0.33,66,1,1
H2_pelt,tau/n=0.33,67,1,1
H2_pelt,tau/n=0.33,68,1,1
H2_pelt,tau/n=0.33,69,0,0
H2_pelt,tau/n=0.33,70,0,0
H2_pelt,tau/n=0.33,71,1,1
H2_pelt,tau/n=0.33,72,1,1
H2_pelt,tau/n=0.33,73,1,1
H2_pelt,tau/n=0.33,74,0,0
H2_pelt,tau/n=0.33,75,1,1
H2_pelt,tau/n=0.33,76,1,1
H2_pelt,tau/n=0.33,77,1,1
H2_pelt,tau/n=0.33,78,0,0
H2_pelt,tau/n=0.33,79,1,1
H2_pelt,tau/n=0.33,80,0,0
H2_pelt,tau/n=0.33,81,0,1
H2_pelt,tau/n=0.33,82,0,1
H2_pelt,tau/n=0.33,83,0,1
H2_pelt,tau/n=0.33,84,1,1
H2_pelt,tau/n=0.33,85,0,0
H2_pelt,tau/n=0.33,86,1,1
H2_pelt,tau/n=0.33,87,1,1
H2_pelt,tau/n=0.33,88,1,1
H2_pelt,tau/n=0.33,89,1,1
H2_pelt,tau/n=0.33,90,1,1
H2_pelt,tau/n=0.33,91,1,1
H2_pelt,tau/n=0.33,92,1,1
H2_pelt,tau/n=0.33,93,0,0
H2_pelt,tau/n=0.33,94,0,1
H2_pelt,tau/n=0.33,95,0,0
H2_pelt,tau/n=0.33,96,0,0
H2_pelt,tau/n=0.33,97,0,0
H2_pelt,tau/n=0.33,98,0,0
H2_pelt,tau/n=0.33,99,0,0
H2_pelt,tau/n=0.5,0,1,1
H2_pelt,tau/n=0.5,1,1,1
H2_pelt,tau/n=0.5,2,0,0
H2_pelt,tau/n=0.5,3,0,0
H2_pelt,tau/n=0.5,4,1,1
H2_pelt,tau/n=0.5,5,0,0
H2_pelt,tau/n=0.5,6,0,1
H2_pelt,tau/n=0.5,7,1,1
H2_pelt,tau/n=0.5,8,1,1
H2_pelt,tau/n=0.5,9,1,1
H2_pelt,tau/n=0.5,10,1,1
H2_pelt,tau/n=0.5,11,1,1
H2_pelt,tau/n=0.5,12,0,0
H2_pelt,tau/n=0.5,13,1,1
H2_pelt,tau/n=0.5,14,1,1
H2_pelt,tau/n=0.5,15,1,1
H2_pelt,tau/n=0.5,16,1,1
H2_pelt,tau/n=0.5,17,0,0
H2_pelt,tau/n=0.5,18,0,0
H2_pelt,tau/n=0.5,19,0,1
H2_pelt,tau/n=0.5,20,0,0
H2_pelt,tau/n=0.5,21,1,1
H2_pelt,tau/n=0.5,22,1,1
H2_pelt,tau/n=0.5,23,1,1
H2_pelt,tau/n=0.5,24,1,1
H2_pelt,tau/n=0.5,25,0,0
H2_pelt,tau/n=0.5,26,1,1
H2_pelt,tau/n=0.5,27,1,1
H2_pelt,tau/n=0.5,28,1,1
H2_pelt,tau/n=0.5,29,1,1
H2_pelt,tau/n=0.5,30,1,1
H2_pelt,tau/n=0.5,31,0,1
H2_pelt,tau/n=0.5,32,1,1
H2_pelt,tau/n=0.5,33,0,1
H2_pelt,tau/n=0.5,34,0,0
H2_pelt,tau/n=0.5,35,1,1
H2_pelt,tau/n=0.5,36,1,1
H2_pelt,tau/n=0.5,37,0,1
H2_pelt,tau/n=0.5,38,1,1
H2_pelt,tau/n=0.5,39,1,1
H2_pelt,tau/n=0.5,40,1,1
H2_pelt,tau/n=0.5,41,1,1
H2_pelt,tau/n=0.5,42,1,1
H2_pelt,tau/n=0.5,43,0,0
H2_pelt,tau/n=0.5,44,0,0
H2_pelt,tau/n=0.5,45,0,1
H2_pelt,tau/n=0.5,46,1,1
H2_pelt,tau/n=0.5,47,1,1
H2_pelt,tau/n=0.5,48,1,1
H2_pelt,tau/n=0.5,49,0,0
H2_pelt,tau/n=0.5,50,1,1
H2_pelt,tau/n=0.5,51,1,1
H2_pelt,tau/n=0.5,52,1,1
H2_pelt,tau/n=0.5,53,1,1
H2_pelt,tau/n=0.5,54,0,0
H2_pelt,tau/n=0.5,55,0,1
H2_pelt,tau/n=0.5,56,0,0
H2_pelt,tau/n=0.5,57,1,1
H2_pelt,tau/n=0.5,58,1,1
H2_pelt,tau/n=0.5,59,1,1
H2_pelt,tau/n=0.5,60,1,1
H2_pelt,tau/n=0.5,61,1,1
H2_pelt,tau/n=0.5,62,0,0
H2_pelt,tau/n=0.5,63,1,1
H2_pelt,tau/n=0.5,64,0,0
H2_pelt,tau/n=0.5,65,1,1
H2_pelt,tau/n=0.5,66,1,1
H2_pelt,tau/n=0.5,67,1,1
H2_pelt,tau/n=0.5,68,1,1
H2_pelt,tau/n=0.5,69,1,1
H2_pelt,tau/n=0.5,70,0,0
H2_pelt,tau/n=0.5,71,1,1
H2_pelt,tau/n=0.5,72,1,1
H2_pelt,tau/n=0.5,73,1,1
H2_pelt,tau/n=0.5,74,0,0
H2_pelt,tau/n=0.5,75,1,1
H2_pelt,tau/n=0.5,76,0,1
H2_pelt,tau/n=0.5,77,1,1
H2_pelt,tau/n=0.5,78,0,0
H2_pelt,tau/n=0.5,79,1,1
H2_pelt,tau/n=0.5,80,0,0
H2_pelt,tau/n=0.5,81,0,1
H2_pelt,tau/n=0.5,82,0,1
H2_pelt,tau/n=0.5,83,1,1
H2_pelt,tau/n=0.5,84,1,1
H2_pelt,tau/n=0.5,85,0,0
H2_pelt,tau/n=0.5,86,1,1
H2_pelt,tau/n=0.5,87,1,1
H2_pelt,tau/n=0.5,88,1,1
H2_pelt,tau/n=0.5,89,0,1
H2_pelt,tau/n=0.5,90,1,1
H2_pelt,tau/n=0.5,91,1,1
H2_pelt,tau/n=0.5,92,1,1
H2_pelt,tau/n=0.5,93,0,0
H2_pelt,tau/n=0.5,94,1,1
H2_pelt,tau/n=0.5,95,0,0
H2_pelt,tau/n=0.5,96,1,1
H2_pelt,tau/n=0.5,97,0,0
H2_pelt,tau/n=0.5,98,0,0
H2_pelt,tau/n=0.5,99,1,1
H2_pelt,tau/n=0.67,0,0,1
H2_pelt,tau/n=0.67,1,0,0
H2_pelt,tau/n=0.67,2,1,1
H2_pelt,tau/n=0.67,3,0,0
H2_pelt,tau/n=0.67,4,1,1
H2_pelt,tau/n=0.67,5,0,0
H2_pelt,tau/n=0.67,6,1,1
H2_pelt,tau/n=0.67,7,1,1
H2_pelt,tau/n=0.67,8,1,1
H2_pelt,tau/n=0.67,9,0,0
H2_pelt,tau/n=0.67,10,1,1
H2_pelt,tau/n=0.67,11,1,1
H2_pelt,tau/n=0.67,12,1,1
H2_pelt,tau/n=0.67,13,1,1
H2_pelt,tau/n=0.67,14,0,1
H2_pelt,tau/n=0.67,15,1,1
H2_pelt,tau/n=0.67,16,1,1
H2_pelt,tau/n=0.67,17,0,0
H2_pelt,tau/n=0.67,18,0,0
H2_pelt,tau/n=0.67,19,1,1
H2_pelt,tau/n=0.67,20,0,0
H2_pelt,tau/n=0.67,21,1,1
H2_pelt,tau/n=0.67,22,1,1
H2_pelt,tau/n=0.67,23,1,1
H2_pelt,tau/n=0.67,24,1,1
H2_pelt,tau/n=0.67,25,0,0
H2_pelt,tau/n=0.67,26,1,1
H2_pelt,tau/n=0.67,27,0,0
H2_pelt,tau/n=0.67,28,0,1
H2_pelt,tau/n=0.67,29,1,1
H2_pelt,tau/n=0.67,30,0,1
H2_pelt,tau/n=0.67,31,0,1
H2_pelt,tau/n=0.67,32,0,1
H2_pelt,tau/n=0.67,33,0,1
H2_pelt,tau/n=0.67,34,0,1
H2_pelt,tau/n=0.67,35,1,1
H2_pelt,tau/n=0.67,36,1,1
H2_pelt,tau/n=0.67,37,0,1
H2_pelt,tau/n=0.67,38,1,1
H2_pelt,tau/n=0.67,39,1,1
H2_pelt,tau/n=0.67,40,1,1
H2_pelt,tau/n=0.67,41,1,1
H2_pelt,tau/n=0.67,42,1,1
H2_pelt,tau/n=0.67,43,0,0
H2_pelt,tau/n=0.67,44,0,0
H2_pelt,tau/n=0.67,45,1,1
H2_pelt,tau/n=0.67,46,0,1
H2_pelt,tau/n=0.67,47,1,1
H2_pelt,tau/n=0.67,48,0,1
H2_pelt,tau/n=0.67,49,0,0
H2_pelt,tau/n=0.67,50,1,1
H2_pelt,tau/n=0.67,51,0,0
H2_pelt,tau/n=0.67,52,1,1
H2_pelt,tau/n=0.67,53,1,1
H2_pelt,tau/n=0.67,54,0,0
H2_pelt,tau/n=0.67,55,0,0
H2_pelt,tau/n=0.67,56,0,0
H2_pelt,tau/n=0.67,57,1,1
H2_pelt,tau/n=0.67,58,0,1
H2_pelt,tau/n=0.67,59,1,1
H2_pelt,tau/n=0.67,60,0,1
H2_pelt,tau/n=0.67,61,0,1
H2_pelt,tau/n=0.67,62,0,0
H2_pelt,tau/n=0.67,63,1,1
H2_pelt,tau/n=0.67,64,0,0
H2_pelt,tau/n=0.67,65,1,1
H2_pelt,tau/n=0.67,66,0,1
H2_pelt,tau/n=0.67,67,1,1
H2_pelt,tau/n=0.67,68,1,1
H2_pelt,tau/n=0.67,69,1,1
H2_pelt,tau/n=0.67,70,0,0
H2_pelt,tau/n=0.67,71,1,1
H2_pelt,tau/n=0.67,72,0,1
H2_pelt,tau/n=0.67,73,0,0
H2_pelt,tau/n=0.67,74,0,0
H2_pelt,tau/n=0.67,75,1,1
H2_pelt,tau/n=0.67,76,0,0
H2_pelt,tau/n=0.67,77,0,0
H2_pelt,tau/n=0.67,78,0,0
H2_pelt,tau/n=0.67,79,0,1
H2_pelt,tau/n=0.67,80,0,0
H2_pelt,tau/n=0.67,81,1,1
H2_pelt,tau/n=0.67,82,1,1
H2_pelt,tau/n=0.67,83,1,1
H2_pelt,tau/n=0.67,84,1,1
H2_pelt,tau/n=0.67,85,1,1
H2_pelt,tau/n=0.67,86,0,1
H2_pelt,tau/n=0.67,87,1,1
H2_pelt,tau/n=0.67,88,1,1
H2_pelt,tau/n=0.67,89,1,1
H2_pelt,tau/n=0.67,90,1,1
H2_pelt,tau/n=0.67,91,0,0
H2_pelt,tau/n=0.67,92,1,1
H2_pelt,tau/n=0.67,93,0,0
H2_pelt,tau/n=0.67,94,1,1
H2_pelt,tau/n=0.67,95,0,0
H2_pelt,tau/n=0.67,96,0,0
H2_pelt,tau/n=0.67,97,0,0
H2_pelt,tau/n=0.67,98,0,0
H2_pelt,tau/n=0.67,99,0,1
H2_pelt,tau/n=0.8,0,0,0
H2_pelt,tau/n=0.8,1,0,0
H2_pelt,tau/n=0.8,2,0,0
H2_pelt,tau/n=0.8,3,0,0
H2_pelt,tau/n=0.8,4,0,0
H2_pelt,tau/n=0.8,5,0,0
H2_pelt,tau/n=0.8,6,0,0
H2_pelt,tau/n=0.8,7,0,0
H2_pelt,tau/n=0.8,8,1,1
H2_pelt,tau/n=0.8,9,0,0
H2_pelt,tau/n=0.8,10,0,0
H2_pelt,tau/n=0.8,11,0,1
H2_pelt,tau/n=0.8,12,0,0
H2_pelt,tau/n=0.8,13,0,0
H2_pelt,tau/n=0.8,14,0,0
H2_pelt,tau/n=0.8,15,0,0
H2_pelt,tau/n=0.8,16,0,0
H2_pelt,tau/n=0.8,17,0,0
H2_pelt,tau/n=0.8,18,0,0
H2_pelt,tau/n=0.8,19,1,1
H2_pelt,tau/n=0.8,20,0,0
H2_pelt,tau/n=0.8,21,1,1
H2_pelt,tau/n=0.8,22,0,0
H2_pelt,tau/n=0.8,23,0,0
H2_pelt,tau/n=0.8,24,0,0
H2_pelt,tau/n=0.8,25,0,0
H2_pelt,tau/n=0.8,26,0,0
H2_pelt,tau/n=0.8,27,0,0
H2_pelt,tau/n=0.8,28,0,0
H2_pelt,tau/n=0.8,29,0,0
H2_pelt,tau/n=0.8,30,1,1
H2_pelt,tau/n=0.8,31,1,1
H2_pelt,tau/n=0.8,32,0,0
H2_pelt,tau/n=0.8,33,1,1
H2_pelt,tau/n=0.8,34,1,1
H2_pelt,tau/n=0.8,35,0,0
H2_pelt,tau/n=0.8,36,0,0
H2_pelt,tau/n=0.8,37,0,0
H2_pelt,tau/n=0.8,38,0,0
H2_pelt,tau/n=0.8,39,0,0
H2_pelt,tau/n=0.8,40,1,1
H2_pelt,tau/n=0.8,41,1,1
H2_pelt,tau/n=0.8,42,1,1
H2_pelt,tau/n=0.8,43,0,0
H2_pelt,tau/n=0.8,44,0,0
H2_pelt,tau/n=0.8,45,0,0
H2_pelt,tau/n=0.8,46,0,0
H2_pelt,tau/n=0.8,47,1,1
H2_pelt,tau/n=0.8,48,0,0
H2_pelt,tau/n=0.8,49,0,0
H2_pelt,tau/n=0.8,50,0,0
H2_pelt,tau/n=0.8,51,0,0
H2_pelt,tau/n=0.8,52,1,1
H2_pelt,tau/n=0.8,53,1,1
H2_pelt,tau/n=0.8,54,0,0
H2_pelt,tau/n=0.8,55,0,0
H2_pelt,tau/n=0.8,56,0,0
H2_pelt,tau/n=0.8,57,0,1
H2_pelt,tau/n=0.8,58,1,1
H2_pelt,tau/n=0.8,59,0,0
H2_pelt,tau/n=0.8,60,1,1
H2_pelt,tau/n=0.8,61,0,0
H2_pelt,tau/n=0.8,62,0,0
H2_pelt,tau/n=0.8,63,0,0
H2_pelt,tau/n=0.8,64,0,0
H2_pelt,tau/n=0.8,65,0,0
H2_pelt,tau/n=0.8,66,0,1
H2_pelt,tau/n=0.8,67,1,2
H2_pelt,tau/n=0.8,68,0,0
H2_pelt,tau/n=0.8,69,1,1
H2_pelt,tau/n=0.8,70,0,0
H2_pelt,tau/n=0.8,71,1,1
H2_pelt,tau/n=0.8,72,0,0
H2_pelt,tau/n=0.8,73,0,0
H2_pelt,tau/n=0.8,74,0,0
H2_pelt,tau/n=0.8,75,0,0
H2_pelt,tau/n=0.8,76,0,0
H2_pelt,tau/n=0.8,77,0,0
H2_pelt,tau/n=0.8,78,0,0
H2_pelt,tau/n=0.8,79,0,0
H2_pelt,tau/n=0.8,80,0,0
H2_pelt,tau/n=0.8,81,1,1
H2_pelt,tau/n=0.8,82,0,0
H2_pelt,tau/n=0.8,83,0,0
H2_pelt,tau/n=0.8,84,1,1
H2_pelt,tau/n=0.8,85,0,0
H2_pelt,tau/n=0.8,86,0,1
H2_pelt,tau/n=0.8,87,0,0
H2_pelt,tau/n=0.8,88,1,1
H2_pelt,tau/n=0.8,89,0,0
H2_pelt,tau/n=0.8,90,0,0
H2_pelt,tau/n=0.8,91,0,0
H2_pelt,tau/n=0.8,92,1,1
H2_pelt,tau/n=0.8,93,0,0
H2_pelt,tau/n=0.8,94,1,1
H2_pelt,tau/n=0.8,95,0,0
H2_pelt,tau/n=0.8,96,0,0
H2_pelt,tau/n=0.8,97,0,0
H2_pelt,tau/n=0.8,98,0,0
H2_pelt,tau/n=0.8,99,0,0
H1,2026/2027,0,1,
H1,2026/2027,1,0,
H1,2026/2027,2,0,
H1,2026/2027,3,1,
H1,2026/2027,4,1,
H1,2026/2027,5,1,
H1,2026/2027,6,1,
H1,2026/2027,7,0,
H1,2026/2027,8,1,
H1,2026/2027,9,1,
H1,2026/2027,10,1,
H1,2026/2027,11,1,
H1,2026/2027,12,1,
H1,2026/2027,13,1,
H1,2026/2027,14,1,
H1,2026/2027,15,0,
H1,2026/2027,16,1,
H1,2026/2027,17,1,
H1,2026/2027,18,1,
H1,2026/2027,19,1,
H1,2026/2027,20,0,
H1,2026/2027,21,1,
H1,2026/2027,22,1,
H1,2026/2027,23,0,
H1,2026/2027,24,1,
H1,2026/2027,25,1,
H1,2026/2027,26,1,
H1,2026/2027,27,1,
H1,2026/2027,28,1,
H1,2026/2027,29,1,
H1,2026/2027,30,1,
H1,2026/2027,31,1,
H1,2026/2027,32,1,
H1,2026/2027,33,0,
H1,2026/2027,34,1,
H1,2026/2027,35,1,
H1,2026/2027,36,1,
H1,2026/2027,37,1,
H1,2026/2027,38,1,
H1,2026/2027,39,1,
H1,2026/2027,40,1,
H1,2026/2027,41,1,
H1,2026/2027,42,1,
H1,2026/2027,43,1,
H1,2026/2027,44,1,
H1,2026/2027,45,1,
H1,2026/2027,46,1,
H1,2026/2027,47,1,
H1,2026/2027,48,1,
H1,2026/2027,49,0,
H1,2026/2027,50,1,
H1,2026/2027,51,1,
H1,2026/2027,52,1,
H1,2026/2027,53,1,
H1,2026/2027,54,1,
H1,2026/2027,55,1,
H1,2026/2027,56,1,
H1,2026/2027,57,0,
H1,2026/2027,58,1,
H1,2026/2027,59,1,
H1,2026/2027,60,0,
H1,2026/2027,61,1,
H1,2026/2027,62,1,
H1,2026/2027,63,1,
H1,2026/2027,64,1,
H1,2026/2027,65,0,
H1,2026/2027,66,0,
H1,2026/2027,67,1,
H1,2026/2027,68,1,
H1,2026/2027,69,1,
H1,2026/2027,70,1,
H1,2026/2027,71,1,
H1,2026/2027,72,1,
H1,2026/2027,73,1,
H1,2026/2027,74,1,
H1,2026/2027,75,0,
H1,2026/2027,76,1,
H1,2026/2027,77,1,
H1,2026/2027,78,1,
H1,2026/2027,79,1,
H1,2026/2027,80,1,
H1,2026/2027,81,1,
H1,2026/2027,82,1,
H1,2026/2027,83,1,
H1,2026/2027,84,1,
H1,2026/2027,85,1,
H1,2026/2027,86,1,
H1,2026/2027,87,1,
H1,2026/2027,88,1,
H1,2026/2027,89,1,
H1,2026/2027,90,0,
H1,2026/2027,91,1,
H1,2026/2027,92,1,
H1,2026/2027,93,1,
H1,2026/2027,94,1,
H1,2026/2027,95,0,
H1,2026/2027,96,1,
H1,2026/2027,97,1,
H1,2026/2027,98,1,
H1,2026/2027,99,1,
H1,2026/2027,100,1,
H1,2026/2027,101,1,
H1,2026/2027,102,1,
H1,2026/2027,103,1,
H1,2026/2027,104,1,
H1,2026/2027,105,1,
H1,2026/2027,106,1,
H1,2026/2027,107,1,
H1,2026/2027,108,1,
H1,2026/2027,109,1,
H1,2026/2027,110,0,
H1,2026/2027,111,1,
H1,2026/2027,112,0,
H1,2026/2027,113,1,
H1,2026/2027,114,1,
H1,2026/2027,115,1,
H1,2026/2027,116,0,
H1,2026/2027,117,1,
H1,2026/2027,118,1,
H1,2026/2027,119,1,
H1,2026/2027,120,0,
H1,2026/2027,121,1,
H1,2026/2027,122,0,
H1,2026/2027,123,0,
H1,2026/2027,124,1,
H1,2026/2027,125,0,
H1,2026/2027,126,1,
H1,2026/2027,127,1,
H1,2026/2027,128,1,
H1,2026/2027,129,1,
H1,2026/2027,130,1,
H1,2026/2027,131,1,
H1,2026/2027,132,1,
H1,2026/2027,133,1,
H1,2026/2027,134,1,
H1,2026/2027,135,1,
H1,2026/2027,136,1,
H1,2026/2027,137,1,
H1,2026/2027,138,0,
H1,2026/2027,139,1,
H1,2026/2027,140,1,
H1,2026/2027,141,1,
H1,2026/2027,142,1,
H1,2026/2027,143,0,
H1,2026/2027,144,1,
H1,2026/2027,145,1,
H1,2026/2027,146,1,
H1,2026/2027,147,0,
H1,2026/2027,148,0,
H1,2026/2027,149,1,
H1,2026/2027,150,1,
H1,2026/2027,151,1,
H1,2026/2027,152,1,
H1,2026/2027,153,0,
H1,2026/2027,154,1,
H1,2026/2027,155,1,
H1,2026/2027,156,1,
H1,2026/2027,157,1,
H1,2026/2027,158,1,
H1,2026/2027,159,1,
H1,2026/2027,160,1,
H1,2026/2027,161,1,
H1,2026/2027,162,0,
H1,2026/2027,163,1,
H1,2026/2027,164,1,
H1,2026/2027,165,1,
H1,2026/2027,166,1,
H1,2026/2027,167,1,
H1,2026/2027,168,1,
H1,2026/2027,169,1,
H1,2026/2027,170,1,
H1,2026/2027,171,1,
H1,2026/2027,172,1,
H1,2026/2027,173,1,
H1,2026/2027,174,1,
H1,2026/2027,175,1,
H1,2026/2027,176,0,
H1,2026/2027,177,1,
H1,2026/2027,178,1,
H1,2026/2027,179,1,
H1,2026/2027,180,0,
H1,2026/2027,181,1,
H1,2026/2027,182,1,
H1,2026/2027,183,1,
H1,2026/2027,184,1,
H1,2026/2027,185,1,
H1,2026/2027,186,1,
H1,2026/2027,187,1,
H1,2026/2027,188,1,
H1,2026/2027,189,0,
H1,2026/2027,190,1,
H1,2026/2027,191,1,
H1,2026/2027,192,1,
H1,2026/2027,193,1,
H1,2026/2027,194,1,
H1,2026/2027,195,1,
H1,2026/2027,196,0,
H1,2026/2027,197,1,
H1,2026/2027,198,1,
H1,2026/2027,199,1,
H1,11/12,0,1,
H1,11/12,1,0,
H1,11/12,2,1,
H1,11/12,3,1,
H1,11/12,4,1,
H1,11/12,5,1,
H1,11/12,6,1,
H1,11/12,7,0,
H1,11/12,8,1,
H1,11/12,9,1,
H1,11/12,10,1,
H1,11/12,11,1,
H1,11/12,12,1,
H1,11/12,13,1,
H1,11/12,14,1,
H1,11/12,15,0,
H1,11/12,16,0,
H1,11/12,17,1,
H1,11/12,18,1,
H1,11/12,19,1,
H1,11/12,20,1,
H1,11/12,21,1,
H1,11/12,22,1,
H1,11/12,23,1,
H1,11/12,24,1,
H1,11/12,25,1,
H1,11/12,26,1,
H1,11/12,27,1,
H1,11/12,28,1,
H1,11/12,29,1,
H1,11/12,30,1,
H1,11/12,31,1,
H1,11/12,32,1,
H1,11/12,33,0,
H1,11/12,34,1,
H1,11/12,35,1,
H1,11/12,36,1,
H1,11/12,37,1,
H1,11/12,38,1,
H1,11/12,39,1,
H1,11/12,40,1,
H1,11/12,41,1,
H1,11/12,42,0,
H1,11/12,43,1,
H1,11/12,44,1,
H1,11/12,45,1,
H1,11/12,46,1,
H1,11/12,47,1,
H1,11/12,48,1,
H1,11/12,49,1,
H1,11/12,50,1,
H1,11/12,51,1,
H1,11/12,52,1,
H1,11/12,53,1,
H1,11/12,54,1,
H1,11/12,55,1,
H1,11/12,56,0,
H1,11/12,57,1,
H1,11/12,58,1,
H1,11/12,59,1,
H1,11/12,60,1,
H1,11/12,61,1,
H1,11/12,62,0,
H1,11/12,63,1,
H1,11/12,64,0,
H1,11/12,65,0,
H1,11/12,66,0,
H1,11/12,67,1,
H1,11/12,68,1,
H1,11/12,69,1,
H1,11/12,70,1,
H1,11/12,71,1,
H1,11/12,72,1,
H1,11/12,73,1,
H1,11/12,74,1,
H1,11/12,75,1,
H1,11/12,76,1,
H1,11/12,77,1,
H1,11/12,78,1,
H1,11/12,79,1,
H1,11/12,80,1,
H1,11/12,81,0,
H1,11/12,82,1,
H1,11/12,83,1,
H1,11/12,84,1,
H1,11/12,85,1,
H1,11/12,86,1,
H1,11/12,87,1,
H1,11/12,88,1,
H1,11/12,89,1,
H1,11/12,90,0,
H1,11/12,91,1,
H1,11/12,92,1,
H1,11/12,93,1,
H1,11/12,94,1,
H1,11/12,95,1,
H1,11/12,96,1,
H1,11/12,97,0,
H1,11/12,98,1,
H1,11/12,99,1,
H1,11/12,100,0,
H1,11/12,101,1,
H1,11/12,102,1,
H1,11/12,103,1,
H1,11/12,104,1,
H1,11/12,105,1,
H1,11/12,106,1,
H1,11/12,107,1,
H1,11/12,108,0,
H1,11/12,109,1,
H1,11/12,110,0,
H1,11/12,111,1,
H1,11/12,112,0,
H1,11/12,113,1,
H1,11/12,114,1,
H1,11/12,115,1,
H1,11/12,116,1,
H1,11/12,117,1,
H1,11/12,118,1,
H1,11/12,119,1,
H1,11/12,120,1,
H1,11/12,121,1,
H1,11/12,122,0,
H1,11/12,123,1,
H1,11/12,124,1,
H1,11/12,125,1,
H1,11/12,126,1,
H1,11/12,127,1,
H1,11/12,128,1,
H1,11/12,129,1,
H1,11/12,130,1,
H1,11/12,131,1,
H1,11/12,132,1,
H1,11/12,133,1,
H1,11/12,134,1,
H1,11/12,135,1,
H1,11/12,136,1,
H1,11/12,137,1,
H1,11/12,138,0,
H1,11/12,139,1,
H1,11/12,140,1,
H1,11/12,141,1,
H1,11/12,142,1,
H1,11/12,143,0,
H1,11/12,144,1,
H1,11/12,145,1,
H1,11/12,146,1,
H1,11/12,147,0,
H1,11/12,148,0,
H1,11/12,149,1,
H1,11/12,150,1,
H1,11/12,151,1,
H1,11/12,152,1,
H1,11/12,153,1,
H1,11/12,154,1,
H1,11/12,155,1,
H1,11/12,156,1,
H1,11/12,157,1,
H1,11/12,158,1,
H1,11/12,159,1,
H1,11/12,160,0,
H1,11/12,161,1,
H1,11/12,162,1,
H1,11/12,163,1,
H1,11/12,164,1,
H1,11/12,165,1,
H1,11/12,166,1,
H1,11/12,167,1,
H1,11/12,168,1,
H1,11/12,169,1,
H1,11/12,170,1,
H1,11/12,171,1,
H1,11/12,172,1,
H1,11/12,173,0,
H1,11/12,174,1,
H1,11/12,175,1,
H1,11/12,176,1,
H1,11/12,177,1,
H1,11/12,178,1,
H1,11/12,179,1,
H1,11/12,180,0,
H1,11/12,181,1,
H1,11/12,182,1,
H1,11/12,183,1,
H1,11/12,184,1,
H1,11/12,185,1,
H1,11/12,186,1,
H1,11/12,187,1,
H1,11/12,188,1,
H1,11/12,189,0,
H1,11/12,190,1,
H1,11/12,191,1,
H1,11/12,192,1,
H1,11/12,193,1,
H1,11/12,194,1,
H1,11/12,195,1,
H1,11/12,196,1,
H1,11/12,197,1,
H1,11/12,198,1,
H1,11/12,199,1,
H1,777/778,0,1,
H1,777/778,1,0,
H1,777/778,2,0,
H1,777/778,3,0,
H1,777/778,4,1,
H1,777/778,5,0,
H1,777/778,6,1,
H1,777/778,7,0,
H1,777/778,8,1,
H1,777/778,9,1,
H1,777/778,10,0,
H1,777/778,11,1,
H1,777/778,12,1,
H1,777/778,13,1,
H1,777/778,14,1,
H1,777/778,15,0,
H1,777/778,16,1,
H1,777/778,17,0,
H1,777/778,18,1,
H1,777/778,19,0,
H1,777/778,20,0,
H1,777/778,21,1,
H1,777/778,22,0,
H1,777/778,23,0,
H1,777/778,24,1,
H1,777/778,25,1,
H1,777/778,26,0,
H1,777/778,27,1,
H1,777/778,28,0,
H1,777/778,29,1,
H1,777/778,30,1,
H1,777/778,31,1,
H1,777/778,32,0,
H1,777/778,33,0,
H1,777/778,34,0,
H1,777/778,35,1,
H1,777/778,36,1,
H1,777/778,37,1,
H1,777/778,38,1,
H1,777/778,39,1,
H1,777/778,40,0,
H1,777/778,41,0,
H1,777/778,42,1,
H1,777/778,43,1,
H1,777/778,44,1,
H1,777/778,45,1,
H1,777/778,46,0,
H1,777/778,47,1,
H1,777/778,48,1,
H1,777/778,49,0,
H1,777/778,50,1,
H1,777/778,51,1,
H1,777/778,52,1,
H1,777/778,53,1,
H1,777/778,54,1,
H1,777/778,55,0,
H1,777/778,56,0,
H1,777/778,57,0,
H1,777/778,58,1,
H1,777/778,59,1,
H1,777/778,60,0,
H1,777/778,61,1,
H1,777/778,62,1,
H1,777/778,63,1,
H1,777/778,64,0,
H1,777/778,65,0,
H1,777/778,66,0,
H1,777/778,67,0,
H1,777/778,68,1,
H1,777/778,69,1,
H1,777/778,70,1,
H1,777/778,71,1,
H1,777/778,72,1,
H1,777/778,73,1,
H1,777/778,74,1,
H1,777/778,75,1,
H1,777/778,76,1,
H1,777/778,77,1,
H1,777/778,78,1,
H1,777/778,79,1,
H1,777/778,80,1,
H1,777/778,81,0,
H1,777/778,82,0,
H1,777/778,83,1,
H1,777/778,84,1,
H1,777/778,85,1,
H1,777/778,86,0,
H1,777/778,87,1,
H1,777/778,88,1,
H1,777/778,89,1,
H1,777/778,90,0,
H1,777/778,91,1,
H1,777/778,92,1,
H1,777/778,93,1,
H1,777/778,94,1,
H1,777/778,95,0,
H1,777/778,96,1,
H1,777/778,97,1,
H1,777/778,98,1,
H1,777/778,99,1,
H1,777/778,100,0,
H1,777/778,101,1,
H1,777/778,102,1,
H1,777/778,103,1,
H1,777/778,104,0,
H1,777/778,105,1,
H1,777/778,106,1,
H1,777/778,107,0,
H1,777/778,108,1,
H1,777/778,109,0,
H1,777/778,110,0,
H1,777/778,111,1,
H1,777/778,112,0,
H1,777/778,113,1,
H1,777/778,114,1,
H1,777/778,115,1,
H1,777/778,116,0,
H1,777/778,117,1,
H1,777/778,118,1,
H1,777/778,119,1,
H1,777/778,120,1,
H1,777/778,121,1,
H1,777/778,122,0,
H1,777/778,123,0,
H1,777/778,124,1,
H1,777/778,125,0,
H1,777/778,126,1,
H1,777/778,127,1,
H1,777/778,128,1,
H1,777/778,129,1,
H1,777/778,130,1,
H1,777/778,131,1,
H1,777/778,132,1,
H1,777/778,133,1,
H1,777/778,134,1,
H1,777/778,135,1,
H1,777/778,136,0,
H1,777/778,137,1,
H1,777/778,138,0,
H1,777/778,139,1,
H1,777/778,140,0,
H1,777/778,141,1,
H1,777/778,142,1,
H1,777/778,143,0,
H1,777/778,144,1,
H1,777/778,145,1,
H1,777/778,146,1,
H1,777/778,147,0,
H1,777/778,148,0,
H1,777/778,149,1,
H1,777/778,150,0,
H1,777/778,151,0,
H1,777/778,152,1,
H1,777/778,153,0,
H1,777/778,154,1,
H1,777/778,155,1,
H1,777/778,156,0,
H1,777/778,157,1,
H1,777/778,158,0,
H1,777/778,159,1,
H1,777/778,160,0,
H1,777/778,161,0,
H1,777/778,162,0,
H1,777/778,163,1,
H1,777/778,164,1,
H1,777/778,165,1,
H1,777/778,166,1,
H1,777/778,167,1,
H1,777/778,168,1,
H1,777/778,169,1,
H1,777/778,170,0,
H1,777/778,171,1,
H1,777/778,172,1,
H1,777/778,173,0,
H1,777/778,174,1,
H1,777/778,175,1,
H1,777/778,176,0,
H1,777/778,177,1,
H1,777/778,178,1,
H1,777/778,179,1,
H1,777/778,180,0,
H1,777/778,181,1,
H1,777/778,182,1,
H1,777/778,183,1,
H1,777/778,184,1,
H1,777/778,185,1,
H1,777/778,186,1,
H1,777/778,187,1,
H1,777/778,188,1,
H1,777/778,189,0,
H1,777/778,190,1,
H1,777/778,191,1,
H1,777/778,192,1,
H1,777/778,193,1,
H1,777/778,194,0,
H1,777/778,195,1,
H1,777/778,196,0,
H1,777/778,197,1,
H1,777/778,198,1,
H1,777/778,199,1,
H1,31415/31416,0,1,
H1,31415/31416,1,0,
H1,31415/31416,2,1,
H1,31415/31416,3,0,
H1,31415/31416,4,1,
H1,31415/31416,5,1,
H1,31415/31416,6,1,
H1,31415/31416,7,0,
H1,31415/31416,8,1,
H1,31415/31416,9,1,
H1,31415/31416,10,1,
H1,31415/31416,11,1,
H1,31415/31416,12,0,
H1,31415/31416,13,1,
H1,31415/31416,14,1,
H1,31415/31416,15,1,
H1,31415/31416,16,1,
H1,31415/31416,17,1,
H1,31415/31416,18,1,
H1,31415/31416,19,1,
H1,31415/31416,20,0,
H1,31415/31416,21,1,
H1,31415/31416,22,1,
H1,31415/31416,23,1,
H1,31415/31416,24,1,
H1,31415/31416,25,1,
H1,31415/31416,26,1,
H1,31415/31416,27,1,
H1,31415/31416,28,1,
H1,31415/31416,29,1,
H1,31415/31416,30,1,
H1,31415/31416,31,1,
H1,31415/31416,32,1,
H1,31415/31416,33,0,
H1,31415/31416,34,1,
H1,31415/31416,35,1,
H1,31415/31416,36,1,
H1,31415/31416,37,1,
H1,31415/31416,38,1,
H1,31415/31416,39,1,
H1,31415/31416,40,1,
H1,31415/31416,41,1,
H1,31415/31416,42,1,
H1,31415/31416,43,1,
H1,31415/31416,44,1,
H1,31415/31416,45,1,
H1,31415/31416,46,1,
H1,31415/31416,47,1,
H1,31415/31416,48,1,
H1,31415/31416,49,0,
H1,31415/31416,50,0,
H1,31415/31416,51,1,
H1,31415/31416,52,1,
H1,31415/31416,53,1,
H1,31415/31416,54,1,
H1,31415/31416,55,1,
H1,31415/31416,56,1,
H1,31415/31416,57,0,
H1,31415/31416,58,1,
H1,31415/31416,59,1,
H1,31415/31416,60,0,
H1,31415/31416,61,1,
H1,31415/31416,62,1,
H1,31415/31416,63,1,
H1,31415/31416,64,1,
H1,31415/31416,65,0,
H1,31415/31416,66,0,
H1,31415/31416,67,1,
H1,31415/31416,68,1,
H1,31415/31416,69,1,
H1,31415/31416,70,1,
H1,31415/31416,71,1,
H1,31415/31416,72,1,
H1,31415/31416,73,1,
H1,31415/31416,74,0,
H1,31415/31416,75,1,
H1,31415/31416,76,1,
H1,31415/31416,77,1,
H1,31415/31416,78,1,
H1,31415/31416,79,1,
H1,31415/31416,80,1,
H1,31415/31416,81,1,
H1,31415/31416,82,1,
H1,31415/31416,83,1,
H1,31415/31416,84,1,
H1,31415/31416,85,1,
H1,31415/31416,86,0,
H1,31415/31416,87,1,
H1,31415/31416,88,1,
H1,31415/31416,89,1,
H1,31415/31416,90,0,
H1,31415/31416,91,1,
H1,31415/31416,92,1,
H1,31415/31416,93,1,
H1,31415/31416,94,1,
H1,31415/31416,95,0,
H1,31415/31416,96,1,
H1,31415/31416,97,1,
H1,31415/31416,98,1,
H1,31415/31416,99,1,
H1,31415/31416,100,0,
H1,31415/31416,101,1,
H1,31415/31416,102,1,
H1,31415/31416,103,1,
H1,31415/31416,104,1,
H1,31415/31416,105,1,
H1,31415/31416,106,1,
H1,31415/31416,107,1,
H1,31415/31416,108,1,
H1,31415/31416,109,1,
H1,31415/31416,110,0,
H1,31415/31416,111,1,
H1,31415/31416,112,0,
H1,31415/31416,113,1,
H1,31415/31416,114,1,
H1,31415/31416,115,1,
H1,31415/31416,116,0,
H1,31415/31416,117,1,
H1,31415/31416,118,1,
H1,31415/31416,119,1,
H1,31415/31416,120,1,
H1,31415/31416,121,1,
H1,31415/31416,122,0,
H1,31415/31416,123,0,
H1,31415/31416,124,1,
H1,31415/31416,125,1,
H1,31415/31416,126,1,
H1,31415/31416,127,1,
H1,31415/31416,128,1,
H1,31415/31416,129,1,
H1,31415/31416,130,1,
H1,31415/31416,131,1,
H1,31415/31416,132,1,
H1,31415/31416,133,1,
H1,31415/31416,134,1,
H1,31415/31416,135,1,
H1,31415/31416,136,1,
H1,31415/31416,137,1,
H1,31415/31416,138,0,
H1,31415/31416,139,1,
H1,31415/31416,140,1,
H1,31415/31416,141,1,
H1,31415/31416,142,1,
H1,31415/31416,143,0,
H1,31415/31416,144,1,
H1,31415/31416,145,0,
H1,31415/31416,146,1,
H1,31415/31416,147,0,
H1,31415/31416,148,0,
H1,31415/31416,149,1,
H1,31415/31416,150,1,
H1,31415/31416,151,1,
H1,31415/31416,152,1,
H1,31415/31416,153,0,
H1,31415/31416,154,0,
H1,31415/31416,155,1,
H1,31415/31416,156,1,
H1,31415/31416,157,0,
H1,31415/31416,158,1,
H1,31415/31416,159,1,
H1,31415/31416,160,1,
H1,31415/31416,161,1,
H1,31415/31416,162,0,
H1,31415/31416,163,1,
H1,31415/31416,164,1,
H1,31415/31416,165,1,
H1,31415/31416,166,1,
H1,31415/31416,167,1,
H1,31415/31416,168,0,
H1,31415/31416,169,1,
H1,31415/31416,170,1,
H1,31415/31416,171,1,
H1,31415/31416,172,1,
H1,31415/31416,173,0,
H1,31415/31416,174,1,
H1,31415/31416,175,1,
H1,31415/31416,176,0,
H1,31415/31416,177,0,
H1,31415/31416,178,1,
H1,31415/31416,179,1,
H1,31415/31416,180,1,
H1,31415/31416,181,1,
H1,31415/31416,182,1,
H1,31415/31416,183,1,
H1,31415/31416,184,1,
H1,31415/31416,185,1,
H1,31415/31416,186,1,
H1,31415/31416,187,1,
H1,31415/31416,188,1,
H1,31415/31416,189,0,
H1,31415/31416,190,1,
H1,31415/31416,191,1,
H1,31415/31416,192,1,
H1,31415/31416,193,1,
H1,31415/31416,194,0,
H1,31415/31416,195,1,
H1,31415/31416,196,0,
H1,31415/31416,197,1,
H1,31415/31416,198,1,
H1,31415/31416,199,1,
H1,5/6,0,1,
H1,5/6,1,0,
H1,5/6,2,1,
H1,5/6,3,1,
H1,5/6,4,1,
H1,5/6,5,1,
H1,5/6,6,1,
H1,5/6,7,1,
H1,5/6,8,1,
H1,5/6,9,1,
H1,5/6,10,1,
H1,5/6,11,1,
H1,5/6,12,1,
H1,5/6,13,1,
H1,5/6,14,1,
H1,5/6,15,1,
H1,5/6,16,1,
H1,5/6,17,1,
H1,5/6,18,1,
H1,5/6,19,1,
H1,5/6,20,1,
H1,5/6,21,1,
H1,5/6,22,1,
H1,5/6,23,1,
H1,5/6,24,1,
H1,5/6,25,1,
H1,5/6,26,1,
H1,5/6,27,1,
H1,5/6,28,1,
H1,5/6,29,1,
H1,5/6,30,1,
H1,5/6,31,1,
H1,5/6,32,1,
H1,5/6,33,0,
H1,5/6,34,1,
H1,5/6,35,1,
H1,5/6,36,1,
H1,5/6,37,1,
H1,5/6,38,1,
H1,5/6,39,1,
H1,5/6,40,1,
H1,5/6,41,1,
H1,5/6,42,1,
H1,5/6,43,1,
H1,5/6,44,1,
H1,5/6,45,1,
H1,5/6,46,1,
H1,5/6,47,1,
H1,5/6,48,1,
H1,5/6,49,1,
H1,5/6,50,1,
H1,5/6,51,1,
H1,5/6,52,1,
H1,5/6,53,1,
H1,5/6,54,1,
H1,5/6,55,1,
H1,5/6,56,1,
H1,5/6,57,1,
H1,5/6,58,1,
H1,5/6,59,1,
H1,5/6,60,1,
H1,5/6,61,1,
H1,5/6,62,1,
H1,5/6,63,1,
H1,5/6,64,1,
H1,5/6,65,0,
H1,5/6,66,0,
H1,5/6,67,1,
H1,5/6,68,1,
H1,5/6,69,1,
H1,5/6,70,1,
H1,5/6,71,1,
H1,5/6,72,1,
H1,5/6,73,1,
H1,5/6,74,1,
H1,5/6,75,1,
H1,5/6,76,1,
H1,5/6,77,1,
H1,5/6,78,1,
H1,5/6,79,1,
H1,5/6,80,1,
H1,5/6,81,1,
H1,5/6,82,1,
H1,5/6,83,1,
H1,5/6,84,1,
H1,5/6,85,1,
H1,5/6,86,1,
H1,5/6,87,1,
H1,5/6,88,1,
H1,5/6,89,1,
H1,5/6,90,1,
H1,5/6,91,1,
H1,5/6,92,1,
H1,5/6,93,1,
H1,5/6,94,1,
H1,5/6,95,1,
H1,5/6,96,1,
H1,5/6,97,1,
H1,5/6,98,1,
H1,5/6,99,1,
H1,5/6,100,1,
H1,5/6,101,1,
H1,5/6,102,1,
H1,5/6,103,1,
H1,5/6,104,1,
H1,5/6,105,1,
H1,5/6,106,1,
H1,5/6,107,1,
H1,5/6,108,1,
H1,5/6,109,1,
H1,5/6,110,0,
H1,5/6,111,1,
H1,5/6,112,1,
H1,5/6,113,1,
H1,5/6,114,1,
H1,5/6,115,1,
H1,5/6,116,1,
H1,5/6,117,1,
H1,5/6,118,1,
H1,5/6,119,1,
H1,5/6,120,1,
H1,5/6,121,1,
H1,5/6,122,0,
H1,5/6,123,1,
H1,5/6,124,1,
H1,5/6,125,1,
H1,5/6,126,1,
H1,5/6,127,1,
H1,5/6,128,1,
H1,5/6,129,1,
H1,5/6,130,1,
H1,5/6,131,1,
H1,5/6,132,1,
H1,5/6,133,1,
H1,5/6,134,1,
H1,5/6,135,1,
H1,5/6,136,1,
H1,5/6,137,1,
H1,5/6,138,1,
H1,5/6,139,1,
H1,5/6,140,1,
H1,5/6,141,1,
H1,5/6,142,1,
H1,5/6,143,1,
H1,5/6,144,1,
H1,5/6,145,1,
H1,5/6,146,1,
H1,5/6,147,1,
H1,5/6,148,1,
H1,5/6,149,1,
H1,5/6,150,1,
H1,5/6,151,1,
H1,5/6,152,1,
H1,5/6,153,1,
H1,5/6,154,1,
H1,5/6,155,1,
H1,5/6,156,1,
H1,5/6,157,1,
H1,5/6,158,1,
H1,5/6,159,1,
H1,5/6,160,0,
H1,5/6,161,1,
H1,5/6,162,1,
H1,5/6,163,1,
H1,5/6,164,1,
H1,5/6,165,1,
H1,5/6,166,1,
H1,5/6,167,1,
H1,5/6,168,1,
H1,5/6,169,1,
H1,5/6,170,1,
H1,5/6,171,1,
H1,5/6,172,1,
H1,5/6,173,1,
H1,5/6,174,1,
H1,5/6,175,1,
H1,5/6,176,0,
H1,5/6,177,1,
H1,5/6,178,1,
H1,5/6,179,1,
H1,5/6,180,1,
H1,5/6,181,1,
H1,5/6,182,1,
H1,5/6,183,1,
H1,5/6,184,1,
H1,5/6,185,1,
H1,5/6,186,1,
H1,5/6,187,1,
H1,5/6,188,1,
H1,5/6,189,0,
H1,5/6,190,1,
H1,5/6,191,1,
H1,5/6,192,1,
H1,5/6,193,1,
H1,5/6,194,1,
H1,5/6,195,1,
H1,5/6,196,1,
H1,5/6,197,1,
H1,5/6,198,1,
H1,5/6,199,1,
H1,98765/98766,0,1,
H1,98765/98766,1,0,
H1,98765/98766,2,1,
H1,98765/98766,3,1,
H1,98765/98766,4,1,
H1,98765/98766,5,1,
H1,98765/98766,6,1,
H1,98765/98766,7,1,
H1,98765/98766,8,1,
H1,98765/98766,9,1,
H1,98765/98766,10,1,
H1,98765/98766,11,1,
H1,98765/98766,12,1,
H1,98765/98766,13,1,
H1,98765/98766,14,1,
H1,98765/98766,15,1,
H1,98765/98766,16,1,
H1,98765/98766,17,1,
H1,98765/98766,18,1,
H1,98765/98766,19,1,
H1,98765/98766,20,1,
H1,98765/98766,21,1,
H1,98765/98766,22,1,
H1,98765/98766,23,1,
H1,98765/98766,24,1,
H1,98765/98766,25,1,
H1,98765/98766,26,1,
H1,98765/98766,27,1,
H1,98765/98766,28,1,
H1,98765/98766,29,1,
H1,98765/98766,30,1,
H1,98765/98766,31,1,
H1,98765/98766,32,1,
H1,98765/98766,33,0,
H1,98765/98766,34,1,
H1,98765/98766,35,1,
H1,98765/98766,36,1,
H1,98765/98766,37,1,
H1,98765/98766,38,1,
H1,98765/98766,39,1,
H1,98765/98766,40,1,
H1,98765/98766,41,1,
H1,98765/98766,42,1,
H1,98765/98766,43,1,
H1,98765/98766,44,1,
H1,98765/98766,45,1,
H1,98765/98766,46,1,
H1,98765/98766,47,1,
H1,98765/98766,48,1,
H1,98765/98766,49,0,
H1,98765/98766,50,1,
H1,98765/98766,51,1,
H1,98765/98766,52,1,
H1,98765/98766,53,1,
H1,98765/98766,54,1,
H1,98765/98766,55,1,
H1,98765/98766,56,1,
H1,98765/98766,57,0,
H1,98765/98766,58,1,
H1,98765/98766,59,1,
H1,98765/98766,60,0,
H1,98765/98766,61,1,
H1,98765/98766,62,1,
H1,98765/98766,63,1,
H1,98765/98766,64,1,
H1,98765/98766,65,1,
H1,98765/98766,66,0,
H1,98765/98766,67,1,
H1,98765/98766,68,1,
H1,98765/98766,69,1,
H1,98765/98766,70,1,
H1,98765/98766,71,1,
H1,98765/98766,72,1,
H1,98765/98766,73,1,
H1,98765/98766,74,1,
H1,98765/98766,75,1,
H1,98765/98766,76,1,
H1,98765/98766,77,1,
H1,98765/98766,78,1,
H1,98765/98766,79,1,
H1,98765/98766,80,1,
H1,98765/98766,81,1,
H1,98765/98766,82,1,
H1,98765/98766,83,1,
H1,98765/98766,84,1,
H1,98765/98766,85,1,
H1,98765/98766,86,1,
H1,98765/98766,87,1,
H1,98765/98766,88,1,
H1,98765/98766,89,1,
H1,98765/98766,90,1,
H1,98765/98766,91,1,
H1,98765/98766,92,1,
H1,98765/98766,93,1,
H1,98765/98766,94,1,
H1,98765/98766,95,0,
H1,98765/98766,96,1,
H1,98765/98766,97,1,
H1,98765/98766,98,1,
H1,98765/98766,99,1,
H1,98765/98766,100,1,
H1,98765/98766,101,1,
H1,98765/98766,102,1,
H1,98765/98766,103,1,
H1,98765/98766,104,1,
H1,98765/98766,105,1,
H1,98765/98766,106,1,
H1,98765/98766,107,1,
H1,98765/98766,108,1,
H1,98765/98766,109,1,
H1,98765/98766,110,0,
H1,98765/98766,111,1,
H1,98765/98766,112,0,
H1,98765/98766,113,1,
H1,98765/98766,114,1,
H1,98765/98766,115,1,
H1,98765/98766,116,0,
H1,98765/98766,117,1,
H1,98765/98766,118,1,
H1,98765/98766,119,1,
H1,98765/98766,120,1,
H1,98765/98766,121,1,
H1,98765/98766,122,0,
H1,98765/98766,123,1,
H1,98765/98766,124,1,
H1,98765/98766,125,1,
H1,98765/98766,126,1,
H1,98765/98766,127,1,
H1,98765/98766,128,1,
H1,98765/98766,129,1,
H1,98765/98766,130,1,
H1,98765/98766,131,1,
H1,98765/98766,132,1,
H1,98765/98766,133,1,
H1,98765/98766,134,1,
H1,98765/98766,135,1,
H1,98765/98766,136,1,
H1,98765/98766,137,1,
H1,98765/98766,138,0,
H1,98765/98766,139,1,
H1,98765/98766,140,1,
H1,98765/98766,141,1,
H1,98765/98766,142,1,
H1,98765/98766,143,0,
H1,98765/98766,144,1,
H1,98765/98766,145,1,
H1,98765/98766,146,1,
H1,98765/98766,147,1,
H1,98765/98766,148,0,
H1,98765/98766,149,1,
H1,98765/98766,150,1,
H1,98765/98766,151,1,
H1,98765/98766,152,1,
H1,98765/98766,153,0,
H1,98765/98766,154,1,
H1,98765/98766,155,1,
H1,98765/98766,156,1,
H1,98765/98766,157,1,
H1,98765/98766,158,1,
H1,98765/98766,159,1,
H1,98765/98766,160,1,
H1,98765/98766,161,1,
H1,98765/98766,162,1,
H1,98765/98766,163,1,
H1,98765/98766,164,1,
H1,98765/98766,165,1,
H1,98765/98766,166,1,
H1,98765/98766,167,1,
H1,98765/98766,168,1,
H1,98765/98766,169,1,
H1,98765/98766,170,1,
H1,98765/98766,171,1,
H1,98765/98766,172,1,
H1,98765/98766,173,1,
H1,98765/98766,174,1,
H1,98765/98766,175,1,
H1,98765/98766,176,0,
H1,98765/98766,177,1,
H1,98765/98766,178,1,
H1,98765/98766,179,1,
H1,98765/98766,180,1,
H1,98765/98766,181,1,
H1,98765/98766,182,1,
H1,98765/98766,183,1,
H1,98765/98766,184,1,
H1,98765/98766,185,1,
H1,98765/98766,186,1,
H1,98765/98766,187,1,
H1,98765/98766,188,1,
H1,98765/98766,189,1,
H1,98765/98766,190,1,
H1,98765/98766,191,1,
H1,98765/98766,192,1,
H1,98765/98766,193,1,
H1,98765/98766,194,1,
H1,98765/98766,195,1,
H1,98765/98766,196,0,
H1,98765/98766,197,1,
H1,98765/98766,198,1,
H1,98765/98766,199,1,
