r,stat,form,detect_rate,power_localised,tau_hat_q1_all,tau_hat_median_all,tau_hat_q3_all,tau_hat_q1_detected,tau_hat_median_detected,tau_hat_q3_detected,threshold,reps
0.35,DOMI-diff,g,0.226,0.0,81.0,414.5,524.25,81.0,483.0,531.0,1.0006808750762974,500
0.35,DOMI-diff,gs,0.28,0.002,151.0,354.0,444.0,152.75,332.0,439.25,3.6652105229965812,500
0.35,matmi-a1,g,0.212,0.0,72.0,403.5,529.0,73.25,498.0,534.75,1.421805599533006,500
0.35,matmi-a1,gs,0.312,0.002,162.75,347.5,433.25,167.0,358.5,425.5,3.4310490013014827,500
0.35,HSIC-diff,g,0.178,0.0,94.0,233.5,501.0,88.0,420.0,520.0,0.1237906533839547,500
0.35,HSIC-diff,gs,0.172,0.0,144.0,329.5,454.0,150.25,390.5,453.5,4.29439873224822,500
0.35,dCor-diff,g,0.886,0.0,110.0,411.5,490.0,109.5,412.0,491.0,2.505516046114265,500
0.35,dCor-diff,gs,0.928,0.0,96.75,217.0,486.25,94.0,403.0,486.25,3.3508572383191892,500
0.35,Spearman-diff,g,1.0,0.98,296.0,300.0,304.0,296.0,300.0,304.0,2.7620870897008096,500
0.35,Spearman-diff,gs,1.0,0.974,295.0,298.0,299.0,295.0,298.0,299.0,3.35630439998136,500
0.35,CvM-sub,g,1.0,0.98,297.0,300.0,305.0,297.0,300.0,305.0,0.022186027469135807,500
0.35,CvM-sub,gs,1.0,0.942,291.0,298.0,300.0,291.0,298.0,300.0,4.9843068808257005,500
0.35,CorrCUSUM,g,1.0,0.984,299.0,302.0,307.0,299.0,302.0,307.0,1.1646526697756359,500
0.35,CorrCUSUM,gs,1.0,0.976,295.0,299.0,303.25,295.0,299.0,303.25,3.3769452235477972,500
0.35,CopulaCvM,g,0.672,0.398,268.0,294.5,312.25,264.5,293.0,308.0,0.7453288198865585,500
0.35,CopulaCvM,gs,0.662,0.348,273.75,298.0,329.0,274.0,298.0,328.0,5.603730014877604,500
0.35,combined,gs,1.0,0.974,295.0,298.0,299.0,295.0,298.0,299.0,3.7807647286414876,500
0.7,DOMI-diff,g,0.998,0.0,125.75,219.5,474.25,125.5,219.0,474.5,1.3370866983580292,500
0.7,DOMI-diff,gs,1.0,0.0,169.0,394.0,451.0,169.0,394.0,451.0,3.5114379688371113,500
0.7,matmi-a1,g,0.998,0.0,124.75,289.5,482.0,124.5,220.0,482.0,1.753288023219668,500
0.7,matmi-a1,gs,1.0,0.0,167.0,397.0,448.0,167.0,397.0,448.0,3.538502780552598,500
0.7,HSIC-diff,g,0.99,0.0,124.0,191.0,467.5,124.0,195.0,470.0,0.18341761839087506,500
0.7,HSIC-diff,gs,0.99,0.0,147.0,202.0,476.5,148.0,202.0,478.5,3.5988092431217975,500
0.7,dCor-diff,g,1.0,0.0,120.0,149.0,480.0,120.0,149.0,480.0,1.7260117033672082,500
0.7,dCor-diff,gs,1.0,0.0,139.0,452.0,485.0,139.0,452.0,485.0,3.3183965675224623,500
0.7,Spearman-diff,g,1.0,1.0,299.0,300.0,301.0,299.0,300.0,301.0,1.6850816008955178,500
0.7,Spearman-diff,gs,1.0,1.0,305.0,306.0,306.0,305.0,306.0,306.0,3.5497480378472366,500
0.7,CvM-sub,g,1.0,1.0,299.0,300.0,301.0,299.0,300.0,301.0,0.014766081507716048,500
0.7,CvM-sub,gs,1.0,1.0,294.0,302.0,307.0,294.0,302.0,307.0,4.7275340931361125,500
0.7,CorrCUSUM,g,1.0,0.998,300.0,301.0,304.0,300.0,301.0,304.0,0.6875355152531302,500
0.7,CorrCUSUM,gs,1.0,1.0,302.0,302.0,307.0,302.0,302.0,307.0,3.727259535458683,500
0.7,CopulaCvM,g,1.0,0.938,289.75,297.0,300.0,289.75,297.0,300.0,0.8865985820260588,500
0.7,CopulaCvM,gs,1.0,0.894,278.0,297.0,303.0,278.0,297.0,303.0,5.610155471246338,500
0.7,combined,gs,1.0,1.0,305.0,306.0,306.0,305.0,306.0,306.0,3.6693837828870826,500
