cell,scen,level,null,stat,variant,detect_rate,detect_se,power_localised,power_se,median_abs_err_all,median_abs_err_detected,threshold,n_reps
S1_r0.35,D1,0.35,level-0,MCTIRE-AS,raw,0.038,0.0086,0.022,0.0066,104.0,20.0,0.15428694594990547,500
S1_r0.35,D1,0.35,level-0,MCTIRE-AS,studentised,0.036,0.0083,0.022,0.0066,102.5,20.0,3.8856422578443968,500
S1_r0.35,D1,0.35,level-0,MCTIRE-sum,raw,0.026,0.0071,0.002,0.002,131.0,143.0,0.8194957141340052,500
S1_r0.35,D1,0.35,level-0,MCTIRE-sum,studentised,0.032,0.0079,0.0,0.0,122.5,143.0,2.987405923070476,500
S2_a0.7,D2,0.7,level-0,MCTIRE-AS,raw,0.108,0.0139,0.01,0.0044,133.0,123.5,0.14612002035644847,500
S2_a0.7,D2,0.7,level-0,MCTIRE-AS,studentised,0.104,0.0137,0.01,0.0044,136.0,123.0,3.3007644511418284,500
S2_a0.7,D2,0.7,level-0,MCTIRE-sum,raw,0.018,0.0059,0.0,0.0,136.5,156.0,0.837059937006991,500
S2_a0.7,D2,0.7,level-0,MCTIRE-sum,studentised,0.014,0.0053,0.0,0.0,127.5,155.0,3.484720918982976,500
S2_a0.9,D2,0.9,level-0,MCTIRE-AS,raw,0.104,0.0137,0.004,0.0028,148.5,136.5,0.14612002035644847,500
S2_a0.9,D2,0.9,level-0,MCTIRE-AS,studentised,0.104,0.0137,0.004,0.0028,143.0,132.5,3.3007644511418284,500
S2_a0.9,D2,0.9,level-0,MCTIRE-sum,raw,0.008,0.004,0.002,0.002,147.5,99.0,0.837059937006991,500
S2_a0.9,D2,0.9,level-0,MCTIRE-sum,studentised,0.008,0.004,0.0,0.0,136.5,97.0,3.484720918982976,500
S3_tau0.5,D3,0.5,matched,MCTIRE-AS,raw,0.084,0.0124,0.006,0.0035,142.5,155.5,0.056297276366868675,500
S3_tau0.5,D3,0.5,matched,MCTIRE-AS,studentised,0.088,0.0127,0.006,0.0035,145.0,144.0,3.3077065849013305,500
S3_tau0.5,D3,0.5,matched,MCTIRE-sum,raw,0.094,0.0131,0.012,0.0049,144.0,115.0,0.4401000805148196,500
S3_tau0.5,D3,0.5,matched,MCTIRE-sum,studentised,0.088,0.0127,0.008,0.004,129.0,112.0,3.4079050276589062,500
S4_r0.7,D4,0.7,matched,MCTIRE-AS,raw,0.036,0.0083,0.0,0.0,137.5,141.5,0.18716324820973473,500
S4_r0.7,D4,0.7,matched,MCTIRE-AS,studentised,0.032,0.0079,0.0,0.0,130.5,141.0,3.2917403904904035,500
S4_r0.7,D4,0.7,matched,MCTIRE-sum,raw,0.08,0.0121,0.002,0.002,147.5,157.0,0.8112731126084628,500
S4_r0.7,D4,0.7,matched,MCTIRE-sum,studentised,0.076,0.0119,0.002,0.002,133.5,120.5,3.23386523820746,500
S4_r0.85,D4,0.85,matched,MCTIRE-AS,raw,0.018,0.0059,0.0,0.0,142.0,135.0,0.21341993652237645,500
S4_r0.85,D4,0.85,matched,MCTIRE-AS,studentised,0.014,0.0053,0.0,0.0,132.0,134.0,3.788624848121673,500
S4_r0.85,D4,0.85,matched,MCTIRE-sum,raw,0.032,0.0079,0.002,0.002,145.0,144.5,0.8682166984441515,500
S4_r0.85,D4,0.85,matched,MCTIRE-sum,studentised,0.032,0.0079,0.002,0.002,132.5,110.5,3.559618717229392,500
M1_s2,M1,2.0,level-0,MCTIRE-AS,raw,0.286,0.0202,0.194,0.0177,27.0,10.0,0.15173561288175996,500
M1_s2,M1,2.0,level-0,MCTIRE-AS,studentised,0.316,0.0208,0.216,0.0184,26.0,12.0,3.373902995016492,500
M1_s2,M1,2.0,level-0,MCTIRE-sum,raw,0.082,0.0123,0.034,0.0081,94.0,72.0,0.8389921736156537,500
M1_s2,M1,2.0,level-0,MCTIRE-sum,studentised,0.086,0.0125,0.04,0.0088,84.5,44.0,3.225085931652348,500
G1_nu2,G1,2.0,level-0,MCTIRE-AS,raw,0.106,0.0138,0.006,0.0035,140.0,149.0,0.1542711303646453,500
G1_nu2,G1,2.0,level-0,MCTIRE-AS,studentised,0.108,0.0139,0.006,0.0035,147.0,154.0,3.7515842272837063,500
G1_nu2,G1,2.0,level-0,MCTIRE-sum,raw,0.09,0.0128,0.01,0.0044,162.0,173.0,0.7913275531898812,500
G1_nu2,G1,2.0,level-0,MCTIRE-sum,studentised,0.088,0.0127,0.014,0.0053,157.0,145.5,3.0205520218168234,500
G2_tau0.2,G2,0.2,level-0,MCTIRE-AS,raw,0.042,0.009,0.018,0.0059,120.0,45.0,0.15122947593051683,500
G2_tau0.2,G2,0.2,level-0,MCTIRE-AS,studentised,0.032,0.0079,0.016,0.0056,108.0,31.5,3.810748135106837,500
G2_tau0.2,G2,0.2,level-0,MCTIRE-sum,raw,0.032,0.0079,0.004,0.0028,150.0,125.0,0.801576703121842,500
G2_tau0.2,G2,0.2,level-0,MCTIRE-sum,studentised,0.042,0.009,0.01,0.0044,127.0,99.0,3.185989509857695,500
G4_a0.5,G4,0.5,level-0,MCTIRE-AS,raw,0.084,0.0124,0.01,0.0044,132.0,131.0,0.15537577017092066,500
G4_a0.5,G4,0.5,level-0,MCTIRE-AS,studentised,0.07,0.0114,0.012,0.0049,120.0,89.0,3.881000842698787,500
G4_a0.5,G4,0.5,level-0,MCTIRE-sum,raw,0.02,0.0063,0.002,0.002,142.5,118.5,0.8653865774162617,500
G4_a0.5,G4,0.5,level-0,MCTIRE-sum,studentised,0.014,0.0053,0.002,0.002,128.5,78.0,3.9538609103154414,500
G6_b0.3,G6,0.3,level-0,MCTIRE-AS,raw,0.07,0.0114,0.014,0.0053,142.0,123.0,0.15170810392749703,500
G6_b0.3,G6,0.3,level-0,MCTIRE-AS,studentised,0.07,0.0114,0.014,0.0053,145.0,131.0,3.5858904062323242,500
G6_b0.3,G6,0.3,level-0,MCTIRE-sum,raw,0.072,0.0116,0.012,0.0049,158.0,148.5,0.8164729814641783,500
G6_b0.3,G6,0.3,level-0,MCTIRE-sum,studentised,0.06,0.0106,0.01,0.0044,135.0,100.5,3.3654378946291437,500
G6_b0.5,G6,0.5,level-0,MCTIRE-AS,raw,0.106,0.0138,0.012,0.0049,132.5,153.0,0.15170810392749703,500
G6_b0.5,G6,0.5,level-0,MCTIRE-AS,studentised,0.106,0.0138,0.008,0.004,138.5,127.0,3.5858904062323242,500
G6_b0.5,G6,0.5,level-0,MCTIRE-sum,raw,0.07,0.0114,0.006,0.0035,140.0,139.0,0.8164729814641783,500
G6_b0.5,G6,0.5,level-0,MCTIRE-sum,studentised,0.07,0.0114,0.006,0.0035,128.5,121.0,3.3654378946291437,500
