fam,D,rep,corrected,raw
independent,4,0,2.443852075284525e-05,9.087430235155125e-05
independent,4,1,-0.00015157178722935427,9.48460849148347e-05
independent,4,2,-1.0979775932451474e-05,0.00014437116407073347
independent,4,3,-1.755909917644516e-05,0.00011885491608865095
independent,4,4,4.622540487142501e-05,0.00014709083158903624
independent,4,5,6.306532194999548e-05,0.0001702481657490651
independent,4,6,5.3166291502204643e-05,0.00010760087602923463
independent,4,7,-1.5692958379887045e-05,9.422613036225158e-05
independent,4,8,2.361571339593027e-05,0.0001436444989590946
independent,4,9,-1.0404650965245565e-05,7.25678241586536e-05
independent,4,10,-2.3149427800239764e-05,7.979156829129863e-05
independent,4,11,-9.043594717983439e-06,7.126136379342896e-05
independent,4,12,-3.875768245586997e-05,0.00012156345743319363
independent,4,13,-3.208648739150277e-06,0.0001538783967554025
independent,4,14,6.457369264767365e-05,0.00013060934007835812
independent,4,15,-4.7188054010494085e-05,4.0658881992783336e-05
independent,4,16,8.474742681086056e-05,0.00018986705220758182
independent,4,17,-4.896691578881729e-06,9.344293157198535e-05
independent,4,18,0.00013179327263701524,0.00018744553863037083
independent,4,19,1.1761629465922852e-06,8.833130434560132e-05
independent,8,20,-9.232958904981103e-06,0.00018099083420475282
independent,8,21,0.00015707155972632947,0.0002676998764590266
independent,8,22,0.00019934016453415637,0.000266981196898719
independent,8,23,9.76317041470054e-05,0.0002777550527350847
independent,8,24,-2.963086686857963e-05,0.00012367943310342966
independent,8,25,-6.2623645021187e-05,0.00016353891687348465
independent,8,26,-3.803035550742351e-05,8.406068168387293e-05
independent,8,27,-3.558852292107062e-05,0.00013551696586677764
independent,8,28,8.173367336805626e-05,0.00018367843090016933
independent,8,29,-1.6720193703356756e-05,0.0001560937268614282
independent,8,30,7.91579085834826e-06,0.0001315525958309749
independent,8,31,5.819907653314971e-05,0.00017456152463513064
independent,8,32,-3.640539936666798e-05,0.00014007985620700936
independent,8,33,5.834753198818987e-06,0.00017601296847225
independent,8,34,0.00014385811093520218,0.00031655571246291814
independent,8,35,-8.346648875123819e-05,7.705271481839304e-05
independent,8,36,7.68556807853038e-05,0.0002208002912835738
independent,8,37,-1.7283852176586123e-05,0.00012375358040195295
independent,8,38,-3.31126852679553e-05,0.00020969839710494043
independent,8,39,8.774567012048706e-05,0.00021798580528686884
independent,16,40,-2.2751469933357527e-05,9.246737291812579e-05
independent,16,41,-2.2393771793360884e-05,0.0001058040421741957
independent,16,42,-5.323840147353209e-05,0.00012702182912072146
independent,16,43,1.527686313806953e-05,0.00013559342049074274
independent,16,44,2.203841226133818e-05,0.00015900613518216034
independent,16,45,-2.5847122393063415e-05,0.00015121306329257678
independent,16,46,4.852426689039291e-05,0.00018874555657522052
independent,16,47,-1.7576884010495064e-05,0.00013353937309190655
independent,16,48,-0.00010200696237783191,0.0002189340717086985
independent,16,49,0.00011748279663059691,0.00023588178689637473
independent,16,50,-8.602743358743226e-05,7.162326647103257e-05
independent,16,51,-2.9556595416480036e-05,0.0001393334980779315
independent,16,52,2.3636182295838637e-06,7.012206264578325e-05
independent,16,53,-7.249456106128704e-05,0.00017368770786641008
independent,16,54,1.0995831795312938e-05,0.000102936015173416
independent,16,55,-5.6492294881138605e-05,0.0001394623923025584
independent,16,56,-8.227811342909064e-05,9.656177342742822e-05
independent,16,57,-2.1334787767557373e-06,0.0001629274915599943
independent,16,58,-6.512585254592196e-05,0.0001015149309449015
independent,16,59,-7.963986303760606e-05,0.0002070235039384194
independent,32,60,-1.815997554110993e-06,0.00018549445636706352
independent,32,61,2.3654947374218693e-06,0.00014407913472958
independent,32,62,2.1942771228911084e-05,0.00017579945958834386
independent,32,63,9.443796014929617e-05,0.00029153746249255263
independent,32,64,-4.445557679311207e-06,0.00019416146046236094
independent,32,65,-7.014673957161932e-05,0.00017347685130886248
independent,32,66,4.206705389142584e-05,0.0002986137440776915
independent,32,67,2.8971111602160704e-05,0.0002965228338269732
independent,32,68,-5.5582379993701636e-05,0.00019361423977937164
independent,32,69,3.2803000361347756e-05,0.00028268269829734294
independent,32,70,2.0172614699109914e-05,0.00019360458435713213
independent,32,71,8.600049740792315e-06,0.00016976985889938234
independent,32,72,-3.219889652639196e-05,0.00023007045912981638
independent,32,73,-5.412069945309739e-05,0.00015288555365877698
independent,32,74,0.00010755643375492951,0.00027362025767185827
independent,32,75,-0.00015853938973231507,0.00012137934796507821
independent,32,76,5.054937480331034e-05,0.00031942188017897166
independent,32,77,8.985743474632102e-06,0.00019855095907717057
independent,32,78,-9.858727140876766e-06,0.00027341987556805947
independent,32,79,5.6242140574980226e-05,0.00023714035233446396
gaussian_r0.5,4,80,0.030090595099474537,0.030174117023054503
gaussian_r0.5,4,81,0.026519967621721596,0.02668890169177751
gaussian_r0.5,4,82,0.030922807474734526,0.031119420985703083
gaussian_r0.5,4,83,0.03311097803209373,0.033191008147531065
gaussian_r0.5,4,84,0.03241121785473,0.032529144946687794
gaussian_r0.5,4,85,0.027013934661803685,0.027082582645660658
gaussian_r0.5,4,86,0.029968164761363214,0.030121713640011594
gaussian_r0.5,4,87,0.030888481283755764,0.030947067718869903
gaussian_r0.5,4,88,0.03323771745883586,0.03331230276258412
gaussian_r0.5,4,89,0.03399184603886174,0.03407039564926406
gaussian_r0.5,4,90,0.030876681343640744,0.030975413332072765
gaussian_r0.5,4,91,0.029908589167255695,0.03008395831571642
gaussian_r0.5,4,92,0.028453165228821797,0.02852559084872852
gaussian_r0.5,4,93,0.026221756152359887,0.02633491420628964
gaussian_r0.5,4,94,0.030516788089196778,0.030620417977238024
gaussian_r0.5,4,95,0.03093658198627791,0.03109132327226627
gaussian_r0.5,4,96,0.02767005554113311,0.027725304273473306
gaussian_r0.5,4,97,0.031222599335348766,0.0313225142296949
gaussian_r0.5,4,98,0.03262855613285254,0.03273236716365924
gaussian_r0.5,4,99,0.032864331417850945,0.03305779789852181
gaussian_r0.5,8,100,0.08488154796785352,0.08495201007407172
gaussian_r0.5,8,101,0.08257695132232845,0.08272005473414756
gaussian_r0.5,8,102,0.084339295460647,0.0844678186883625
gaussian_r0.5,8,103,0.08513617070201729,0.08532862785274364
gaussian_r0.5,8,104,0.08398022093569013,0.08411216852014869
gaussian_r0.5,8,105,0.08371185525286462,0.08381355431421067
gaussian_r0.5,8,106,0.08166169607907481,0.08191989780930786
gaussian_r0.5,8,107,0.08156673216439136,0.08169744490583764
gaussian_r0.5,8,108,0.08542073482449641,0.08562311455812477
gaussian_r0.5,8,109,0.08457114737829619,0.08465760472842421
gaussian_r0.5,8,110,0.08475713344732938,0.08485880704123527
gaussian_r0.5,8,111,0.08251327472977543,0.0826658143242831
gaussian_r0.5,8,112,0.08545974330753392,0.08556637783947485
gaussian_r0.5,8,113,0.0833884481819851,0.08357486914452039
gaussian_r0.5,8,114,0.08089571946564966,0.08097513208984042
gaussian_r0.5,8,115,0.08065181872701599,0.0807624450650497
gaussian_r0.5,8,116,0.08419853127262211,0.08438523896200945
gaussian_r0.5,8,117,0.0841969714618429,0.0843605496737041
gaussian_r0.5,8,118,0.08413023657158991,0.08425832448853932
gaussian_r0.5,8,119,0.08651958008040816,0.08675806898092464
gaussian_r0.5,16,120,0.08975644107420733,0.08993010234296817
gaussian_r0.5,16,121,0.08766259167308332,0.0877974166213078
gaussian_r0.5,16,122,0.08940664824824962,0.08957688303302236
gaussian_r0.5,16,123,0.09021530880316009,0.09041670267714741
gaussian_r0.5,16,124,0.08851462964846846,0.08866317310180616
gaussian_r0.5,16,125,0.08718456345004677,0.08731381278274108
gaussian_r0.5,16,126,0.08612337080344101,0.08631720004144494
gaussian_r0.5,16,127,0.08633908234713106,0.08647731353793198
gaussian_r0.5,16,128,0.09062747701766005,0.09083859223309654
gaussian_r0.5,16,129,0.08935695359130369,0.08955906661973634
gaussian_r0.5,16,130,0.08946787669785428,0.08970140356446699
gaussian_r0.5,16,131,0.0872038440031413,0.08740609025737411
gaussian_r0.5,16,132,0.09003739406612254,0.090157612505263
gaussian_r0.5,16,133,0.08729061523866477,0.08744022345552516
gaussian_r0.5,16,134,0.08550132038444191,0.08564464342234857
gaussian_r0.5,16,135,0.0851872756892873,0.08535155107860737
gaussian_r0.5,16,136,0.08892374636182865,0.08910601393004569
gaussian_r0.5,16,137,0.08795261386909825,0.08806946687875028
gaussian_r0.5,16,138,0.08941022891145645,0.08950134732421411
gaussian_r0.5,16,139,0.09116273626199511,0.09129921481213721
gaussian_r0.5,32,140,0.10170593146231521,0.10182046790219612
gaussian_r0.5,32,141,0.09940249988649841,0.0995685562444284
gaussian_r0.5,32,142,0.10038964126004046,0.10074021868007588
gaussian_r0.5,32,143,0.10155830342255934,0.10176546405726938
gaussian_r0.5,32,144,0.10011619612658906,0.10021241887803489
gaussian_r0.5,32,145,0.09987094189063983,0.10010172089107616
gaussian_r0.5,32,146,0.09703161238789981,0.09724208545787283
gaussian_r0.5,32,147,0.09754212792809902,0.09773365746559248
gaussian_r0.5,32,148,0.10130693956046954,0.10146528762108309
gaussian_r0.5,32,149,0.09978948261535248,0.09999936079300298
gaussian_r0.5,32,150,0.10034413776860118,0.10052873625543324
gaussian_r0.5,32,151,0.09891725962591691,0.0991264636410607
gaussian_r0.5,32,152,0.10245232693643702,0.10257180794950527
gaussian_r0.5,32,153,0.10051830803504469,0.10071247936089778
gaussian_r0.5,32,154,0.09753292913097811,0.09774164524556728
gaussian_r0.5,32,155,0.09656819287061591,0.09677686317403422
gaussian_r0.5,32,156,0.10033902520786686,0.10063312664732704
gaussian_r0.5,32,157,0.09931245344069994,0.09945978963702906
gaussian_r0.5,32,158,0.10113079345686682,0.10129699555655547
gaussian_r0.5,32,159,0.10330267837116303,0.10342068432323082
uncorrelated_a0.9,4,160,0.025305132609714454,0.025468708705370213
uncorrelated_a0.9,4,161,0.025173399215544734,0.0252746436107536
uncorrelated_a0.9,4,162,0.025528974124060078,0.025589697646675624
uncorrelated_a0.9,4,163,0.02541275925565567,0.025495124987392925
uncorrelated_a0.9,4,164,0.02544003389585736,0.025574550124037643
uncorrelated_a0.9,4,165,0.02596871274503032,0.026048894537451517
uncorrelated_a0.9,4,166,0.024070439258570442,0.024128995569898226
uncorrelated_a0.9,4,167,0.025595446412773004,0.025684708088235197
uncorrelated_a0.9,4,168,0.024974113069838655,0.025070450554007362
uncorrelated_a0.9,4,169,0.02569659617698572,0.02579853728008419
uncorrelated_a0.9,4,170,0.025705994975454782,0.02578800947523252
uncorrelated_a0.9,4,171,0.025630495337078507,0.025782016971885202
uncorrelated_a0.9,4,172,0.025178838360208733,0.025268037366455776
uncorrelated_a0.9,4,173,0.02428640394667969,0.02435151702714311
uncorrelated_a0.9,4,174,0.027559919447587067,0.027671930860948102
uncorrelated_a0.9,4,175,0.024888591273418692,0.02501526222715289
uncorrelated_a0.9,4,176,0.025803026669919404,0.025925947354302536
uncorrelated_a0.9,4,177,0.025063847271243667,0.025125036021629743
uncorrelated_a0.9,4,178,0.025328139236976188,0.025438825063215376
uncorrelated_a0.9,4,179,0.026131235545319154,0.026273722521341192
uncorrelated_a0.9,8,180,0.04203990092774257,0.04229535015528274
uncorrelated_a0.9,8,181,0.042835751075665396,0.04311230151808543
uncorrelated_a0.9,8,182,0.04314281220753413,0.04327408145089917
uncorrelated_a0.9,8,183,0.04272608594117289,0.042865566043472914
uncorrelated_a0.9,8,184,0.04464317909045601,0.044727962480789696
uncorrelated_a0.9,8,185,0.04430684474221591,0.04440594016268706
uncorrelated_a0.9,8,186,0.040871716852345585,0.04097800881627567
uncorrelated_a0.9,8,187,0.04523933264049962,0.045366556913220446
uncorrelated_a0.9,8,188,0.043777043510474734,0.04393777928126674
uncorrelated_a0.9,8,189,0.040975318815803075,0.04112628792925532
uncorrelated_a0.9,8,190,0.04350383159200444,0.04368241225492531
uncorrelated_a0.9,8,191,0.04437288462559952,0.04455568374420338
uncorrelated_a0.9,8,192,0.04165559022180432,0.04183597247176696
uncorrelated_a0.9,8,193,0.043352532714327374,0.043500774145797116
uncorrelated_a0.9,8,194,0.04727874113223729,0.047461190721292734
uncorrelated_a0.9,8,195,0.043081152725783944,0.04321785687620272
uncorrelated_a0.9,8,196,0.046191562110131645,0.0463094601853431
uncorrelated_a0.9,8,197,0.04221923187799126,0.042451612535677974
uncorrelated_a0.9,8,198,0.044728479896372075,0.044840777418931665
uncorrelated_a0.9,8,199,0.04381656905507292,0.04400055455707674
uncorrelated_a0.9,16,200,0.04430571282354823,0.04448097447674337
uncorrelated_a0.9,16,201,0.043794955492916454,0.043866485825488244
uncorrelated_a0.9,16,202,0.044092683195255056,0.04424129797826559
uncorrelated_a0.9,16,203,0.044413044162458615,0.04456781987242753
uncorrelated_a0.9,16,204,0.04530958489513859,0.04542314639750655
uncorrelated_a0.9,16,205,0.04465240645418911,0.04482586350964546
uncorrelated_a0.9,16,206,0.04211284620488254,0.042188645140419645
uncorrelated_a0.9,16,207,0.04530650331122388,0.04540548915898324
uncorrelated_a0.9,16,208,0.043432728637155193,0.04360390373595591
uncorrelated_a0.9,16,209,0.0434526616131663,0.0435685947670259
uncorrelated_a0.9,16,210,0.04490527655773002,0.045055941997943716
uncorrelated_a0.9,16,211,0.044294996329580005,0.04451822710556952
uncorrelated_a0.9,16,212,0.0429710622364996,0.04317164013634445
uncorrelated_a0.9,16,213,0.04377246249330602,0.04398204994102839
uncorrelated_a0.9,16,214,0.04796588837773852,0.04830023174709641
uncorrelated_a0.9,16,215,0.04381797788776831,0.04396185075496328
uncorrelated_a0.9,16,216,0.04487415993533528,0.04502690248409991
uncorrelated_a0.9,16,217,0.04402517259295324,0.044114938167835405
uncorrelated_a0.9,16,218,0.04377782121988849,0.04403346919638729
uncorrelated_a0.9,16,219,0.045936984961402416,0.04610060993047149
uncorrelated_a0.9,32,220,0.06436583365181203,0.06454314712655185
uncorrelated_a0.9,32,221,0.06336045422599401,0.06363364802625737
uncorrelated_a0.9,32,222,0.06325471330329435,0.06352297110016814
uncorrelated_a0.9,32,223,0.06307234844550758,0.06324668623878926
uncorrelated_a0.9,32,224,0.06525354233233571,0.0654486273308037
uncorrelated_a0.9,32,225,0.06284154831190536,0.06306030069191948
uncorrelated_a0.9,32,226,0.06053585410898332,0.060686466983084664
uncorrelated_a0.9,32,227,0.06425197732104548,0.06436539021486798
uncorrelated_a0.9,32,228,0.062061323482580644,0.06219177026346401
uncorrelated_a0.9,32,229,0.06428303086960119,0.06447189036461642
uncorrelated_a0.9,32,230,0.06424584828727475,0.06443024586861812
uncorrelated_a0.9,32,231,0.06229939322346256,0.06259678454865103
uncorrelated_a0.9,32,232,0.062928902888721,0.06322914627788156
uncorrelated_a0.9,32,233,0.06160228920037403,0.061958278411717416
uncorrelated_a0.9,32,234,0.06661343635148764,0.06677798001789403
uncorrelated_a0.9,32,235,0.06346009954968324,0.06367521449910862
uncorrelated_a0.9,32,236,0.06340439952243138,0.06352473922138646
uncorrelated_a0.9,32,237,0.06364942987520328,0.06398358329137466
uncorrelated_a0.9,32,238,0.06215826142463099,0.062373675205543044
uncorrelated_a0.9,32,239,0.06504053339578864,0.06524442825076981
clayton_tau0.5,4,240,0.07251873636940753,0.0726789154479115
clayton_tau0.5,4,241,0.07969170712628793,0.07981687744149801
clayton_tau0.5,4,242,0.07983378478533298,0.07995551130692746
clayton_tau0.5,4,243,0.0839602944971023,0.0840477941516038
clayton_tau0.5,4,244,0.08285638610944557,0.08297454066176413
clayton_tau0.5,4,245,0.08112550373222027,0.08120841564523729
clayton_tau0.5,4,246,0.08097844828423573,0.08111191422185393
clayton_tau0.5,4,247,0.07476902307052025,0.07488355148111814
clayton_tau0.5,4,248,0.08585477799957464,0.0859696303611488
clayton_tau0.5,4,249,0.07813854408668242,0.07824915572987212
clayton_tau0.5,4,250,0.07995162570274283,0.08011545623671656
clayton_tau0.5,4,251,0.08151440719931369,0.08156257564409986
clayton_tau0.5,4,252,0.08042522562185361,0.08055417672183607
clayton_tau0.5,4,253,0.07740275964740273,0.07753672179707372
clayton_tau0.5,4,254,0.07255366504643979,0.07271119836111373
clayton_tau0.5,4,255,0.08580645691796929,0.08591341683633291
clayton_tau0.5,4,256,0.07559844715480901,0.07577699928391857
clayton_tau0.5,4,257,0.08068952781480965,0.08076866226915369
clayton_tau0.5,4,258,0.0823979783427784,0.08248227495570104
clayton_tau0.5,4,259,0.08169572763974942,0.08182132038105094
clayton_tau0.5,8,260,0.20296008311651859,0.2030964587802404
clayton_tau0.5,8,261,0.2051275803954291,0.2052517404684533
clayton_tau0.5,8,262,0.2113605551567952,0.21145947349690664
clayton_tau0.5,8,263,0.20874825297959454,0.20882886812809698
clayton_tau0.5,8,264,0.20876993750983308,0.20895234309582245
clayton_tau0.5,8,265,0.20828800513725376,0.20842517803622407
clayton_tau0.5,8,266,0.2050851875591242,0.20522496447990335
clayton_tau0.5,8,267,0.20925155746922686,0.20957599337954624
clayton_tau0.5,8,268,0.20844210470224311,0.2085753950885647
clayton_tau0.5,8,269,0.2107156348593997,0.21084815664288792
clayton_tau0.5,8,270,0.20875048087048498,0.20891911368995464
clayton_tau0.5,8,271,0.20582590575178772,0.20590932090759484
clayton_tau0.5,8,272,0.21058591272381344,0.21070180695273155
clayton_tau0.5,8,273,0.21026702703316635,0.21049711248611302
clayton_tau0.5,8,274,0.2033901815597301,0.2035169767595133
clayton_tau0.5,8,275,0.20592813577995894,0.2060823749188625
clayton_tau0.5,8,276,0.20597730644692724,0.20610419445043782
clayton_tau0.5,8,277,0.20161059687829352,0.20177380288858737
clayton_tau0.5,8,278,0.2034805925066836,0.20368473747870874
clayton_tau0.5,8,279,0.20918739916543183,0.20939195375260322
clayton_tau0.5,16,280,0.22185243815808153,0.2219913681951673
clayton_tau0.5,16,281,0.2239145274951968,0.22401829170890797
clayton_tau0.5,16,282,0.2299827905578986,0.23010388755379485
clayton_tau0.5,16,283,0.22791393430891915,0.22802410566576237
clayton_tau0.5,16,284,0.2287357157232588,0.22882377211647098
clayton_tau0.5,16,285,0.22747915531900897,0.2277216931189101
clayton_tau0.5,16,286,0.22487699189075006,0.2249976491018475
clayton_tau0.5,16,287,0.22873281401590728,0.22880842839521143
clayton_tau0.5,16,288,0.2278708171973316,0.2280462431417527
clayton_tau0.5,16,289,0.23108803572022585,0.23118348394864863
clayton_tau0.5,16,290,0.2277318198506677,0.2278153431109038
clayton_tau0.5,16,291,0.22630164176176137,0.22645495426554918
clayton_tau0.5,16,292,0.22987437198288707,0.23000989317321152
clayton_tau0.5,16,293,0.23031845337458856,0.23051822305120284
clayton_tau0.5,16,294,0.22244971717889106,0.2226192896608059
clayton_tau0.5,16,295,0.2265913242101223,0.22672522544420648
clayton_tau0.5,16,296,0.22468840100536758,0.22484993531291497
clayton_tau0.5,16,297,0.22045144826527663,0.22061863912396928
clayton_tau0.5,16,298,0.22334391540823173,0.22354723173351898
clayton_tau0.5,16,299,0.22838039342215222,0.22853696187401207
clayton_tau0.5,32,300,0.2515272750070294,0.2517993681959996
clayton_tau0.5,32,301,0.2516614013989966,0.2518612506352884
clayton_tau0.5,32,302,0.25733430715071925,0.2575625943928004
clayton_tau0.5,32,303,0.2572771398401885,0.2575260807337041
clayton_tau0.5,32,304,0.2578605757454566,0.25806297369115594
clayton_tau0.5,32,305,0.25410525199813927,0.25438814754138495
clayton_tau0.5,32,306,0.2527299499090776,0.2528659113853249
clayton_tau0.5,32,307,0.2589293278317659,0.2592370854019439
clayton_tau0.5,32,308,0.2526778703223247,0.252941766025645
clayton_tau0.5,32,309,0.2597011488209242,0.25984888799922423
clayton_tau0.5,32,310,0.25670421919354647,0.25690413854711336
clayton_tau0.5,32,311,0.25284357796889356,0.2530466958179529
clayton_tau0.5,32,312,0.25747828971594133,0.25768513974970464
clayton_tau0.5,32,313,0.2618746286513205,0.2620916551215635
clayton_tau0.5,32,314,0.25444258361173056,0.2547060828043346
clayton_tau0.5,32,315,0.25424937474300924,0.25445064232893255
clayton_tau0.5,32,316,0.2539949597148059,0.2541900316977941
clayton_tau0.5,32,317,0.24786466885740532,0.24814435694813097
clayton_tau0.5,32,318,0.2522734201437715,0.252412923583627
clayton_tau0.5,32,319,0.258315839506869,0.25865049474623714
signmixed_r0.85,4,320,0.047718444410645766,0.04779160441661823
signmixed_r0.85,4,321,0.04656439334275975,0.046700630283449396
signmixed_r0.85,4,322,0.046673449291404046,0.04672512837679155
signmixed_r0.85,4,323,0.04518115042522575,0.04530863288412745
signmixed_r0.85,4,324,0.04533700107381433,0.04543992741387193
signmixed_r0.85,4,325,0.0448720442578896,0.04492502015113109
signmixed_r0.85,4,326,0.04728610304325587,0.047358268814355675
signmixed_r0.85,4,327,0.04578434268794562,0.04591378437923521
signmixed_r0.85,4,328,0.04666834963289279,0.046764641642905946
signmixed_r0.85,4,329,0.04251422129463145,0.04269565805958231
signmixed_r0.85,4,330,0.046617720475418345,0.04672332075107777
signmixed_r0.85,4,331,0.045789984395026906,0.04591248519575375
signmixed_r0.85,4,332,0.046624461076621326,0.04674014168884488
signmixed_r0.85,4,333,0.0457677914030179,0.04586643125605461
signmixed_r0.85,4,334,0.04634459554072823,0.04641875369020809
signmixed_r0.85,4,335,0.045777404066799754,0.045899289875249494
signmixed_r0.85,4,336,0.04595909852901037,0.04605478710774347
signmixed_r0.85,4,337,0.0460636648478725,0.04617027708009536
signmixed_r0.85,4,338,0.043502590563906596,0.0435504322780742
signmixed_r0.85,4,339,0.04404281483074035,0.044118963996537364
signmixed_r0.85,8,340,0.08457851373779413,0.08470510502924622
signmixed_r0.85,8,341,0.0817021090701493,0.08186929583757863
signmixed_r0.85,8,342,0.08571416682074373,0.08580768774528114
signmixed_r0.85,8,343,0.07988141687578754,0.07998359618609552
signmixed_r0.85,8,344,0.08512516915012203,0.08541029464448213
signmixed_r0.85,8,345,0.07703942004360265,0.077188156555823
signmixed_r0.85,8,346,0.08630274037410812,0.08649349386564475
signmixed_r0.85,8,347,0.07725860461811473,0.07754015599314101
signmixed_r0.85,8,348,0.08311235109572035,0.08322311203465427
signmixed_r0.85,8,349,0.07611932294544177,0.07626522431481231
signmixed_r0.85,8,350,0.08318494089885009,0.08330924795131978
signmixed_r0.85,8,351,0.08082270657684099,0.08103048746592467
signmixed_r0.85,8,352,0.08552978957306756,0.08563660220810965
signmixed_r0.85,8,353,0.08135892944238288,0.08158276162044897
signmixed_r0.85,8,354,0.08355694758955945,0.08371517980904475
signmixed_r0.85,8,355,0.08226319240256874,0.08245511141555495
signmixed_r0.85,8,356,0.08076404264063441,0.08086999773703818
signmixed_r0.85,8,357,0.0825043266638752,0.08265971490427715
signmixed_r0.85,8,358,0.07798248799051333,0.07805046555451423
signmixed_r0.85,8,359,0.08010663207093849,0.08021688622738665
signmixed_r0.85,16,360,0.08205744620965927,0.08215384726206976
signmixed_r0.85,16,361,0.0809639231795507,0.08110691895686051
signmixed_r0.85,16,362,0.08188148955372654,0.08207394105837507
signmixed_r0.85,16,363,0.07750587905415118,0.0775672156777687
signmixed_r0.85,16,364,0.08295795726065958,0.08322913874326998
signmixed_r0.85,16,365,0.07658024914657968,0.07668072951341554
signmixed_r0.85,16,366,0.08151809906296403,0.08162277080745417
signmixed_r0.85,16,367,0.07759828503563959,0.07772469431259843
signmixed_r0.85,16,368,0.0818191023551682,0.08193773777859858
signmixed_r0.85,16,369,0.07657131899988556,0.076883174923839
signmixed_r0.85,16,370,0.07959882072695068,0.0798290317952639
signmixed_r0.85,16,371,0.08230131375784344,0.08240912816603574
signmixed_r0.85,16,372,0.0842987801556867,0.08444472878675802
signmixed_r0.85,16,373,0.0794805125755409,0.0796235465201689
signmixed_r0.85,16,374,0.08285728085615851,0.0830288168249278
signmixed_r0.85,16,375,0.0795694446749482,0.07981392711647439
signmixed_r0.85,16,376,0.07882772209762834,0.0790067496075939
signmixed_r0.85,16,377,0.07937332827799715,0.07948046848569268
signmixed_r0.85,16,378,0.07783207767088074,0.07793430333023332
signmixed_r0.85,16,379,0.0776339161626729,0.07776984447549884
signmixed_r0.85,32,380,0.11812974660722508,0.11837084703485168
signmixed_r0.85,32,381,0.1183400419038727,0.11864337934307789
signmixed_r0.85,32,382,0.11781478649555899,0.11804526370137758
signmixed_r0.85,32,383,0.11608332682026612,0.11628492983466199
signmixed_r0.85,32,384,0.11671870172214538,0.11691762906145975
signmixed_r0.85,32,385,0.11234773342183102,0.11256526186079618
signmixed_r0.85,32,386,0.11572715347040541,0.11589418007643637
signmixed_r0.85,32,387,0.11838534194594308,0.11853034949051011
signmixed_r0.85,32,388,0.11673058840534667,0.11690389902072296
signmixed_r0.85,32,389,0.11242935692499278,0.11259580467627872
signmixed_r0.85,32,390,0.11620680208249823,0.1163544839083479
signmixed_r0.85,32,391,0.11493103812007766,0.11520248491037766
signmixed_r0.85,32,392,0.11845034123415044,0.11855781818467914
signmixed_r0.85,32,393,0.11474841815965053,0.11493391696107347
signmixed_r0.85,32,394,0.11817632906571252,0.11833457748675391
signmixed_r0.85,32,395,0.11552987305320661,0.1157638424223344
signmixed_r0.85,32,396,0.11580244681026208,0.11613240410726311
signmixed_r0.85,32,397,0.11288810283324757,0.1131022878324881
signmixed_r0.85,32,398,0.11485727490452735,0.11507255131080463
signmixed_r0.85,32,399,0.11252113747414594,0.11269157395043328
