regime,scheme,rep,rej,hit
H0,pair,0,0,0
H0,block20,0,0,0
H0,block50,0,0,0
H0,pair,1,0,0
H0,block20,1,0,0
H0,block50,1,0,0
H0,pair,2,0,0
H0,block20,2,0,0
H0,block50,2,0,0
H0,pair,3,0,0
H0,block20,3,0,0
H0,block50,3,0,0
H0,pair,4,0,0
H0,block20,4,0,0
H0,block50,4,0,0
H0,pair,5,0,0
H0,block20,5,0,0
H0,block50,5,0,0
H0,pair,6,0,0
H0,block20,6,0,0
H0,block50,6,0,0
H0,pair,7,0,0
H0,block20,7,0,0
H0,block50,7,0,0
H0,pair,8,1,0
H0,block20,8,0,0
H0,block50,8,0,0
H0,pair,9,0,0
H0,block20,9,0,0
H0,block50,9,0,0
H0,pair,10,0,0
H0,block20,10,0,0
H0,block50,10,0,0
H0,pair,11,0,0
H0,block20,11,0,0
H0,block50,11,0,0
H0,pair,12,0,0
H0,block20,12,0,0
H0,block50,12,0,0
H0,pair,13,0,0
H0,block20,13,0,0
H0,block50,13,0,0
H0,pair,14,1,0
H0,block20,14,1,0
H0,block50,14,1,0
H0,pair,15,0,0
H0,block20,15,0,0
H0,block50,15,0,0
H0,pair,16,0,0
H0,block20,16,0,0
H0,block50,16,0,0
H0,pair,17,0,0
H0,block20,17,0,0
H0,block50,17,0,0
H0,pair,18,0,0
H0,block20,18,0,0
H0,block50,18,0,0
H0,pair,19,1,1
H0,block20,19,0,0
H0,block50,19,0,0
H0,pair,20,0,0
H0,block20,20,0,0
H0,block50,20,0,0
H0,pair,21,1,0
H0,block20,21,1,0
H0,block50,21,1,0
H0,pair,22,0,0
H0,block20,22,0,0
H0,block50,22,0,0
H0,pair,23,0,0
H0,block20,23,0,0
H0,block50,23,0,0
H0,pair,24,0,0
H0,block20,24,0,0
H0,block50,24,0,0
H0,pair,25,1,0
H0,block20,25,0,0
H0,block50,25,0,0
H0,pair,26,1,0
H0,block20,26,0,0
H0,block50,26,0,0
H0,pair,27,0,0
H0,block20,27,0,0
H0,block50,27,0,0
H0,pair,28,0,0
H0,block20,28,0,0
H0,block50,28,0,0
H0,pair,29,0,0
H0,block20,29,0,0
H0,block50,29,0,0
H0,pair,30,0,0
H0,block20,30,0,0
H0,block50,30,0,0
H0,pair,31,0,0
H0,block20,31,0,0
H0,block50,31,0,0
H0,pair,32,0,0
H0,block20,32,0,0
H0,block50,32,0,0
H0,pair,33,0,0
H0,block20,33,0,0
H0,block50,33,0,0
H0,pair,34,1,0
H0,block20,34,0,0
H0,block50,34,0,0
H0,pair,35,0,0
H0,block20,35,0,0
H0,block50,35,0,0
H0,pair,36,0,0
H0,block20,36,0,0
H0,block50,36,0,0
H0,pair,37,1,0
H0,block20,37,0,0
H0,block50,37,0,0
H0,pair,38,0,0
H0,block20,38,0,0
H0,block50,38,0,0
H0,pair,39,0,0
H0,block20,39,0,0
H0,block50,39,0,0
H0,pair,40,0,0
H0,block20,40,0,0
H0,block50,40,0,0
H0,pair,41,0,0
H0,block20,41,0,0
H0,block50,41,0,0
H0,pair,42,1,1
H0,block20,42,0,0
H0,block50,42,1,1
H0,pair,43,0,0
H0,block20,43,0,0
H0,block50,43,0,0
H0,pair,44,0,0
H0,block20,44,0,0
H0,block50,44,0,0
H0,pair,45,0,0
H0,block20,45,0,0
H0,block50,45,0,0
H0,pair,46,0,0
H0,block20,46,0,0
H0,block50,46,0,0
H0,pair,47,0,0
H0,block20,47,0,0
H0,block50,47,0,0
H0,pair,48,0,0
H0,block20,48,0,0
H0,block50,48,0,0
H0,pair,49,0,0
H0,block20,49,0,0
H0,block50,49,0,0
H0,pair,50,1,0
H0,block20,50,1,0
H0,block50,50,0,0
H0,pair,51,0,0
H0,block20,51,0,0
H0,block50,51,0,0
H0,pair,52,0,0
H0,block20,52,0,0
H0,block50,52,0,0
H0,pair,53,1,1
H0,block20,53,0,0
H0,block50,53,0,0
H0,pair,54,0,0
H0,block20,54,0,0
H0,block50,54,0,0
H0,pair,55,0,0
H0,block20,55,0,0
H0,block50,55,0,0
H0,pair,56,0,0
H0,block20,56,0,0
H0,block50,56,0,0
H0,pair,57,0,0
H0,block20,57,0,0
H0,block50,57,0,0
H0,pair,58,1,0
H0,block20,58,0,0
H0,block50,58,0,0
H0,pair,59,1,0
H0,block20,59,1,0
H0,block50,59,1,0
H0,pair,60,0,0
H0,block20,60,0,0
H0,block50,60,0,0
H0,pair,61,0,0
H0,block20,61,0,0
H0,block50,61,0,0
H0,pair,62,0,0
H0,block20,62,0,0
H0,block50,62,0,0
H0,pair,63,0,0
H0,block20,63,0,0
H0,block50,63,0,0
H0,pair,64,0,0
H0,block20,64,0,0
H0,block50,64,0,0
H0,pair,65,0,0
H0,block20,65,0,0
H0,block50,65,0,0
H0,pair,66,1,1
H0,block20,66,0,0
H0,block50,66,0,0
H0,pair,67,0,0
H0,block20,67,0,0
H0,block50,67,0,0
H0,pair,68,0,0
H0,block20,68,0,0
H0,block50,68,0,0
H0,pair,69,0,0
H0,block20,69,0,0
H0,block50,69,0,0
H0,pair,70,1,0
H0,block20,70,0,0
H0,block50,70,1,0
H0,pair,71,0,0
H0,block20,71,0,0
H0,block50,71,0,0
H0,pair,72,0,0
H0,block20,72,0,0
H0,block50,72,0,0
H0,pair,73,0,0
H0,block20,73,0,0
H0,block50,73,0,0
H0,pair,74,1,1
H0,block20,74,1,1
H0,block50,74,0,0
H0,pair,75,0,0
H0,block20,75,0,0
H0,block50,75,0,0
H0,pair,76,1,0
H0,block20,76,0,0
H0,block50,76,0,0
H0,pair,77,0,0
H0,block20,77,0,0
H0,block50,77,0,0
H0,pair,78,0,0
H0,block20,78,1,1
H0,block50,78,0,0
H0,pair,79,0,0
H0,block20,79,0,0
H0,block50,79,0,0
H0,pair,80,1,0
H0,block20,80,1,0
H0,block50,80,1,0
H0,pair,81,1,0
H0,block20,81,0,0
H0,block50,81,0,0
H0,pair,82,1,0
H0,block20,82,0,0
H0,block50,82,1,0
H0,pair,83,0,0
H0,block20,83,0,0
H0,block50,83,0,0
H0,pair,84,0,0
H0,block20,84,0,0
H0,block50,84,0,0
H0,pair,85,0,0
H0,block20,85,0,0
H0,block50,85,0,0
H0,pair,86,0,0
H0,block20,86,0,0
H0,block50,86,0,0
H0,pair,87,0,0
H0,block20,87,0,0
H0,block50,87,0,0
H0,pair,88,0,0
H0,block20,88,0,0
H0,block50,88,0,0
H0,pair,89,0,0
H0,block20,89,0,0
H0,block50,89,0,0
H0,pair,90,1,0
H0,block20,90,1,0
H0,block50,90,1,0
H0,pair,91,0,0
H0,block20,91,0,0
H0,block50,91,1,1
H0,pair,92,0,0
H0,block20,92,0,0
H0,block50,92,0,0
H0,pair,93,0,0
H0,block20,93,0,0
H0,block50,93,0,0
H0,pair,94,0,0
H0,block20,94,0,0
H0,block50,94,0,0
H0,pair,95,0,0
H0,block20,95,0,0
H0,block50,95,0,0
H0,pair,96,0,0
H0,block20,96,0,0
H0,block50,96,0,0
H0,pair,97,0,0
H0,block20,97,0,0
H0,block50,97,0,0
H0,pair,98,0,0
H0,block20,98,0,0
H0,block50,98,1,1
H0,pair,99,0,0
H0,block20,99,0,0
H0,block50,99,0,0
H0,pair,100,0,0
H0,block20,100,0,0
H0,block50,100,0,0
H0,pair,101,0,0
H0,block20,101,0,0
H0,block50,101,0,0
H0,pair,102,0,0
H0,block20,102,0,0
H0,block50,102,0,0
H0,pair,103,0,0
H0,block20,103,0,0
H0,block50,103,0,0
H0,pair,104,0,0
H0,block20,104,0,0
H0,block50,104,0,0
H0,pair,105,1,0
H0,block20,105,0,0
H0,block50,105,0,0
H0,pair,106,0,0
H0,block20,106,0,0
H0,block50,106,0,0
H0,pair,107,1,0
H0,block20,107,0,0
H0,block50,107,0,0
H0,pair,108,1,0
H0,block20,108,0,0
H0,block50,108,0,0
H0,pair,109,0,0
H0,block20,109,0,0
H0,block50,109,0,0
H0,pair,110,1,0
H0,block20,110,0,0
H0,block50,110,0,0
H0,pair,111,0,0
H0,block20,111,0,0
H0,block50,111,0,0
H0,pair,112,0,0
H0,block20,112,0,0
H0,block50,112,0,0
H0,pair,113,0,0
H0,block20,113,0,0
H0,block50,113,0,0
H0,pair,114,0,0
H0,block20,114,0,0
H0,block50,114,0,0
H0,pair,115,0,0
H0,block20,115,0,0
H0,block50,115,0,0
H0,pair,116,0,0
H0,block20,116,0,0
H0,block50,116,0,0
H0,pair,117,0,0
H0,block20,117,0,0
H0,block50,117,0,0
H0,pair,118,0,0
H0,block20,118,0,0
H0,block50,118,0,0
H0,pair,119,0,0
H0,block20,119,0,0
H0,block50,119,0,0
H0,pair,120,0,0
H0,block20,120,0,0
H0,block50,120,0,0
H0,pair,121,0,0
H0,block20,121,0,0
H0,block50,121,0,0
H0,pair,122,1,0
H0,block20,122,0,0
H0,block50,122,0,0
H0,pair,123,0,0
H0,block20,123,0,0
H0,block50,123,0,0
H0,pair,124,0,0
H0,block20,124,0,0
H0,block50,124,0,0
H0,pair,125,0,0
H0,block20,125,0,0
H0,block50,125,1,0
H0,pair,126,0,0
H0,block20,126,0,0
H0,block50,126,0,0
H0,pair,127,0,0
H0,block20,127,0,0
H0,block50,127,0,0
H0,pair,128,0,0
H0,block20,128,0,0
H0,block50,128,0,0
H0,pair,129,0,0
H0,block20,129,0,0
H0,block50,129,0,0
H0,pair,130,0,0
H0,block20,130,0,0
H0,block50,130,0,0
H0,pair,131,0,0
H0,block20,131,0,0
H0,block50,131,0,0
H0,pair,132,0,0
H0,block20,132,0,0
H0,block50,132,0,0
H0,pair,133,0,0
H0,block20,133,0,0
H0,block50,133,0,0
H0,pair,134,0,0
H0,block20,134,0,0
H0,block50,134,1,1
H0,pair,135,1,1
H0,block20,135,0,0
H0,block50,135,0,0
H0,pair,136,0,0
H0,block20,136,0,0
H0,block50,136,0,0
H0,pair,137,0,0
H0,block20,137,0,0
H0,block50,137,0,0
H0,pair,138,0,0
H0,block20,138,0,0
H0,block50,138,0,0
H0,pair,139,1,0
H0,block20,139,0,0
H0,block50,139,1,0
H0,pair,140,0,0
H0,block20,140,0,0
H0,block50,140,0,0
H0,pair,141,0,0
H0,block20,141,1,0
H0,block50,141,0,0
H0,pair,142,0,0
H0,block20,142,0,0
H0,block50,142,0,0
H0,pair,143,0,0
H0,block20,143,0,0
H0,block50,143,0,0
H0,pair,144,0,0
H0,block20,144,0,0
H0,block50,144,0,0
H0,pair,145,0,0
H0,block20,145,0,0
H0,block50,145,0,0
H0,pair,146,0,0
H0,block20,146,0,0
H0,block50,146,0,0
H0,pair,147,0,0
H0,block20,147,0,0
H0,block50,147,0,0
H0,pair,148,0,0
H0,block20,148,0,0
H0,block50,148,0,0
H0,pair,149,0,0
H0,block20,149,0,0
H0,block50,149,0,0
H0,pair,150,1,0
H0,block20,150,1,0
H0,block50,150,0,0
H0,pair,151,0,0
H0,block20,151,0,0
H0,block50,151,1,0
H0,pair,152,0,0
H0,block20,152,0,0
H0,block50,152,0,0
H0,pair,153,0,0
H0,block20,153,0,0
H0,block50,153,0,0
H0,pair,154,0,0
H0,block20,154,0,0
H0,block50,154,0,0
H0,pair,155,0,0
H0,block20,155,0,0
H0,block50,155,0,0
H0,pair,156,0,0
H0,block20,156,0,0
H0,block50,156,0,0
H0,pair,157,0,0
H0,block20,157,0,0
H0,block50,157,0,0
H0,pair,158,1,0
H0,block20,158,0,0
H0,block50,158,0,0
H0,pair,159,0,0
H0,block20,159,0,0
H0,block50,159,0,0
H0,pair,160,0,0
H0,block20,160,0,0
H0,block50,160,0,0
H0,pair,161,1,0
H0,block20,161,1,0
H0,block50,161,0,0
H0,pair,162,0,0
H0,block20,162,0,0
H0,block50,162,0,0
H0,pair,163,0,0
H0,block20,163,0,0
H0,block50,163,0,0
H0,pair,164,0,0
H0,block20,164,0,0
H0,block50,164,0,0
H0,pair,165,1,1
H0,block20,165,0,0
H0,block50,165,0,0
H0,pair,166,1,0
H0,block20,166,0,0
H0,block50,166,0,0
H0,pair,167,0,0
H0,block20,167,0,0
H0,block50,167,0,0
H0,pair,168,0,0
H0,block20,168,0,0
H0,block50,168,0,0
H0,pair,169,0,0
H0,block20,169,0,0
H0,block50,169,0,0
H0,pair,170,1,0
H0,block20,170,0,0
H0,block50,170,0,0
H0,pair,171,0,0
H0,block20,171,0,0
H0,block50,171,0,0
H0,pair,172,0,0
H0,block20,172,0,0
H0,block50,172,0,0
H0,pair,173,0,0
H0,block20,173,0,0
H0,block50,173,0,0
H0,pair,174,0,0
H0,block20,174,0,0
H0,block50,174,0,0
H0,pair,175,0,0
H0,block20,175,0,0
H0,block50,175,0,0
H0,pair,176,0,0
H0,block20,176,0,0
H0,block50,176,0,0
H0,pair,177,0,0
H0,block20,177,0,0
H0,block50,177,0,0
H0,pair,178,0,0
H0,block20,178,0,0
H0,block50,178,0,0
H0,pair,179,0,0
H0,block20,179,0,0
H0,block50,179,1,0
H0,pair,180,0,0
H0,block20,180,0,0
H0,block50,180,0,0
H0,pair,181,1,0
H0,block20,181,0,0
H0,block50,181,0,0
H0,pair,182,1,0
H0,block20,182,0,0
H0,block50,182,1,0
H0,pair,183,0,0
H0,block20,183,0,0
H0,block50,183,0,0
H0,pair,184,0,0
H0,block20,184,0,0
H0,block50,184,0,0
H0,pair,185,0,0
H0,block20,185,0,0
H0,block50,185,0,0
H0,pair,186,0,0
H0,block20,186,0,0
H0,block50,186,0,0
H0,pair,187,0,0
H0,block20,187,0,0
H0,block50,187,0,0
H0,pair,188,1,0
H0,block20,188,0,0
H0,block50,188,0,0
H0,pair,189,0,0
H0,block20,189,0,0
H0,block50,189,0,0
H0,pair,190,0,0
H0,block20,190,1,1
H0,block50,190,0,0
H0,pair,191,0,0
H0,block20,191,0,0
H0,block50,191,0,0
H0,pair,192,0,0
H0,block20,192,0,0
H0,block50,192,0,0
H0,pair,193,0,0
H0,block20,193,0,0
H0,block50,193,0,0
H0,pair,194,1,0
H0,block20,194,1,0
H0,block50,194,1,0
H0,pair,195,0,0
H0,block20,195,0,0
H0,block50,195,0,0
H0,pair,196,0,0
H0,block20,196,0,0
H0,block50,196,0,0
H0,pair,197,0,0
H0,block20,197,0,0
H0,block50,197,0,0
H0,pair,198,0,0
H0,block20,198,0,0
H0,block50,198,0,0
H0,pair,199,0,0
H0,block20,199,0,0
H0,block50,199,0,0
H1_a0.7,pair,0,0,0
H1_a0.7,block20,0,0,0
H1_a0.7,block50,0,0,0
H1_a0.7,pair,1,0,0
H1_a0.7,block20,1,0,0
H1_a0.7,block50,1,0,0
H1_a0.7,pair,2,0,0
H1_a0.7,block20,2,0,0
H1_a0.7,block50,2,0,0
H1_a0.7,pair,3,0,0
H1_a0.7,block20,3,0,0
H1_a0.7,block50,3,0,0
H1_a0.7,pair,4,0,0
H1_a0.7,block20,4,0,0
H1_a0.7,block50,4,0,0
H1_a0.7,pair,5,0,0
H1_a0.7,block20,5,0,0
H1_a0.7,block50,5,0,0
H1_a0.7,pair,6,0,0
H1_a0.7,block20,6,0,0
H1_a0.7,block50,6,0,0
H1_a0.7,pair,7,1,0
H1_a0.7,block20,7,1,0
H1_a0.7,block50,7,0,0
H1_a0.7,pair,8,1,0
H1_a0.7,block20,8,1,0
H1_a0.7,block50,8,1,0
H1_a0.7,pair,9,1,0
H1_a0.7,block20,9,0,0
H1_a0.7,block50,9,0,0
H1_a0.7,pair,10,1,0
H1_a0.7,block20,10,0,0
H1_a0.7,block50,10,0,0
H1_a0.7,pair,11,0,0
H1_a0.7,block20,11,0,0
H1_a0.7,block50,11,0,0
H1_a0.7,pair,12,1,0
H1_a0.7,block20,12,0,0
H1_a0.7,block50,12,0,0
H1_a0.7,pair,13,0,0
H1_a0.7,block20,13,0,0
H1_a0.7,block50,13,0,0
H1_a0.7,pair,14,0,0
H1_a0.7,block20,14,0,0
H1_a0.7,block50,14,0,0
H1_a0.7,pair,15,0,0
H1_a0.7,block20,15,0,0
H1_a0.7,block50,15,0,0
H1_a0.7,pair,16,1,1
H1_a0.7,block20,16,0,0
H1_a0.7,block50,16,0,0
H1_a0.7,pair,17,0,0
H1_a0.7,block20,17,0,0
H1_a0.7,block50,17,0,0
H1_a0.7,pair,18,0,0
H1_a0.7,block20,18,0,0
H1_a0.7,block50,18,0,0
H1_a0.7,pair,19,0,0
H1_a0.7,block20,19,0,0
H1_a0.7,block50,19,0,0
H1_a0.7,pair,20,0,0
H1_a0.7,block20,20,0,0
H1_a0.7,block50,20,0,0
H1_a0.7,pair,21,0,0
H1_a0.7,block20,21,0,0
H1_a0.7,block50,21,0,0
H1_a0.7,pair,22,1,0
H1_a0.7,block20,22,1,0
H1_a0.7,block50,22,0,0
H1_a0.7,pair,23,1,1
H1_a0.7,block20,23,1,1
H1_a0.7,block50,23,1,1
H1_a0.7,pair,24,0,0
H1_a0.7,block20,24,0,0
H1_a0.7,block50,24,0,0
H1_a0.7,pair,25,0,0
H1_a0.7,block20,25,0,0
H1_a0.7,block50,25,0,0
H1_a0.7,pair,26,1,0
H1_a0.7,block20,26,0,0
H1_a0.7,block50,26,0,0
H1_a0.7,pair,27,0,0
H1_a0.7,block20,27,0,0
H1_a0.7,block50,27,0,0
H1_a0.7,pair,28,0,0
H1_a0.7,block20,28,0,0
H1_a0.7,block50,28,0,0
H1_a0.7,pair,29,1,0
H1_a0.7,block20,29,0,0
H1_a0.7,block50,29,0,0
H1_a0.7,pair,30,0,0
H1_a0.7,block20,30,0,0
H1_a0.7,block50,30,0,0
H1_a0.7,pair,31,1,0
H1_a0.7,block20,31,0,0
H1_a0.7,block50,31,0,0
H1_a0.7,pair,32,0,0
H1_a0.7,block20,32,0,0
H1_a0.7,block50,32,0,0
H1_a0.7,pair,33,0,0
H1_a0.7,block20,33,0,0
H1_a0.7,block50,33,0,0
H1_a0.7,pair,34,0,0
H1_a0.7,block20,34,0,0
H1_a0.7,block50,34,0,0
H1_a0.7,pair,35,0,0
H1_a0.7,block20,35,0,0
H1_a0.7,block50,35,0,0
H1_a0.7,pair,36,1,0
H1_a0.7,block20,36,0,0
H1_a0.7,block50,36,0,0
H1_a0.7,pair,37,0,0
H1_a0.7,block20,37,0,0
H1_a0.7,block50,37,0,0
H1_a0.7,pair,38,1,0
H1_a0.7,block20,38,0,0
H1_a0.7,block50,38,0,0
H1_a0.7,pair,39,0,0
H1_a0.7,block20,39,0,0
H1_a0.7,block50,39,0,0
H1_a0.7,pair,40,0,0
H1_a0.7,block20,40,0,0
H1_a0.7,block50,40,0,0
H1_a0.7,pair,41,0,0
H1_a0.7,block20,41,0,0
H1_a0.7,block50,41,0,0
H1_a0.7,pair,42,0,0
H1_a0.7,block20,42,0,0
H1_a0.7,block50,42,0,0
H1_a0.7,pair,43,0,0
H1_a0.7,block20,43,0,0
H1_a0.7,block50,43,0,0
H1_a0.7,pair,44,0,0
H1_a0.7,block20,44,0,0
H1_a0.7,block50,44,0,0
H1_a0.7,pair,45,0,0
H1_a0.7,block20,45,0,0
H1_a0.7,block50,45,0,0
H1_a0.7,pair,46,0,0
H1_a0.7,block20,46,0,0
H1_a0.7,block50,46,0,0
H1_a0.7,pair,47,1,0
H1_a0.7,block20,47,0,0
H1_a0.7,block50,47,0,0
H1_a0.7,pair,48,0,0
H1_a0.7,block20,48,0,0
H1_a0.7,block50,48,0,0
H1_a0.7,pair,49,0,0
H1_a0.7,block20,49,0,0
H1_a0.7,block50,49,0,0
H1_a0.7,pair,50,0,0
H1_a0.7,block20,50,0,0
H1_a0.7,block50,50,0,0
H1_a0.7,pair,51,0,0
H1_a0.7,block20,51,0,0
H1_a0.7,block50,51,0,0
H1_a0.7,pair,52,0,0
H1_a0.7,block20,52,0,0
H1_a0.7,block50,52,0,0
H1_a0.7,pair,53,0,0
H1_a0.7,block20,53,0,0
H1_a0.7,block50,53,0,0
H1_a0.7,pair,54,0,0
H1_a0.7,block20,54,0,0
H1_a0.7,block50,54,0,0
H1_a0.7,pair,55,0,0
H1_a0.7,block20,55,0,0
H1_a0.7,block50,55,0,0
H1_a0.7,pair,56,0,0
H1_a0.7,block20,56,0,0
H1_a0.7,block50,56,0,0
H1_a0.7,pair,57,0,0
H1_a0.7,block20,57,0,0
H1_a0.7,block50,57,0,0
H1_a0.7,pair,58,0,0
H1_a0.7,block20,58,0,0
H1_a0.7,block50,58,0,0
H1_a0.7,pair,59,0,0
H1_a0.7,block20,59,0,0
H1_a0.7,block50,59,0,0
H1_a0.7,pair,60,0,0
H1_a0.7,block20,60,0,0
H1_a0.7,block50,60,0,0
H1_a0.7,pair,61,0,0
H1_a0.7,block20,61,0,0
H1_a0.7,block50,61,0,0
H1_a0.7,pair,62,0,0
H1_a0.7,block20,62,0,0
H1_a0.7,block50,62,0,0
H1_a0.7,pair,63,0,0
H1_a0.7,block20,63,0,0
H1_a0.7,block50,63,0,0
H1_a0.7,pair,64,0,0
H1_a0.7,block20,64,0,0
H1_a0.7,block50,64,0,0
H1_a0.7,pair,65,0,0
H1_a0.7,block20,65,0,0
H1_a0.7,block50,65,0,0
H1_a0.7,pair,66,0,0
H1_a0.7,block20,66,0,0
H1_a0.7,block50,66,0,0
H1_a0.7,pair,67,0,0
H1_a0.7,block20,67,0,0
H1_a0.7,block50,67,0,0
H1_a0.7,pair,68,0,0
H1_a0.7,block20,68,0,0
H1_a0.7,block50,68,0,0
H1_a0.7,pair,69,0,0
H1_a0.7,block20,69,0,0
H1_a0.7,block50,69,0,0
H1_a0.7,pair,70,0,0
H1_a0.7,block20,70,0,0
H1_a0.7,block50,70,0,0
H1_a0.7,pair,71,1,1
H1_a0.7,block20,71,0,0
H1_a0.7,block50,71,0,0
H1_a0.7,pair,72,1,0
H1_a0.7,block20,72,1,0
H1_a0.7,block50,72,1,0
H1_a0.7,pair,73,0,0
H1_a0.7,block20,73,0,0
H1_a0.7,block50,73,0,0
H1_a0.7,pair,74,1,0
H1_a0.7,block20,74,0,0
H1_a0.7,block50,74,0,0
H1_a0.7,pair,75,1,1
H1_a0.7,block20,75,0,0
H1_a0.7,block50,75,1,0
H1_a0.7,pair,76,1,0
H1_a0.7,block20,76,0,0
H1_a0.7,block50,76,0,0
H1_a0.7,pair,77,0,0
H1_a0.7,block20,77,0,0
H1_a0.7,block50,77,0,0
H1_a0.7,pair,78,0,0
H1_a0.7,block20,78,0,0
H1_a0.7,block50,78,0,0
H1_a0.7,pair,79,0,0
H1_a0.7,block20,79,0,0
H1_a0.7,block50,79,0,0
H1_a0.7,pair,80,0,0
H1_a0.7,block20,80,0,0
H1_a0.7,block50,80,0,0
H1_a0.7,pair,81,0,0
H1_a0.7,block20,81,0,0
H1_a0.7,block50,81,0,0
H1_a0.7,pair,82,0,0
H1_a0.7,block20,82,0,0
H1_a0.7,block50,82,0,0
H1_a0.7,pair,83,0,0
H1_a0.7,block20,83,0,0
H1_a0.7,block50,83,0,0
H1_a0.7,pair,84,1,1
H1_a0.7,block20,84,0,0
H1_a0.7,block50,84,0,0
H1_a0.7,pair,85,0,0
H1_a0.7,block20,85,0,0
H1_a0.7,block50,85,0,0
H1_a0.7,pair,86,1,1
H1_a0.7,block20,86,1,0
H1_a0.7,block50,86,0,0
H1_a0.7,pair,87,0,0
H1_a0.7,block20,87,0,0
H1_a0.7,block50,87,1,0
H1_a0.7,pair,88,0,0
H1_a0.7,block20,88,0,0
H1_a0.7,block50,88,0,0
H1_a0.7,pair,89,0,0
H1_a0.7,block20,89,0,0
H1_a0.7,block50,89,0,0
H1_a0.7,pair,90,0,0
H1_a0.7,block20,90,0,0
H1_a0.7,block50,90,0,0
H1_a0.7,pair,91,0,0
H1_a0.7,block20,91,0,0
H1_a0.7,block50,91,0,0
H1_a0.7,pair,92,0,0
H1_a0.7,block20,92,0,0
H1_a0.7,block50,92,0,0
H1_a0.7,pair,93,1,1
H1_a0.7,block20,93,0,0
H1_a0.7,block50,93,0,0
H1_a0.7,pair,94,0,0
H1_a0.7,block20,94,0,0
H1_a0.7,block50,94,1,1
H1_a0.7,pair,95,1,1
H1_a0.7,block20,95,0,0
H1_a0.7,block50,95,0,0
H1_a0.7,pair,96,1,0
H1_a0.7,block20,96,0,0
H1_a0.7,block50,96,0,0
H1_a0.7,pair,97,0,0
H1_a0.7,block20,97,0,0
H1_a0.7,block50,97,0,0
H1_a0.7,pair,98,0,0
H1_a0.7,block20,98,0,0
H1_a0.7,block50,98,0,0
H1_a0.7,pair,99,0,0
H1_a0.7,block20,99,0,0
H1_a0.7,block50,99,0,0
H1_a0.7,pair,100,1,0
H1_a0.7,block20,100,0,0
H1_a0.7,block50,100,0,0
H1_a0.7,pair,101,0,0
H1_a0.7,block20,101,0,0
H1_a0.7,block50,101,0,0
H1_a0.7,pair,102,0,0
H1_a0.7,block20,102,0,0
H1_a0.7,block50,102,0,0
H1_a0.7,pair,103,0,0
H1_a0.7,block20,103,0,0
H1_a0.7,block50,103,0,0
H1_a0.7,pair,104,0,0
H1_a0.7,block20,104,0,0
H1_a0.7,block50,104,0,0
H1_a0.7,pair,105,0,0
H1_a0.7,block20,105,0,0
H1_a0.7,block50,105,0,0
H1_a0.7,pair,106,1,1
H1_a0.7,block20,106,1,1
H1_a0.7,block50,106,1,1
H1_a0.7,pair,107,1,0
H1_a0.7,block20,107,0,0
H1_a0.7,block50,107,0,0
H1_a0.7,pair,108,0,0
H1_a0.7,block20,108,0,0
H1_a0.7,block50,108,0,0
H1_a0.7,pair,109,0,0
H1_a0.7,block20,109,0,0
H1_a0.7,block50,109,0,0
H1_a0.7,pair,110,0,0
H1_a0.7,block20,110,0,0
H1_a0.7,block50,110,0,0
H1_a0.7,pair,111,0,0
H1_a0.7,block20,111,0,0
H1_a0.7,block50,111,0,0
H1_a0.7,pair,112,0,0
H1_a0.7,block20,112,0,0
H1_a0.7,block50,112,0,0
H1_a0.7,pair,113,0,0
H1_a0.7,block20,113,0,0
H1_a0.7,block50,113,0,0
H1_a0.7,pair,114,1,0
H1_a0.7,block20,114,0,0
H1_a0.7,block50,114,0,0
H1_a0.7,pair,115,1,0
H1_a0.7,block20,115,0,0
H1_a0.7,block50,115,0,0
H1_a0.7,pair,116,0,0
H1_a0.7,block20,116,0,0
H1_a0.7,block50,116,0,0
H1_a0.7,pair,117,0,0
H1_a0.7,block20,117,0,0
H1_a0.7,block50,117,0,0
H1_a0.7,pair,118,1,0
H1_a0.7,block20,118,1,0
H1_a0.7,block50,118,1,0
H1_a0.7,pair,119,0,0
H1_a0.7,block20,119,0,0
H1_a0.7,block50,119,0,0
H1_a0.7,pair,120,1,0
H1_a0.7,block20,120,1,0
H1_a0.7,block50,120,0,0
H1_a0.7,pair,121,0,0
H1_a0.7,block20,121,0,0
H1_a0.7,block50,121,0,0
H1_a0.7,pair,122,0,0
H1_a0.7,block20,122,0,0
H1_a0.7,block50,122,0,0
H1_a0.7,pair,123,0,0
H1_a0.7,block20,123,0,0
H1_a0.7,block50,123,0,0
H1_a0.7,pair,124,0,0
H1_a0.7,block20,124,0,0
H1_a0.7,block50,124,0,0
H1_a0.7,pair,125,0,0
H1_a0.7,block20,125,0,0
H1_a0.7,block50,125,0,0
H1_a0.7,pair,126,1,0
H1_a0.7,block20,126,1,0
H1_a0.7,block50,126,1,0
H1_a0.7,pair,127,0,0
H1_a0.7,block20,127,0,0
H1_a0.7,block50,127,0,0
H1_a0.7,pair,128,0,0
H1_a0.7,block20,128,0,0
H1_a0.7,block50,128,0,0
H1_a0.7,pair,129,0,0
H1_a0.7,block20,129,0,0
H1_a0.7,block50,129,0,0
H1_a0.7,pair,130,0,0
H1_a0.7,block20,130,0,0
H1_a0.7,block50,130,0,0
H1_a0.7,pair,131,1,0
H1_a0.7,block20,131,1,1
H1_a0.7,block50,131,0,0
H1_a0.7,pair,132,0,0
H1_a0.7,block20,132,0,0
H1_a0.7,block50,132,0,0
H1_a0.7,pair,133,0,0
H1_a0.7,block20,133,0,0
H1_a0.7,block50,133,0,0
H1_a0.7,pair,134,0,0
H1_a0.7,block20,134,0,0
H1_a0.7,block50,134,0,0
H1_a0.7,pair,135,0,0
H1_a0.7,block20,135,0,0
H1_a0.7,block50,135,0,0
H1_a0.7,pair,136,0,0
H1_a0.7,block20,136,0,0
H1_a0.7,block50,136,0,0
H1_a0.7,pair,137,0,0
H1_a0.7,block20,137,0,0
H1_a0.7,block50,137,0,0
H1_a0.7,pair,138,1,0
H1_a0.7,block20,138,0,0
H1_a0.7,block50,138,0,0
H1_a0.7,pair,139,0,0
H1_a0.7,block20,139,0,0
H1_a0.7,block50,139,0,0
H1_a0.7,pair,140,0,0
H1_a0.7,block20,140,0,0
H1_a0.7,block50,140,0,0
H1_a0.7,pair,141,0,0
H1_a0.7,block20,141,0,0
H1_a0.7,block50,141,1,0
H1_a0.7,pair,142,1,0
H1_a0.7,block20,142,0,0
H1_a0.7,block50,142,0,0
H1_a0.7,pair,143,0,0
H1_a0.7,block20,143,0,0
H1_a0.7,block50,143,0,0
H1_a0.7,pair,144,1,1
H1_a0.7,block20,144,1,1
H1_a0.7,block50,144,1,1
H1_a0.7,pair,145,1,0
H1_a0.7,block20,145,0,0
H1_a0.7,block50,145,0,0
H1_a0.7,pair,146,0,0
H1_a0.7,block20,146,0,0
H1_a0.7,block50,146,0,0
H1_a0.7,pair,147,0,0
H1_a0.7,block20,147,0,0
H1_a0.7,block50,147,0,0
H1_a0.7,pair,148,0,0
H1_a0.7,block20,148,0,0
H1_a0.7,block50,148,0,0
H1_a0.7,pair,149,0,0
H1_a0.7,block20,149,0,0
H1_a0.7,block50,149,0,0
H1_a0.7,pair,150,0,0
H1_a0.7,block20,150,0,0
H1_a0.7,block50,150,0,0
H1_a0.7,pair,151,0,0
H1_a0.7,block20,151,0,0
H1_a0.7,block50,151,0,0
H1_a0.7,pair,152,0,0
H1_a0.7,block20,152,0,0
H1_a0.7,block50,152,0,0
H1_a0.7,pair,153,1,1
H1_a0.7,block20,153,0,0
H1_a0.7,block50,153,0,0
H1_a0.7,pair,154,0,0
H1_a0.7,block20,154,0,0
H1_a0.7,block50,154,0,0
H1_a0.7,pair,155,0,0
H1_a0.7,block20,155,0,0
H1_a0.7,block50,155,0,0
H1_a0.7,pair,156,0,0
H1_a0.7,block20,156,0,0
H1_a0.7,block50,156,0,0
H1_a0.7,pair,157,1,0
H1_a0.7,block20,157,0,0
H1_a0.7,block50,157,0,0
H1_a0.7,pair,158,0,0
H1_a0.7,block20,158,0,0
H1_a0.7,block50,158,0,0
H1_a0.7,pair,159,0,0
H1_a0.7,block20,159,0,0
H1_a0.7,block50,159,0,0
H1_a0.7,pair,160,1,0
H1_a0.7,block20,160,0,0
H1_a0.7,block50,160,0,0
H1_a0.7,pair,161,0,0
H1_a0.7,block20,161,0,0
H1_a0.7,block50,161,0,0
H1_a0.7,pair,162,0,0
H1_a0.7,block20,162,0,0
H1_a0.7,block50,162,0,0
H1_a0.7,pair,163,0,0
H1_a0.7,block20,163,0,0
H1_a0.7,block50,163,0,0
H1_a0.7,pair,164,0,0
H1_a0.7,block20,164,0,0
H1_a0.7,block50,164,0,0
H1_a0.7,pair,165,1,0
H1_a0.7,block20,165,1,0
H1_a0.7,block50,165,1,0
H1_a0.7,pair,166,0,0
H1_a0.7,block20,166,0,0
H1_a0.7,block50,166,0,0
H1_a0.7,pair,167,0,0
H1_a0.7,block20,167,0,0
H1_a0.7,block50,167,0,0
H1_a0.7,pair,168,0,0
H1_a0.7,block20,168,0,0
H1_a0.7,block50,168,0,0
H1_a0.7,pair,169,0,0
H1_a0.7,block20,169,0,0
H1_a0.7,block50,169,0,0
H1_a0.7,pair,170,0,0
H1_a0.7,block20,170,0,0
H1_a0.7,block50,170,0,0
H1_a0.7,pair,171,0,0
H1_a0.7,block20,171,0,0
H1_a0.7,block50,171,0,0
H1_a0.7,pair,172,0,0
H1_a0.7,block20,172,0,0
H1_a0.7,block50,172,0,0
H1_a0.7,pair,173,0,0
H1_a0.7,block20,173,0,0
H1_a0.7,block50,173,0,0
H1_a0.7,pair,174,0,0
H1_a0.7,block20,174,0,0
H1_a0.7,block50,174,0,0
H1_a0.7,pair,175,0,0
H1_a0.7,block20,175,0,0
H1_a0.7,block50,175,0,0
H1_a0.7,pair,176,0,0
H1_a0.7,block20,176,0,0
H1_a0.7,block50,176,0,0
H1_a0.7,pair,177,0,0
H1_a0.7,block20,177,0,0
H1_a0.7,block50,177,0,0
H1_a0.7,pair,178,1,0
H1_a0.7,block20,178,0,0
H1_a0.7,block50,178,0,0
H1_a0.7,pair,179,0,0
H1_a0.7,block20,179,0,0
H1_a0.7,block50,179,0,0
H1_a0.7,pair,180,0,0
H1_a0.7,block20,180,0,0
H1_a0.7,block50,180,0,0
H1_a0.7,pair,181,1,0
H1_a0.7,block20,181,0,0
H1_a0.7,block50,181,0,0
H1_a0.7,pair,182,0,0
H1_a0.7,block20,182,0,0
H1_a0.7,block50,182,0,0
H1_a0.7,pair,183,1,0
H1_a0.7,block20,183,0,0
H1_a0.7,block50,183,0,0
H1_a0.7,pair,184,1,0
H1_a0.7,block20,184,0,0
H1_a0.7,block50,184,0,0
H1_a0.7,pair,185,0,0
H1_a0.7,block20,185,0,0
H1_a0.7,block50,185,0,0
H1_a0.7,pair,186,0,0
H1_a0.7,block20,186,0,0
H1_a0.7,block50,186,1,1
H1_a0.7,pair,187,0,0
H1_a0.7,block20,187,0,0
H1_a0.7,block50,187,0,0
H1_a0.7,pair,188,0,0
H1_a0.7,block20,188,0,0
H1_a0.7,block50,188,0,0
H1_a0.7,pair,189,1,0
H1_a0.7,block20,189,0,0
H1_a0.7,block50,189,0,0
H1_a0.7,pair,190,1,1
H1_a0.7,block20,190,0,0
H1_a0.7,block50,190,0,0
H1_a0.7,pair,191,0,0
H1_a0.7,block20,191,0,0
H1_a0.7,block50,191,0,0
H1_a0.7,pair,192,0,0
H1_a0.7,block20,192,0,0
H1_a0.7,block50,192,0,0
H1_a0.7,pair,193,1,0
H1_a0.7,block20,193,1,0
H1_a0.7,block50,193,0,0
H1_a0.7,pair,194,0,0
H1_a0.7,block20,194,0,0
H1_a0.7,block50,194,0,0
H1_a0.7,pair,195,0,0
H1_a0.7,block20,195,0,0
H1_a0.7,block50,195,0,0
H1_a0.7,pair,196,1,0
H1_a0.7,block20,196,0,0
H1_a0.7,block50,196,0,0
H1_a0.7,pair,197,0,0
H1_a0.7,block20,197,0,0
H1_a0.7,block50,197,0,0
H1_a0.7,pair,198,1,1
H1_a0.7,block20,198,0,0
H1_a0.7,block50,198,0,0
H1_a0.7,pair,199,0,0
H1_a0.7,block20,199,0,0
H1_a0.7,block50,199,1,0
H1_a0.9,pair,0,1,0
H1_a0.9,block20,0,1,0
H1_a0.9,block50,0,1,0
H1_a0.9,pair,1,0,0
H1_a0.9,block20,1,0,0
H1_a0.9,block50,1,0,0
H1_a0.9,pair,2,1,0
H1_a0.9,block20,2,1,1
H1_a0.9,block50,2,1,1
H1_a0.9,pair,3,1,0
H1_a0.9,block20,3,1,0
H1_a0.9,block50,3,1,1
H1_a0.9,pair,4,0,0
H1_a0.9,block20,4,0,0
H1_a0.9,block50,4,0,0
H1_a0.9,pair,5,0,0
H1_a0.9,block20,5,0,0
H1_a0.9,block50,5,0,0
H1_a0.9,pair,6,1,0
H1_a0.9,block20,6,1,0
H1_a0.9,block50,6,1,0
H1_a0.9,pair,7,1,1
H1_a0.9,block20,7,1,1
H1_a0.9,block50,7,1,1
H1_a0.9,pair,8,0,0
H1_a0.9,block20,8,0,0
H1_a0.9,block50,8,0,0
H1_a0.9,pair,9,0,0
H1_a0.9,block20,9,0,0
H1_a0.9,block50,9,0,0
H1_a0.9,pair,10,0,0
H1_a0.9,block20,10,0,0
H1_a0.9,block50,10,0,0
H1_a0.9,pair,11,0,0
H1_a0.9,block20,11,0,0
H1_a0.9,block50,11,0,0
H1_a0.9,pair,12,0,0
H1_a0.9,block20,12,0,0
H1_a0.9,block50,12,0,0
H1_a0.9,pair,13,1,1
H1_a0.9,block20,13,0,0
H1_a0.9,block50,13,0,0
H1_a0.9,pair,14,0,0
H1_a0.9,block20,14,0,0
H1_a0.9,block50,14,0,0
H1_a0.9,pair,15,1,1
H1_a0.9,block20,15,1,1
H1_a0.9,block50,15,1,1
H1_a0.9,pair,16,1,0
H1_a0.9,block20,16,1,0
H1_a0.9,block50,16,1,0
H1_a0.9,pair,17,0,0
H1_a0.9,block20,17,0,0
H1_a0.9,block50,17,0,0
H1_a0.9,pair,18,1,0
H1_a0.9,block20,18,1,0
H1_a0.9,block50,18,1,0
H1_a0.9,pair,19,0,0
H1_a0.9,block20,19,0,0
H1_a0.9,block50,19,1,1
H1_a0.9,pair,20,1,1
H1_a0.9,block20,20,1,1
H1_a0.9,block50,20,1,1
H1_a0.9,pair,21,1,0
H1_a0.9,block20,21,0,0
H1_a0.9,block50,21,0,0
H1_a0.9,pair,22,1,0
H1_a0.9,block20,22,1,0
H1_a0.9,block50,22,0,0
H1_a0.9,pair,23,0,0
H1_a0.9,block20,23,0,0
H1_a0.9,block50,23,0,0
H1_a0.9,pair,24,1,0
H1_a0.9,block20,24,1,0
H1_a0.9,block50,24,0,0
H1_a0.9,pair,25,0,0
H1_a0.9,block20,25,0,0
H1_a0.9,block50,25,0,0
H1_a0.9,pair,26,1,0
H1_a0.9,block20,26,1,0
H1_a0.9,block50,26,1,0
H1_a0.9,pair,27,0,0
H1_a0.9,block20,27,0,0
H1_a0.9,block50,27,0,0
H1_a0.9,pair,28,1,1
H1_a0.9,block20,28,1,1
H1_a0.9,block50,28,0,0
H1_a0.9,pair,29,0,0
H1_a0.9,block20,29,0,0
H1_a0.9,block50,29,0,0
H1_a0.9,pair,30,1,0
H1_a0.9,block20,30,0,0
H1_a0.9,block50,30,0,0
H1_a0.9,pair,31,0,0
H1_a0.9,block20,31,0,0
H1_a0.9,block50,31,0,0
H1_a0.9,pair,32,1,1
H1_a0.9,block20,32,0,0
H1_a0.9,block50,32,0,0
H1_a0.9,pair,33,0,0
H1_a0.9,block20,33,0,0
H1_a0.9,block50,33,0,0
H1_a0.9,pair,34,0,0
H1_a0.9,block20,34,0,0
H1_a0.9,block50,34,0,0
H1_a0.9,pair,35,0,0
H1_a0.9,block20,35,0,0
H1_a0.9,block50,35,0,0
H1_a0.9,pair,36,0,0
H1_a0.9,block20,36,0,0
H1_a0.9,block50,36,0,0
H1_a0.9,pair,37,0,0
H1_a0.9,block20,37,0,0
H1_a0.9,block50,37,0,0
H1_a0.9,pair,38,1,0
H1_a0.9,block20,38,0,0
H1_a0.9,block50,38,0,0
H1_a0.9,pair,39,0,0
H1_a0.9,block20,39,0,0
H1_a0.9,block50,39,0,0
H1_a0.9,pair,40,0,0
H1_a0.9,block20,40,0,0
H1_a0.9,block50,40,0,0
H1_a0.9,pair,41,1,0
H1_a0.9,block20,41,0,0
H1_a0.9,block50,41,0,0
H1_a0.9,pair,42,0,0
H1_a0.9,block20,42,0,0
H1_a0.9,block50,42,0,0
H1_a0.9,pair,43,0,0
H1_a0.9,block20,43,0,0
H1_a0.9,block50,43,0,0
H1_a0.9,pair,44,1,1
H1_a0.9,block20,44,0,0
H1_a0.9,block50,44,0,0
H1_a0.9,pair,45,0,0
H1_a0.9,block20,45,0,0
H1_a0.9,block50,45,0,0
H1_a0.9,pair,46,1,0
H1_a0.9,block20,46,0,0
H1_a0.9,block50,46,0,0
H1_a0.9,pair,47,1,1
H1_a0.9,block20,47,1,1
H1_a0.9,block50,47,0,0
H1_a0.9,pair,48,1,1
H1_a0.9,block20,48,0,0
H1_a0.9,block50,48,0,0
H1_a0.9,pair,49,1,0
H1_a0.9,block20,49,0,0
H1_a0.9,block50,49,1,0
H1_a0.9,pair,50,1,0
H1_a0.9,block20,50,0,0
H1_a0.9,block50,50,0,0
H1_a0.9,pair,51,0,0
H1_a0.9,block20,51,0,0
H1_a0.9,block50,51,0,0
H1_a0.9,pair,52,0,0
H1_a0.9,block20,52,0,0
H1_a0.9,block50,52,0,0
H1_a0.9,pair,53,1,0
H1_a0.9,block20,53,1,0
H1_a0.9,block50,53,1,0
H1_a0.9,pair,54,0,0
H1_a0.9,block20,54,0,0
H1_a0.9,block50,54,0,0
H1_a0.9,pair,55,0,0
H1_a0.9,block20,55,0,0
H1_a0.9,block50,55,0,0
H1_a0.9,pair,56,1,0
H1_a0.9,block20,56,0,0
H1_a0.9,block50,56,0,0
H1_a0.9,pair,57,1,0
H1_a0.9,block20,57,0,0
H1_a0.9,block50,57,1,0
H1_a0.9,pair,58,0,0
H1_a0.9,block20,58,0,0
H1_a0.9,block50,58,0,0
H1_a0.9,pair,59,0,0
H1_a0.9,block20,59,0,0
H1_a0.9,block50,59,0,0
H1_a0.9,pair,60,0,0
H1_a0.9,block20,60,0,0
H1_a0.9,block50,60,0,0
H1_a0.9,pair,61,0,0
H1_a0.9,block20,61,0,0
H1_a0.9,block50,61,0,0
H1_a0.9,pair,62,1,1
H1_a0.9,block20,62,0,0
H1_a0.9,block50,62,0,0
H1_a0.9,pair,63,1,1
H1_a0.9,block20,63,0,0
H1_a0.9,block50,63,1,1
H1_a0.9,pair,64,0,0
H1_a0.9,block20,64,1,0
H1_a0.9,block50,64,1,0
H1_a0.9,pair,65,0,0
H1_a0.9,block20,65,0,0
H1_a0.9,block50,65,0,0
H1_a0.9,pair,66,1,0
H1_a0.9,block20,66,0,0
H1_a0.9,block50,66,0,0
H1_a0.9,pair,67,0,0
H1_a0.9,block20,67,0,0
H1_a0.9,block50,67,0,0
H1_a0.9,pair,68,1,0
H1_a0.9,block20,68,1,0
H1_a0.9,block50,68,0,0
H1_a0.9,pair,69,1,1
H1_a0.9,block20,69,1,1
H1_a0.9,block50,69,0,0
H1_a0.9,pair,70,0,0
H1_a0.9,block20,70,0,0
H1_a0.9,block50,70,0,0
H1_a0.9,pair,71,0,0
H1_a0.9,block20,71,0,0
H1_a0.9,block50,71,0,0
H1_a0.9,pair,72,1,1
H1_a0.9,block20,72,0,0
H1_a0.9,block50,72,1,1
H1_a0.9,pair,73,1,1
H1_a0.9,block20,73,0,0
H1_a0.9,block50,73,1,1
H1_a0.9,pair,74,0,0
H1_a0.9,block20,74,0,0
H1_a0.9,block50,74,0,0
H1_a0.9,pair,75,0,0
H1_a0.9,block20,75,0,0
H1_a0.9,block50,75,0,0
H1_a0.9,pair,76,1,0
H1_a0.9,block20,76,0,0
H1_a0.9,block50,76,0,0
H1_a0.9,pair,77,0,0
H1_a0.9,block20,77,0,0
H1_a0.9,block50,77,0,0
H1_a0.9,pair,78,0,0
H1_a0.9,block20,78,0,0
H1_a0.9,block50,78,0,0
H1_a0.9,pair,79,0,0
H1_a0.9,block20,79,0,0
H1_a0.9,block50,79,0,0
H1_a0.9,pair,80,0,0
H1_a0.9,block20,80,0,0
H1_a0.9,block50,80,0,0
H1_a0.9,pair,81,0,0
H1_a0.9,block20,81,0,0
H1_a0.9,block50,81,0,0
H1_a0.9,pair,82,1,1
H1_a0.9,block20,82,1,1
H1_a0.9,block50,82,0,0
H1_a0.9,pair,83,0,0
H1_a0.9,block20,83,0,0
H1_a0.9,block50,83,0,0
H1_a0.9,pair,84,0,0
H1_a0.9,block20,84,0,0
H1_a0.9,block50,84,0,0
H1_a0.9,pair,85,0,0
H1_a0.9,block20,85,0,0
H1_a0.9,block50,85,0,0
H1_a0.9,pair,86,1,0
H1_a0.9,block20,86,1,0
H1_a0.9,block50,86,0,0
H1_a0.9,pair,87,0,0
H1_a0.9,block20,87,0,0
H1_a0.9,block50,87,0,0
H1_a0.9,pair,88,0,0
H1_a0.9,block20,88,0,0
H1_a0.9,block50,88,0,0
H1_a0.9,pair,89,1,1
H1_a0.9,block20,89,0,0
H1_a0.9,block50,89,0,0
H1_a0.9,pair,90,1,0
H1_a0.9,block20,90,0,0
H1_a0.9,block50,90,0,0
H1_a0.9,pair,91,1,1
H1_a0.9,block20,91,0,0
H1_a0.9,block50,91,1,1
H1_a0.9,pair,92,1,0
H1_a0.9,block20,92,0,0
H1_a0.9,block50,92,0,0
H1_a0.9,pair,93,0,0
H1_a0.9,block20,93,0,0
H1_a0.9,block50,93,0,0
H1_a0.9,pair,94,1,0
H1_a0.9,block20,94,1,1
H1_a0.9,block50,94,0,0
H1_a0.9,pair,95,0,0
H1_a0.9,block20,95,0,0
H1_a0.9,block50,95,0,0
H1_a0.9,pair,96,0,0
H1_a0.9,block20,96,0,0
H1_a0.9,block50,96,0,0
H1_a0.9,pair,97,0,0
H1_a0.9,block20,97,0,0
H1_a0.9,block50,97,0,0
H1_a0.9,pair,98,1,0
H1_a0.9,block20,98,1,0
H1_a0.9,block50,98,1,0
H1_a0.9,pair,99,0,0
H1_a0.9,block20,99,0,0
H1_a0.9,block50,99,0,0
H1_a0.9,pair,100,1,0
H1_a0.9,block20,100,1,0
H1_a0.9,block50,100,1,0
H1_a0.9,pair,101,0,0
H1_a0.9,block20,101,0,0
H1_a0.9,block50,101,0,0
H1_a0.9,pair,102,1,0
H1_a0.9,block20,102,0,0
H1_a0.9,block50,102,0,0
H1_a0.9,pair,103,1,1
H1_a0.9,block20,103,1,1
H1_a0.9,block50,103,1,1
H1_a0.9,pair,104,0,0
H1_a0.9,block20,104,0,0
H1_a0.9,block50,104,0,0
H1_a0.9,pair,105,1,0
H1_a0.9,block20,105,0,0
H1_a0.9,block50,105,0,0
H1_a0.9,pair,106,1,1
H1_a0.9,block20,106,0,0
H1_a0.9,block50,106,0,0
H1_a0.9,pair,107,1,1
H1_a0.9,block20,107,1,1
H1_a0.9,block50,107,0,0
H1_a0.9,pair,108,0,0
H1_a0.9,block20,108,0,0
H1_a0.9,block50,108,0,0
H1_a0.9,pair,109,0,0
H1_a0.9,block20,109,0,0
H1_a0.9,block50,109,0,0
H1_a0.9,pair,110,1,1
H1_a0.9,block20,110,0,0
H1_a0.9,block50,110,1,1
H1_a0.9,pair,111,1,0
H1_a0.9,block20,111,0,0
H1_a0.9,block50,111,0,0
H1_a0.9,pair,112,0,0
H1_a0.9,block20,112,0,0
H1_a0.9,block50,112,0,0
H1_a0.9,pair,113,0,0
H1_a0.9,block20,113,0,0
H1_a0.9,block50,113,0,0
H1_a0.9,pair,114,0,0
H1_a0.9,block20,114,0,0
H1_a0.9,block50,114,0,0
H1_a0.9,pair,115,1,1
H1_a0.9,block20,115,1,1
H1_a0.9,block50,115,0,0
H1_a0.9,pair,116,0,0
H1_a0.9,block20,116,0,0
H1_a0.9,block50,116,0,0
H1_a0.9,pair,117,1,1
H1_a0.9,block20,117,0,0
H1_a0.9,block50,117,0,0
H1_a0.9,pair,118,0,0
H1_a0.9,block20,118,0,0
H1_a0.9,block50,118,0,0
H1_a0.9,pair,119,0,0
H1_a0.9,block20,119,0,0
H1_a0.9,block50,119,0,0
H1_a0.9,pair,120,0,0
H1_a0.9,block20,120,0,0
H1_a0.9,block50,120,0,0
H1_a0.9,pair,121,0,0
H1_a0.9,block20,121,0,0
H1_a0.9,block50,121,0,0
H1_a0.9,pair,122,0,0
H1_a0.9,block20,122,0,0
H1_a0.9,block50,122,0,0
H1_a0.9,pair,123,1,0
H1_a0.9,block20,123,1,0
H1_a0.9,block50,123,0,0
H1_a0.9,pair,124,0,0
H1_a0.9,block20,124,0,0
H1_a0.9,block50,124,0,0
H1_a0.9,pair,125,1,1
H1_a0.9,block20,125,0,0
H1_a0.9,block50,125,1,1
H1_a0.9,pair,126,0,0
H1_a0.9,block20,126,0,0
H1_a0.9,block50,126,0,0
H1_a0.9,pair,127,0,0
H1_a0.9,block20,127,0,0
H1_a0.9,block50,127,0,0
H1_a0.9,pair,128,0,0
H1_a0.9,block20,128,0,0
H1_a0.9,block50,128,0,0
H1_a0.9,pair,129,0,0
H1_a0.9,block20,129,0,0
H1_a0.9,block50,129,0,0
H1_a0.9,pair,130,0,0
H1_a0.9,block20,130,0,0
H1_a0.9,block50,130,0,0
H1_a0.9,pair,131,0,0
H1_a0.9,block20,131,0,0
H1_a0.9,block50,131,0,0
H1_a0.9,pair,132,1,1
H1_a0.9,block20,132,0,0
H1_a0.9,block50,132,0,0
H1_a0.9,pair,133,1,1
H1_a0.9,block20,133,1,1
H1_a0.9,block50,133,1,1
H1_a0.9,pair,134,1,0
H1_a0.9,block20,134,0,0
H1_a0.9,block50,134,0,0
H1_a0.9,pair,135,1,0
H1_a0.9,block20,135,1,1
H1_a0.9,block50,135,1,1
H1_a0.9,pair,136,1,1
H1_a0.9,block20,136,1,1
H1_a0.9,block50,136,0,0
H1_a0.9,pair,137,1,1
H1_a0.9,block20,137,0,0
H1_a0.9,block50,137,0,0
H1_a0.9,pair,138,1,1
H1_a0.9,block20,138,0,0
H1_a0.9,block50,138,0,0
H1_a0.9,pair,139,0,0
H1_a0.9,block20,139,0,0
H1_a0.9,block50,139,0,0
H1_a0.9,pair,140,0,0
H1_a0.9,block20,140,0,0
H1_a0.9,block50,140,0,0
H1_a0.9,pair,141,1,0
H1_a0.9,block20,141,0,0
H1_a0.9,block50,141,0,0
H1_a0.9,pair,142,1,0
H1_a0.9,block20,142,1,0
H1_a0.9,block50,142,1,0
H1_a0.9,pair,143,1,1
H1_a0.9,block20,143,1,1
H1_a0.9,block50,143,1,1
H1_a0.9,pair,144,1,0
H1_a0.9,block20,144,0,0
H1_a0.9,block50,144,0,0
H1_a0.9,pair,145,0,0
H1_a0.9,block20,145,0,0
H1_a0.9,block50,145,0,0
H1_a0.9,pair,146,0,0
H1_a0.9,block20,146,0,0
H1_a0.9,block50,146,0,0
H1_a0.9,pair,147,1,0
H1_a0.9,block20,147,0,0
H1_a0.9,block50,147,0,0
H1_a0.9,pair,148,1,0
H1_a0.9,block20,148,0,0
H1_a0.9,block50,148,1,1
H1_a0.9,pair,149,1,0
H1_a0.9,block20,149,0,0
H1_a0.9,block50,149,0,0
H1_a0.9,pair,150,1,1
H1_a0.9,block20,150,1,1
H1_a0.9,block50,150,1,1
H1_a0.9,pair,151,0,0
H1_a0.9,block20,151,0,0
H1_a0.9,block50,151,0,0
H1_a0.9,pair,152,1,0
H1_a0.9,block20,152,0,0
H1_a0.9,block50,152,0,0
H1_a0.9,pair,153,1,0
H1_a0.9,block20,153,1,0
H1_a0.9,block50,153,1,0
H1_a0.9,pair,154,0,0
H1_a0.9,block20,154,0,0
H1_a0.9,block50,154,0,0
H1_a0.9,pair,155,0,0
H1_a0.9,block20,155,0,0
H1_a0.9,block50,155,0,0
H1_a0.9,pair,156,1,0
H1_a0.9,block20,156,1,0
H1_a0.9,block50,156,1,0
H1_a0.9,pair,157,1,0
H1_a0.9,block20,157,0,0
H1_a0.9,block50,157,0,0
H1_a0.9,pair,158,0,0
H1_a0.9,block20,158,0,0
H1_a0.9,block50,158,0,0
H1_a0.9,pair,159,0,0
H1_a0.9,block20,159,0,0
H1_a0.9,block50,159,0,0
H1_a0.9,pair,160,0,0
H1_a0.9,block20,160,0,0
H1_a0.9,block50,160,0,0
H1_a0.9,pair,161,0,0
H1_a0.9,block20,161,0,0
H1_a0.9,block50,161,0,0
H1_a0.9,pair,162,0,0
H1_a0.9,block20,162,0,0
H1_a0.9,block50,162,0,0
H1_a0.9,pair,163,1,0
H1_a0.9,block20,163,1,1
H1_a0.9,block50,163,0,0
H1_a0.9,pair,164,0,0
H1_a0.9,block20,164,0,0
H1_a0.9,block50,164,0,0
H1_a0.9,pair,165,1,0
H1_a0.9,block20,165,1,0
H1_a0.9,block50,165,1,0
H1_a0.9,pair,166,0,0
H1_a0.9,block20,166,0,0
H1_a0.9,block50,166,0,0
H1_a0.9,pair,167,1,0
H1_a0.9,block20,167,1,0
H1_a0.9,block50,167,1,1
H1_a0.9,pair,168,0,0
H1_a0.9,block20,168,0,0
H1_a0.9,block50,168,0,0
H1_a0.9,pair,169,0,0
H1_a0.9,block20,169,0,0
H1_a0.9,block50,169,0,0
H1_a0.9,pair,170,1,0
H1_a0.9,block20,170,0,0
H1_a0.9,block50,170,0,0
H1_a0.9,pair,171,0,0
H1_a0.9,block20,171,0,0
H1_a0.9,block50,171,0,0
H1_a0.9,pair,172,0,0
H1_a0.9,block20,172,0,0
H1_a0.9,block50,172,0,0
H1_a0.9,pair,173,1,0
H1_a0.9,block20,173,0,0
H1_a0.9,block50,173,0,0
H1_a0.9,pair,174,0,0
H1_a0.9,block20,174,0,0
H1_a0.9,block50,174,0,0
H1_a0.9,pair,175,0,0
H1_a0.9,block20,175,0,0
H1_a0.9,block50,175,0,0
H1_a0.9,pair,176,0,0
H1_a0.9,block20,176,0,0
H1_a0.9,block50,176,0,0
H1_a0.9,pair,177,0,0
H1_a0.9,block20,177,0,0
H1_a0.9,block50,177,0,0
H1_a0.9,pair,178,0,0
H1_a0.9,block20,178,0,0
H1_a0.9,block50,178,0,0
H1_a0.9,pair,179,1,0
H1_a0.9,block20,179,1,0
H1_a0.9,block50,179,1,1
H1_a0.9,pair,180,1,1
H1_a0.9,block20,180,1,1
H1_a0.9,block50,180,1,0
H1_a0.9,pair,181,0,0
H1_a0.9,block20,181,0,0
H1_a0.9,block50,181,0,0
H1_a0.9,pair,182,0,0
H1_a0.9,block20,182,0,0
H1_a0.9,block50,182,0,0
H1_a0.9,pair,183,0,0
H1_a0.9,block20,183,0,0
H1_a0.9,block50,183,0,0
H1_a0.9,pair,184,1,1
H1_a0.9,block20,184,0,0
H1_a0.9,block50,184,0,0
H1_a0.9,pair,185,0,0
H1_a0.9,block20,185,0,0
H1_a0.9,block50,185,0,0
H1_a0.9,pair,186,1,1
H1_a0.9,block20,186,1,1
H1_a0.9,block50,186,0,0
H1_a0.9,pair,187,0,0
H1_a0.9,block20,187,0,0
H1_a0.9,block50,187,0,0
H1_a0.9,pair,188,1,0
H1_a0.9,block20,188,0,0
H1_a0.9,block50,188,0,0
H1_a0.9,pair,189,0,0
H1_a0.9,block20,189,0,0
H1_a0.9,block50,189,0,0
H1_a0.9,pair,190,1,1
H1_a0.9,block20,190,0,0
H1_a0.9,block50,190,0,0
H1_a0.9,pair,191,0,0
H1_a0.9,block20,191,0,0
H1_a0.9,block50,191,0,0
H1_a0.9,pair,192,0,0
H1_a0.9,block20,192,0,0
H1_a0.9,block50,192,0,0
H1_a0.9,pair,193,1,1
H1_a0.9,block20,193,1,1
H1_a0.9,block50,193,1,0
H1_a0.9,pair,194,1,0
H1_a0.9,block20,194,1,1
H1_a0.9,block50,194,1,1
H1_a0.9,pair,195,0,0
H1_a0.9,block20,195,0,0
H1_a0.9,block50,195,0,0
H1_a0.9,pair,196,0,0
H1_a0.9,block20,196,0,0
H1_a0.9,block50,196,0,0
H1_a0.9,pair,197,1,0
H1_a0.9,block20,197,0,0
H1_a0.9,block50,197,0,0
H1_a0.9,pair,198,1,1
H1_a0.9,block20,198,0,0
H1_a0.9,block50,198,0,0
H1_a0.9,pair,199,0,0
H1_a0.9,block20,199,0,0
H1_a0.9,block50,199,0,0
